Date;Test;Material;Nº holes / Nº filaments;Diameter (mm);L/D;Filter (um);Sand quantity (cm);Support;Vpump (rpm);Vext (rpm);TE1 (°C);TE2 (°C);TE3 (°C);TE4 (°C);TD(°C);PD(bar);PE(bar);VTO (m/min);VG1(m/min);VG2(m/min);VG3(m/min);VG4(m/min);Vwinder (m/min);Winder tension (N);Tg1(°C);Tg2(°C);Tg3(°C);Quench (%);Spin. F (rmp);Height (m);Count (dtex);Tenacity (g/den);Elongation (%);Sand size min (um);Sand size max (um)
02/03/2021;P21-30;COPET GP001-EASTMAN;36.0;0.4;4.0;60.0;;4.0;10.0;23.9;280.0;285.0;285.0;290.0;295.0;95.2;69.1;968.0;1005.0;1701.0;1751;1780;1845.0;;85.0;110.0;110.0;20.0;24.0;1.4;155;0.54;44.94;;
03/03/2021;P21-35;COPET GP001-EASTMAN;48.0;0.4;4.0;60.0;2.0;2.0;10.7;30.2;280.0;280.0;280.0;285.0;285.0;79.1;75.0;949.0;999.0;1751.0;1810;1834;1895.0;14.0;85.0;100.0;80.0;30.0;24.0;1.5;170;1.64;64.69;850.0;500.0
03/03/2021;P21-36;COPET GP001-EASTMAN;48.0;0.4;4.0;60.0;2.0;2.0;10.7;30.7;280.0;280.0;280.0;285.0;285.0;79.1;75.0;949.0;999.0;1909.0;1961;1991;2060.0;14.0;85.0;100.0;90.0;30.0;24.0;1.5;160;1.67;73.79;850.0;500.0
03/03/2021;P21-37;COPET GP001-EASTMAN;48.0;0.4;4.0;60.0;2.0;2.0;10.7;30.7;280.0;280.0;280.0;285.0;285.0;79.1;75.0;949.0;999.0;1989.0;2132;2167;2230.0;14.0;85.0;100.0;90.0;30.0;24.0;1.5;140;1.99;44.83;850.0;500.0
10/03/2021;P21-38;PLA 6100D NATUREWORKS;36.0;0.3;2.0;60.0;;;15.0;50.0;225.0;215.0;220.0;230.0;235.0;8.0;75.0;2600.0;2700.0;2820.0;2975;2960;3055.0;21.0;;;;20.0;20.0;1.3;135;2.08;55.33;;
10/03/2021;P21-39;PLA 6100D NATUREWORKS;36.0;0.3;2.0;60.0;;;15.0;43.0;225.0;215.0;220.0;230.0;235.0;35.0;75.0;2600.0;2700.0;2820.0;2975;2960;3050.0;21.0;;;;20.0;20.0;1.3;135;2.3;50.3;;
30/03/2021;P21-40;PET + 3% Antivirico SUKANO;72.0;0.3;2.0;34.0;3.0;2.0;20.0;64.0;275.0;280.0;285.0;285.0;290.0;91.1;75.0;2695.0;2765.0;2765.0;2695;2695;2780.0;18.0;;;;24.0;20.0;1.5;218;2.28;92.61;500.0;355.0
30/03/2021;P21-41;PET + 3% Antivirico SUKANO;72.0;0.3;2.0;34.0;3.0;2.0;18.0;58.4;275.0;280.0;285.0;285.0;290.0;87.8;75.0;2695.0;2765.0;2765.0;2695;2695;2780.0;16.0;;;;24.0;20.0;1.5;200;2.37;97.11;500.0;355.0
01/04/2021;P21-42;PET + 3% Antivirico SUKANO;72.0;0.3;2.0;60.0;3.0;2.0;20.0;58.94;270.0;280.0;284.0;285.0;285.0;91.3;76.8;2695.0;2765.0;2765.0;2695;2695;2790.0;16.0;;;;20.0;24.0;1.4;215;2.37;101.72;500.0;355.0
01/04/2021;P21-43;PET + 3% Antivirico SUKANO;72.0;0.3;2.0;60.0;3.0;2.0;16.0;56.0;270.0;280.0;284.0;285.0;285.0;87.8;72.0;2695.0;2765.0;2765.0;2695;2695;2790.0;16.0;;;;20.0;24.0;1.4;170;2.47;96.89;500.0;355.0
01/04/2021;P21-44;PET + 3% Antivirico SUKANO;72.0;0.3;2.0;60.0;3.0;2.0;16.0;80.0;250.0;260.0;265.0;270.0;270.0;25.0;60.0;2695.0;2765.0;2765.0;2695;2695;2790.0;16.0;;;;20.0;24.0;1.4;170;2.06;123.89;500.0;355.0
14/05/2021;P21-53;PET + 1% Bactiblock 101 R4.47;72.0;0.3;2.0;178.0;2.0;2.0;20.0;65.0;280.0;285.0;285.0;290.0;290.0;81.3;75.0;2499.0;2599.0;2649.0;2651;2651;2740.0;;;;;30.0;24.0;1.35;220;1.7;120.0;500.0;355.0
14/05/2021;P21-54;PET + 1% Bactiblock 101 R4.47;72.0;0.3;2.0;178.0;2.0;2.0;20.0;80.1;270.0;276.0;278.0;280.0;280.0;40.9;51.2;2201.0;2361.0;2379.0;2289;2299;2370.0;;;;;30.0;26.0;1.35;250;1.38;204.0;500.0;355.0
24/05/2021;P21-55;PP HS61R;12.0;0.5;4.0;;;2.0;20.0;44.0;195.0;195.0;200.0;200.0;200.0;0.0;75.0;1252.0;1549.0;1900.0;1991;1971;2000.0;25.0;;;;60.0;22.0;2.25;210;2.33;226.67;;
24/05/2021;P21-56;PP HS61R;12.0;0.5;4.0;;;2.0;27.0;44.0;195.0;195.0;200.0;200.0;200.0;0.0;75.0;1252.0;1549.0;1900.0;1991;1971;2000.0;25.0;;;;60.0;22.0;2.25;290;1.68;223.5;;
24/05/2021;P21-57;PP HS61R;12.0;0.5;4.0;;;2.0;27.0;44.0;195.0;195.0;200.0;200.0;200.0;0.0;75.0;1252.0;1951.0;2450.0;2651;2558;2595.0;25.0;;;;60.0;22.0;2.25;220;2.22;96.17;;
24/05/2021;P21-58;PP HS61R;12.0;0.5;4.0;;;2.0;30.0;44.0;195.0;195.0;200.0;200.0;200.0;0.0;75.0;1252.0;1951.0;2450.0;2651;2558;2595.0;25.0;;;;60.0;22.0;2.25;240;1.83;62.83;;
24/05/2021;P21-59;PP HS61R;12.0;0.5;4.0;;;2.0;33.0;44.0;195.0;195.0;200.0;200.0;200.0;3.6;75.0;1252.0;1951.0;2450.0;2651;2558;2595.0;25.0;;;;60.0;22.0;2.25;270;2.4;89.58;;
24/05/2021;P21-60;PP HS61R;12.0;0.5;4.0;;;2.0;33.0;58.5;195.0;195.0;200.0;200.0;200.0;3.1;75.0;1252.0;2099.0;2349.0;2651;2558;2595.0;25.0;;;;80.0;24.0;2.25;270;2.02;98.25;;
01/06/2021;P21-61;PP HS61R;12.0;0.5;4.0;178.0;2.0;2.0;33.0;60.0;205.0;205.0;210.0;215.0;215.0;53.0;75.0;1252.0;2099.0;2349.0;2661;2558;2595.0;;;;;90.0;24.0;2.25;270;1.54;90.33;800.0;500.0
01/06/2021;P21-62;PP HS61R;12.0;0.5;4.0;178.0;2.0;2.0;33.0;60.0;190.0;200.0;210.0;210.0;210.0;34.0;75.0;1399.0;2489.0;2501.0;2661;2558;2595.0;;;;;100.0;22.0;2.25;240;1.41;108.6;800.0;500.0
10/06/2021;P21-63;PP 561R;72.0;0.35;4.0;178.0;;;35.0;63.0;190.0;200.0;210.0;210.0;210.0;16.0;75.0;1800.0;2489.0;2501.0;2661;2558;2595.0;;;;;60.0;22.0;1.5;290;2.36;166.5;;
10/06/2021;P21-64;PP 561R;72.0;0.35;4.0;178.0;;;50.0;83.0;190.0;200.0;210.0;210.0;210.0;3.0;75.0;1599.0;2501.0;2551.0;2700;2602;2640.0;;60.0;;;80.0;22.0;2.25;410;2.74;165.27;;
15/06/2021;P21-65;PP H561R;36.0;0.35;4.0;178.0;;;25.0;50.0;190.0;200.0;210.0;210.0;210.0;0.0;75.0;1852.0;2099.0;2349.0;2680;2548;2580.0;;;;;70.0;22.0;2.25;210;3.18;126.33;;
15/06/2021;P21-66;PP H561R;36.0;0.35;4.0;178.0;;;29.0;58.0;190.0;200.0;210.0;210.0;210.0;0.0;75.0;1852.0;2099.0;2349.0;2680;2548;2580.0;;;;;70.0;22.0;2.25;240;3.05;122.75;;
22/06/2021;P21-68;PP H561R;12.0;0.5;4.0;60.0;;2.0;29.0;62.0;205.0;220.0;225.0;230.0;235.0;18.9;70.0;1252.0;2099.0;2349.0;2661;2558;2590.0;16.0;;;;95.0;24.0;2.25;245;1.91;96.81;800.0;300.0
22/06/2021;P21-69;PP H561R;12.0;0.5;4.0;60.0;;2.0;29.0;65.0;210.0;220.0;225.0;225.0;220.0;18.0;70.0;1252.0;2099.0;2349.0;2661;2558;2590.0;20.0;;;;95.0;24.0;2.25;225;2.04;102.67;800.0;300.0
22/06/2021;P21-70;PP H561R;12.0;0.5;4.0;60.0;;2.0;30.0;65.0;210.0;220.0;225.0;225.0;220.0;17.4;70.0;1252.0;2099.0;2349.0;2661;2558;2590.0;20.0;;;;95.0;24.0;2.25;230;1.84;86.44;800.0;300.0
22/06/2021;P21-71;PP H561R;12.0;0.5;4.0;60.0;;2.0;31.0;66.0;210.0;220.0;225.0;225.0;220.0;27.5;70.0;1252.0;2099.0;2349.0;2661;2558;2590.0;24.0;;;;95.0;24.0;2.25;240;1.99;117.28;800.0;300.0
23/06/2021;P21-73;rPET + CO2 Pure;72.0;0.3;2.0;60.0;;;18.6;59.0;275.0;280.0;285.0;285.0;285.0;25.6;70.0;1500.0;1650.0;2550.0;2563;2617;2700.0;20.0;90.0;105.0;125.0;30.0;22.0;1.35;205;2.9;62.93;;
23/06/2021;P21-74;rPET + CO2 Pure;72.0;0.3;2.0;60.0;;;20.0;60.0;275.0;280.0;285.0;285.0;285.0;29.0;70.0;1500.0;1650.0;2550.0;2563;2617;2700.0;20.0;90.0;105.0;125.0;30.0;22.0;1.35;220;2.9;62.93;;
23/06/2021;P21-75;rPET + CO2 Pure;72.0;0.3;2.0;60.0;;;22.0;60.0;275.0;280.0;285.0;285.0;285.0;37.9;70.0;1500.0;1650.0;2700.0;2700;2725;2810.0;20.0;90.0;105.0;125.0;30.0;22.0;1.35;233;2.6;46.0;;
13/07/2021;P21-77;PA B33L;36.0;0.4;4.0;34.0;;;23.0;38.0;255.0;265.0;275.0;275.0;280.0;105.0;75.0;2925.0;3000.0;3000.0;2990;2925;3020.0;10.0;;;;70.0;25.0;1.4;200;2.88;80.56;;
13/07/2021;P21-78;PA B33L;36.0;0.4;4.0;34.0;;;23.0;38.0;255.0;265.0;275.0;275.0;280.0;110.0;75.0;2802.0;2896.0;2905.0;2832;2832;2910.0;12.0;;;;70.0;25.0;1.4;200;2.97;89.22;;
13/07/2021;P21-79;PA B33L;36.0;0.4;4.0;34.0;;;19.0;33.0;255.0;265.0;275.0;275.0;280.0;98.0;75.0;2431.0;2516.0;2525.0;2465;2460;2530.0;12.0;;;;70.0;23.0;1.4;180;2.88;89.89;;
14/07/2021;P21-83;PA6 PENTABATC;36.0;0.4;4.0;60.0;;;24.0;70.0;250.0;260.0;260.0;260.0;260.0;13.5;86.5;2800.0;2960.0;3000.0;3050;3060;3160.0;11.0;65.0;65.0;;35.0;25.0;1.4;190;3.97;83.11;;
14/07/2021;P21-84;PA6 PENTABATC;36.0;0.4;4.0;60.0;;;30.0;73.7;250.0;260.0;260.0;260.0;260.0;26.5;85.0;2800.0;2960.0;3000.0;3050;3060;3170.0;30.0;65.0;65.0;;35.0;25.0;1.4;230;3.67;81.67;;
14/07/2021;P21-86;PA6 PENTABATC;36.0;0.4;4.0;60.0;;;30.0;73.8;250.0;260.0;260.0;260.0;260.0;26.1;87.8;2800.0;2960.0;3000.0;3220;3235;3345.0;30.0;66.0;65.0;;50.0;30.0;1.4;230;3.67;73.06;;
15/07/2021;P21-87;PA6 H24;36.0;0.4;4.0;60.0;;;30.0;63.9;235.0;240.0;245.0;260.0;260.0;32.5;85.0;2700.0;2959.0;2994.0;3218;3233;3315.0;27.0;65.0;65.0;;50.0;30.0;1.4;230;3.47;67.44;;
15/07/2021;P21-89;PA6 B27;36.0;0.4;4.0;60.0;;;30.0;58.0;260.0;270.0;275.0;275.0;270.0;82.0;85.0;2700.0;2959.0;2994.0;3218;3233;3315.0;27.0;65.0;65.0;;50.0;30.0;1.4;230;3.3;62.33;;
15/07/2021;P21-90;PA6 B27;36.0;0.4;4.0;60.0;;;25.0;61.48;265.0;275.0;280.0;275.0;270.0;87.7;86.9;2700.0;2959.0;2994.0;3218;3233;3315.0;27.0;65.0;65.0;;50.0;30.0;1.4;200;3.64;74.4;;
15/07/2021;P21-91;PA6 B27;36.0;0.4;4.0;60.0;;;25.0;64.0;275.0;285.0;290.0;275.0;270.0;83.0;86.9;2700.0;2959.0;2994.0;3218;3233;3315.0;27.0;65.0;65.0;;50.0;30.0;1.4;200;3.39;71.3;;
21/07/2021;P21-92;PET + Avanza O 0.3.%;72.0;0.3;2.0;60.0;;;24.0;69.6;275.0;285.0;285.0;285.0;285.0;9.5;70.0;2560.0;2660.0;2665.0;2600;2600;2670.0;20.0;;;;20.0;24.0;1.35;257;1.9;94.5;;
25/08/2021;P21-94;rPET + CO2 Pure 3%;72.0;0.3;0.6666666666666666;178.0;;2.0;22.0;84.0;275.0;280.0;285.0;280.0;280.0;0.3;70.0;1500.0;1650.0;2700.0;2700;2724;2810.0;18.0;90.0;105.0;125.0;30.0;22.0;1.35;235;1.2;46.22;100.0;80.0
25/08/2021;P21-95;rPET + CO2 Pure 3%;72.0;0.3;0.6666666666666666;178.0;;2.0;22.0;78.25;270.0;270.0;275.0;275.0;280.0;0.0;72.6;1500.0;1650.0;2300.0;2500;2700;2795.0;18.0;90.0;105.0;125.0;30.0;22.0;1.35;240;1.14;61.9;100.0;80.0
30/08/2021;P21-97;rPET + CO2 Pure 2.5%;72.0;0.3;2.0;178.0;2.0;2.0;22.0;68.0;260.0;265.0;270.0;270.0;272.0;17.0;60.0;1500.0;1650.0;2150.0;2548;2714;2795.0;21.0;90.0;110.0;125.0;30.0;24.0;1.35;240;1.32;44.33;500.0;355.0
31/08/2021;P21-98;rPET + CO2 Pure 2.5%;72.0;0.3;2.0;178.0;2.0;2.0;22.0;68.0;260.0;265.0;270.0;270.0;275.0;2.0;60.0;1500.0;1650.0;2150.0;2548;2715;2795.0;20.0;90.0;110.0;125.0;30.0;26.0;1.3;240;1.51;55.72;850.0;500.0
08/09/2021;P21-100;PES + 1% BB101 R4.47;72.0;0.4;2.0;178.0;2.0;2.0;20.0;79.0;260.0;270.0;275.0;275.0;275.0;3.0;60.0;2240.0;2361.0;2355.0;2289;2299;2370.0;;;;;30.0;24.0;1.3;260;1.52;165.0;500.0;355.0
15/09/2021;P21-102;PA B33L;36.0;0.3;2.0;60.0;2.0;2.0;6.0;50.0;285.0;295.0;300.0;295.0;285.0;88.0;51.0;582.0;809.0;1505.0;2196;2191;2240.0;;75.0;102.0;140.0;40.0;10.0;1.3;160;4.38;43.83;800.0;500.0
14/10/2021;P21-109;PP H561R;36.0;0.35;4.0;60.0;;;29.0;64.0;220.0;230.0;235.0;235.0;230.0;54.0;75.0;1252.0;2099.0;2349.0;2680;2548;2580.0;;;;;60.0;22.0;2.25;240;3.23;141.33;;
14/10/2021;P21-110;PP H561R;36.0;0.35;4.0;60.0;;;29.5;64.0;220.0;220.0;225.0;225.0;220.0;60.0;75.0;1898.0;2001.0;2450.0;2602;2548;2610.0;;;;;60.0;22.0;2.25;240;1.04;135.54;;
19/10/2021;P21-111;PLA LUMINY L130;36.0;0.3;2.0;60.0;3.0;2.0;15.0;42.0;225.0;215.0;220.0;230.0;235.0;13.3;75.0;2600.0;2700.0;2820.0;2980;2930;3050.0;16.0;;;;20.0;20.0;1.3;135;2.22;47.4;500.0;355.0
19/10/2021;P21-112;PLA LUMINY L130;36.0;0.3;2.0;60.0;3.0;2.0;20.0;44.0;225.0;215.0;220.0;230.0;235.0;31.0;75.0;2600.0;2700.0;2820.0;2980;2930;3050.0;16.0;;;;20.0;20.0;1.3;180;2.25;51.87;500.0;355.0
20/10/2021;P21-113;PLA LUMINY L130;72.0;0.3;2.0;60.0;1.0;2.0;18.0;40.0;225.0;215.0;220.0;230.0;240.0;63.0;75.0;2620.0;2750.0;2820.0;2950;2930;3010.0;22.0;;;;15.0;20.0;1.3;180;2.09;43.7;250.0;180.0
20/10/2021;P21-114;PLA LUMINY L130;72.0;0.3;2.0;60.0;1.0;2.0;22.0;45.0;225.0;215.0;220.0;230.0;240.0;87.0;75.0;2620.0;2750.0;2820.0;2950;2930;3010.0;22.0;;;;15.0;20.0;1.3;210;2.18;49.8;250.0;180.0
20/10/2021;P21-115;PLA LUMINY L130;72.0;0.3;2.0;60.0;1.0;2.0;24.0;48.0;225.0;215.0;220.0;230.0;245.0;125.0;75.0;2620.0;2750.0;2820.0;2950;2930;3010.0;22.0;;;;15.0;20.0;1.3;230;2.22;50.43;250.0;180.0
21/10/2021;P21-116;PLA LUMINY L130;72.0;0.3;2.0;60.0;3.0;2.0;27.0;49.0;225.0;215.0;220.0;230.0;235.0;27.0;75.0;2620.0;2750.0;2820.0;2950;2930;3010.0;24.0;;;;70.0;20.0;1.3;250;2.18;53.63;500.0;355.0
26/10/2021;P21-119;PLA L130;24.0;0.3;2.0;60.0;3.0;2.0;10.0;46.8;225.0;230.0;230.0;235.0;240.0;58.0;75.0;1526.0;1600.0;2685.0;2802;2861;2955.0;;70.0;90.0;110.0;20.0;20.0;1.3;100;2.84;27.04;500.0;350.0
26/10/2021;P21-120;PLA L130;24.0;0.3;2.0;60.0;3.0;2.0;8.0;49.4;225.0;230.0;230.0;235.0;240.0;49.6;75.0;1624.0;1701.0;2685.0;2802;2861;2955.0;;70.0;90.0;110.0;20.0;18.0;1.3;79;2.92;27.5;500.0;350.0
26/10/2021;P21-121;PLA L130;24.0;0.3;2.0;60.0;3.0;2.0;5.0;45.6;225.0;230.0;230.0;235.0;240.0;34.8;75.0;1825.0;1900.0;2685.0;2802;2861;2955.0;;70.0;90.0;110.0;20.0;18.0;1.3;48;2.87;24.0;500.0;350.0
09/11/2021;P21-126;SPH16;72.0;0.25;2.0;60.0;2.0;2.0;13.0;65.0;250.0;250.0;255.0;255.0;260.0;61.0;80.0;2610.0;2750.0;2740.0;2750;2695;2780.0;21.0;;;;40.0;22.0;1.65;135;2.72;71.78;500.0;355.0
09/11/2021;P21-127;SPH16;72.0;0.25;2.0;60.0;2.0;2.0;13.0;25.6;255.0;260.0;260.0;265.0;265.0;49.7;80.0;2050.0;2125.0;2150.0;2090;2080;2780.0;15.0;;;;30.0;22.0;1.5;165;0.86;97.68;500.0;355.0
10/11/2021;P21-128;PP HS61R;48.0;0.2;;60.0;;;28.0;62.0;215.0;225.0;235.0;240.0;350.0;0.0;80.0;1149.0;1225.0;1799.0;2494;2348;2430.0;;60.0;80.0;90.0;80.0;25.0;2.4;240;3.49;82.33;;
10/11/2021;P21-129;PP HS61R;48.0;0.2;;60.0;;;35.0;70.0;215.0;225.0;235.0;240.0;350.0;0.0;80.0;1149.0;1225.0;1799.0;2494;2348;2440.0;;60.0;80.0;90.0;80.0;25.0;2.4;300;3.27;86.67;;
10/11/2021;P21-130;PP HS61R;48.0;0.2;;60.0;;;28.0;73.0;215.0;225.0;235.0;240.0;350.0;0.0;80.0;1149.0;1225.0;1799.0;2494;2348;2440.0;;60.0;80.0;90.0;80.0;25.0;2.4;240;3.58;90.49;;
17/11/2021;P21-132;PET + 15% SPH16;72.0;0.35;4.0;60.0;2.0;2.0;15.0;40.0;275.0;280.0;280.0;285.0;290.0;68.5;70.0;;2690.0;2725.0;2690;2680;2765.0;19.0;;;;25.0;22.0;1.3;165;2.11;121.85;500.0;355.0
17/11/2021;P21-134;PET + 15% SPH16;72.0;0.35;4.0;60.0;2.0;2.0;12.5;42.0;275.0;280.0;280.0;285.0;290.0;56.0;70.0;;2690.0;2725.0;2690;2680;2765.0;19.0;;;;25.0;22.0;1.3;130;2.22;116.94;500.0;355.0
17/11/2021;P21-135;PET + 15% SPH16;72.0;0.35;4.0;60.0;2.0;2.0;14.5;54.0;275.0;280.0;280.0;285.0;290.0;49.0;70.0;;1200.0;1300.0;2400;2650;2680.0;20.0;80.0;90.0;120.0;25.0;22.0;1.3;155;2.61;68.87;500.0;355.0
17/11/2021;P21-136;PET + 15% SPH16;72.0;0.35;4.0;60.0;2.0;2.0;14.5;54.0;275.0;280.0;280.0;285.0;290.0;49.0;70.0;800.0;850.0;2400.0;2675;2675;2760.0;20.0;80.0;90.0;120.0;25.0;22.0;1.3;155;3.21;36.94;500.0;355.0
29/11/2021;P21-137;PBT + 15% SPH16W;72.0;0.35;4.0;60.0;2.0;2.0;13.0;59.0;245.0;250.0;255.0;260.0;265.0;34.0;70.0;2651.0;2751.0;2751.0;2695;2695;2780.0;;;;;25.0;22.0;1.3;135;1.8;72.28;500.0;355.0
29/11/2021;P21-138;PBT + 15% SPH16W;72.0;0.35;4.0;60.0;2.0;2.0;14.0;50.0;245.0;250.0;255.0;260.0;265.0;41.0;70.0;1100.0;1249.0;2700.0;2700;2641;2720.0;;75.0;85.0;115.0;25.0;22.0;1.3;158;3.0;22.72;500.0;355.0
01/12/2021;P21-140;PBT + 3% Octil;72.0;0.35;4.0;60.0;2.0;2.0;13.0;30.0;260.0;270.0;275.0;275.0;275.0;38.4;70.0;2680.0;2750.0;2750.0;2685;2690;2780.0;12.0;;;;10.0;22.0;1.2;137;0.75;93.5;500.0;355.0
01/12/2021;P21-141;PBT + 3% Octil;72.0;0.35;4.0;60.0;2.0;2.0;13.0;32.0;260.0;270.0;275.0;275.0;275.0;38.4;70.0;2450.0;2525.0;2550.0;2490;2499;2580.0;12.0;;;;10.0;20.0;1.2;142;0.8;90.5;500.0;355.0
02/12/2021;P21-142;PBT + 15% MB;72.0;0.35;4.0;60.0;4.0;2.0;14.0;28.0;265.0;270.0;275.0;275.0;275.0;48.8;70.0;800.0;950.0;2350.0;2400;2320;2390.0;10.0;65.0;80.0;115.0;20.0;20.0;1.3;164;1.98;18.72;850.0;500.0
02/12/2021;P21-143;PBT + 15% MB;72.0;0.35;4.0;60.0;4.0;2.0;13.8;29.0;265.0;270.0;275.0;275.0;275.0;46.8;70.0;900.0;1050.0;2450.0;2460;2406;2490.0;16.0;65.0;80.0;115.0;20.0;20.0;1.3;159;1.86;26.4;850.0;500.0
02/12/2021;P21-144;PBT + 15% MB;72.0;0.35;4.0;60.0;4.0;2.0;11.5;74.6;250.0;255.0;260.0;260.0;265.0;47.8;70.0;2950.0;3000.0;3000.0;2955;2950;3046.0;10.0;;;;20.0;20.0;1.3;115;2.18;68.44;850.0;500.0
02/12/2021;P21-145;PBT + 15% MB;72.0;0.35;4.0;60.0;4.0;2.0;11.0;84.0;250.0;260.0;270.0;270.0;275.0;59.0;70.0;2850.0;2900.0;2926.0;2860;2860;2955.0;12.0;;;;20.0;20.0;1.3;107;2.01;27.33;850.0;500.0
20/12/2021;P21-147;TPX;72.0;0.4;4.0;60.0;;;18.0;70.0;265.0;270.0;275.0;280.0;290.0;47.0;50.0;2152.0;2251.0;2284.0;2230;2211;2285.0;;;;;40.0;20.0;1.1;158;1.3;22.5;;
20/12/2021;P21-148;TPX;72.0;0.4;4.0;60.0;;;11.0;77.0;270.0;280.0;285.0;290.0;295.0;25.0;50.0;1052.0;1091.0;1085.0;1061;1066;1125.0;;;;;40.0;18.0;1.1;200;1.33;49.11;;
20/12/2021;P21-149;TPX;72.0;0.4;4.0;60.0;;;7.0;66.0;270.0;280.0;285.0;290.0;295.0;16.0;50.0;636.0;675.0;675.0;660;675;695.0;;;;;40.0;16.0;1.1;235;1.27;65.39;;
20/12/2021;P21-150;TPX;72.0;0.4;4.0;60.0;;;14.0;75.0;270.0;280.0;285.0;290.0;295.0;29.0;50.0;783.0;900.0;1499.0;2201;2171;2245.0;;120.0;160.0;145.0;40.0;16.0;1.1;130;4.26;26.28;;
20/12/2021;P21-151;TPX;72.0;0.4;4.0;60.0;;;16.0;71.0;265.0;275.0;280.0;285.0;295.0;32.0;50.0;783.0;900.0;1499.0;2201;2171;2245.0;;120.0;160.0;145.0;40.0;16.0;1.1;150;3.92;25.28;;
21/12/2021;P21-152;PET + 3% Zeol Ag;72.0;0.3;2.0;178.0;2.0;178.0;25.0;87.0;255.0;260.0;265.0;270.0;270.0;103.0;50.0;1800.0;1990.0;2000.0;2000;1980;2020.0;14.0;;;;20.0;24.0;1.0;370;0.8;215.44;500.0;355.0
22/12/2021;P21-154;LOWMELT 53001;72.0;0.3;2.0;178.0;3.0;178.0;20.0;52.8;240.0;260.0;265.0;270.0;275.0;102.8;65.0;800.0;900.0;2600.0;2950;2930;3055.0;21.0;70.0;85.0;115.0;30.0;22.0;1.3;185;2.61;34.94;500.0;355.0
12/01/2022;P22-01;PA H24;48.0;0.4;4.0;60.0;;;12.0;80.0;255.0;260.0;265.0;256.0;275.0;90.0;55.0;1800.0;1751.0;2001.0;2440;2406;2500.0;;;;;45.0;12.0;1.3;130;3.52;76.06;;
12/01/2022;P22-02;PA H24;48.0;0.4;4.0;60.0;;;12.0;72.0;250.0;255.0;265.0;256.0;275.0;90.0;55.0;1687.0;1751.0;2251.0;2440;2406;2500.0;;;;;45.0;14.0;1.3;125;3.41;81.72;;
27/01/2022;P22-03;TPX DX350;72.0;0.4;4.0;60.0;;;14.0;68.0;265.0;275.0;280.0;285.0;285.0;42.0;50.0;1100.0;1249.0;1751.0;2201;2176;2245.0;;130.0;160.0;140.0;20.0;18.0;1.1;125;3.7;23.5;;
03/02/2022;P22-05;ADUANITE S3001;72.0;0.3;2.0;178.0;;;21.0;47.0;250.0;260.0;265.0;270.0;270.0;93.0;65.0;800.0;980.0;2700.0;2950;2940;3050.0;;70.0;85.0;115.0;45.0;20.0;1.3;195;2.75;27.94;;
03/02/2022;P22-06;ADUANITE S3001;72.0;0.3;2.0;178.0;;;21.0;47.0;250.0;260.0;265.0;270.0;270.0;100.0;65.0;800.0;980.0;2700.0;2950;2940;3050.0;;70.0;85.0;100.0;45.0;20.0;1.3;195;2.94;31.17;;
09/02/2022;P22-07;TPX DX350;72.0;0.4;4.0;60.0;;;14.0;56.64;260.0;265.0;270.0;275.0;290.0;48.4;60.3;1100.0;1249.0;1751.0;2201;2176;2245.0;18.0;130.0;160.0;150.0;15.0;18.0;1.05;130;3.5;21.22;;
14/02/2022;P22-08;100%MB SP16H;72.0;0.35;4.0;60.0;2.0;2.0;13.0;60.0;260.0;265.0;275.0;275.0;275.0;58.0;70.0;2100.0;2200.0;2550.0;2489;2499;2570.0;20.0;;;;15.0;20.0;1.2;155;1.5;96.0;500.0;355.0
14/02/2022;P22-09;100%MB SP16H;72.0;0.35;4.0;60.0;2.0;2.0;12.8;46.0;260.0;265.0;270.0;275.0;275.0;56.6;75.0;2200.0;2300.0;2450.0;2505;2500;2560.0;15.0;;;;15.0;20.0;1.2;145;1.53;112.0;500.0;355.0
14/02/2022;P22-10;100%MB SP16H;72.0;0.35;4.0;60.0;2.0;2.0;12.6;44.7;260.0;265.0;270.0;275.0;275.0;69.1;75.0;2200.0;2300.0;2450.0;2505;2500;2560.0;15.0;;;;15.0;20.0;1.2;143;1.48;114.22;500.0;355.0
14/02/2022;P22-11;100%MB SP16H;72.0;0.35;4.0;60.0;2.0;2.0;13.8;41.56;260.0;265.0;270.0;275.0;275.0;88.3;75.4;900.0;1100.0;2200.0;2470;2406;2490.0;15.0;60.0;77.0;115.0;15.0;20.0;1.2;158;2.67;40.87;500.0;355.0
16/02/2022;P22-12;PBT + 15% SPH16W;72.0;0.35;4.0;60.0;2.0;2.0;12.0;77.0;255.0;260.0;265.0;275.0;275.0;53.0;50.0;2825.0;2900.0;2926.0;2860;2860;2955.0;;;;;15.0;20.0;1.2;120;2.0;65.0;500.0;355.0
22/02/2022;P22-15;PP + 10% Talco;72.0;0.35;4.0;60.0;2.0;2.0;20.6;47.24;200.0;210.0;225.0;230.0;230.0;104.4;63.9;719.0;950.0;1300.0;1750;1760;1835.0;;65.0;80.0;80.0;90.0;15.0;2.25;240;1.2;197.0;500.0;355.0
22/02/2022;P22-18;PP + Talco + Verde;72.0;0.35;4.0;60.0;2.0;2.0;20.1;53.0;200.0;210.0;225.0;230.0;230.0;103.0;65.0;750.0;900.0;1550.0;1960;1950;2010.0;22.0;70.0;80.0;80.0;90.0;17.0;2.25;220;1.16;100.78;500.0;355.0
23/02/2022;P22-19;Pruebas PP Amarilleamiento;72.0;0.6;4.0;178.0;;;33.0;94.32;240.0;260.0;275.0;280.0;280.0;32.1;66.1;523.0;550.0;1600.0;1858;1820;1882.0;;70.0;135.0;125.0;60.0;12.0;2.1;330;3.72;80.3;;
23/02/2022;P22-23;Pruebas PP Amarilleamiento;72.0;0.6;4.0;178.0;;;36.0;94.32;240.0;260.0;275.0;280.0;280.0;32.1;66.1;523.0;550.0;1600.0;1960;1910;1980.0;;70.0;135.0;125.0;60.0;12.0;2.1;340;3.17;61.0;;
28/02/2022;P22-26;PP + Talco + Rojo;12.0;0.5;4.0;178.0;;178.0;21.5;56.0;210.0;210.0;225.0;230.0;230.0;125.0;65.0;750.0;900.0;1550.0;1960;1950;2010.0;;60.0;70.0;80.0;90.0;17.0;2.25;220;1.33;144.79;;
02/03/2022;P22-27;PP + Talco + Verde;12.0;0.5;4.0;178.0;;178.0;21.5;54.0;200.0;210.0;230.0;230.0;230.0;170.0;65.0;750.0;1000.0;1550.0;1960;1950;2010.0;;60.0;70.0;80.0;90.0;20.0;2.25;220;1.28;162.83;;
09/03/2022;P22-28;PA + CNT PA Nanocyl PA (H24);48.0;0.4;2.0;60.0;;90.0;23.0;60.0;235.0;245.0;253.0;250.0;250.0;65.0;65.0;2800.0;2950.0;3000.0;2920;2900;3030.0;18.0;;;;30.0;15.0;1.25;200;3.14;87.39;;
09/03/2022;P22-29;PA + CNT PA Nanocyl PA (H24);48.0;0.4;2.0;60.0;;90.0;23.0;59.0;235.0;245.0;253.0;250.0;250.0;77.0;65.0;3685.0;2950.0;3000.0;3750;3740;3860.0;18.0;;;;30.0;15.0;1.25;165;3.4;68.1;;
21/03/2022;P22-33;rPET;75.0;0.3;2.0;90.0;;;24.0;63.0;270.0;280.0;290.0;290.0;290.0;118.0;60.0;750.0;800.0;1500.0;2550;2485;2560.0;;85.0;100.0;130.0;30.0;18.0;1.3;300;2.7;27.0;;
21/03/2022;P22-33*;rPET;75.0;0.3;2.0;90.0;;;25.0;62.0;270.0;280.0;290.0;290.0;295.0;115.4;65.0;700.0;750.0;1500.0;2515;2485;2565.0;;85.0;100.0;130.0;30.0;18.0;1.3;290;2.9;27.0;;
21/03/2022;P22-34;rPET 2% HIPS;75.0;0.3;2.0;90.0;;;25.2;63.0;275.0;285.0;285.0;285.0;295.0;115.7;60.0;700.0;750.0;1300.0;2515;2485;2565.0;;85.0;100.0;130.0;30.0;18.0;1.3;300;2.52;27.2;;
21/03/2022;P22-35;rPET 0.5% HIPS;75.0;0.3;2.0;90.0;;;25.1;63.0;275.0;285.0;285.0;285.0;290.0;115.7;60.0;875.0;900.0;1300.0;2500;2485;2565.0;;85.0;100.0;130.0;30.0;18.0;1.3;300;2.2;43.25;;
21/03/2022;P22-36;rPET 0.5% HIPS;75.0;0.3;2.0;90.0;;;25.0;63.0;275.0;285.0;285.0;285.0;290.0;115.7;60.0;700.0;750.0;1300.0;2500;2485;2565.0;;85.0;100.0;130.0;30.0;18.0;1.3;300;2.9;25.22;;
22/03/2022;P22-37;rPET 0.5% HIPS;75.0;0.3;2.0;90.0;;;25.0;62.0;275.0;285.0;285.0;285.0;290.0;126.0;58.0;765.0;820.0;1375.0;2515;2485;2565.0;;85.0;100.0;130.0;40.0;18.0;1.3;300;2.43;28.67;;
24/03/2022;P22-38;PHB 2450 mod;48.0;0.4;4.0;90.0;4.0;2.0;6.5;53.0;165.0;170.0;175.0;185.0;185.0;0.0;50.0;850.0;915.0;960.0;955;970;1000.0;25.0;;;;20.0;20.0;1.3;200;0.9;64.0;855.0;500.0
24/03/2022;P22-39;PHB 2450 mod;48.0;0.4;4.0;90.0;4.0;2.0;9.0;58.0;165.0;170.0;175.0;185.0;185.0;0.0;50.0;850.0;1420.0;1470.0;1435;1440;1500.0;25.0;;;;20.0;16.0;1.3;175;0.8;54.0;855.0;500.0
24/03/2022;P22-40;PHB 2450 mod;48.0;0.4;4.0;90.0;4.0;2.0;12.0;58.0;165.0;170.0;175.0;185.0;185.0;0.0;50.0;850.0;1939.0;1980.0;1942;1932;2000.0;20.0;;;;20.0;16.0;1.3;168;0.92;59.0;855.0;500.0
24/03/2022;P22-41;PHB 2450 mod;48.0;0.4;4.0;90.0;4.0;2.0;4.0;53.0;165.0;170.0;175.0;185.0;185.0;0.0;50.0;500.0;540.0;560.0;580;580;600.0;20.0;;;;20.0;11.0;1.3;235;0.48;80.0;855.0;500.0
24/03/2022;P22-42;PHB 2450 mod;48.0;0.4;4.0;90.0;4.0;2.0;14.0;59.0;165.0;170.0;175.0;185.0;185.0;31.0;50.0;1350.0;1425.0;1850.0;1930;1995;2075.0;20.0;45.0;60.0;90.0;20.0;15.0;1.3;195;1.3;33.0;855.0;500.0
24/03/2022;P22-43;PHB 2450 mod;48.0;0.4;4.0;90.0;4.0;2.0;14.0;59.0;165.0;170.0;175.0;185.0;185.0;32.2;50.0;1350.0;1425.0;1850.0;1995;1976;2055.0;20.0;45.0;60.0;70.0;20.0;15.0;1.3;190;1.4;34.0;855.0;500.0
24/03/2022;P22-44;PHB 2450 mod;48.0;0.4;4.0;90.0;4.0;2.0;14.0;54.5;165.0;170.0;175.0;185.0;185.0;41.5;50.0;1350.0;1425.0;1850.0;1995;1976;2055.0;20.0;45.0;60.0;70.0;20.0;15.0;1.3;198;1.2;30.0;855.0;500.0
31/03/2022;P22-45;TPX DX350;72.0;0.4;4.0;;;;15.0;70.0;270.0;275.0;280.0;285.0;290.0;45.5;50.0;1081.0;1170.0;1600.0;2100;2050;2125.0;12.0;130.0;160.0;150.0;15.0;20.0;1.1;135;3.47;25.44;;
31/03/2022;P22-47;TPX DX350;72.0;0.4;4.0;;;;14.6;68.0;270.0;275.0;280.0;285.0;290.0;48.0;50.0;1200.0;1350.0;1650.0;2100;2050;2125.0;12.0;130.0;160.0;150.0;15.0;20.0;1.1;130;2.9;26.78;;
11/04/2022;P22-53;TCP - ET;12.0;0.5;4.0;178.0;;;14.0;34.7;210.0;220.0;230.0;240.0;240.0;134.6;62.8;800.0;850.0;865.0;900;935;985.0;;;;;80.0;18.0;2.3;390;0.83;360.0;;
11/04/2022;P22-54;TCP - ET;12.0;0.5;4.0;178.0;;;10.0;30.5;210.0;220.0;230.0;240.0;240.0;120.0;60.0;800.0;850.0;865.0;900;935;985.0;;;;;80.0;18.0;2.3;270;0.8;330.0;;
11/04/2022;P22-55;TCP - ET;12.0;0.5;4.0;178.0;;;14.0;34.0;210.0;220.0;230.0;240.0;250.0;163.0;60.0;1950.0;850.0;865.0;1965;1981;2060.0;;;;;80.0;18.0;2.3;180;1.16;261.0;;
11/04/2022;P22-56;TCP - ET;12.0;0.5;4.0;178.0;;;14.0;34.0;210.0;220.0;230.0;240.0;250.0;163.0;60.0;600.0;700.0;1400.0;1650;1610;1650.0;;80.0;100.0;;80.0;18.0;2.3;275;1.29;208.0;;
11/04/2022;P22-57;TCP - ET;12.0;0.5;4.0;178.0;;;14.0;34.0;210.0;220.0;230.0;240.0;250.0;163.0;60.0;600.0;700.0;1799.0;1790;1775;1820.0;;80.0;100.0;;80.0;20.0;2.3;250;1.41;176.0;;
13/04/2022;P22-58;TPX;72.0;0.4;4.0;60.0;;;14.0;68.0;265.0;275.0;280.0;285.0;288.0;52.9;50.0;750.0;1000.0;1375.0;1750;1735;1775.0;;140.0;160.0;145.0;15.0;18.0;1.15;155;2.8;21.5;;
13/04/2022;P22-59;TPX;72.0;0.4;4.0;60.0;;;14.0;68.0;265.0;275.0;280.0;285.0;288.0;52.9;50.0;950.0;1150.0;1390.0;1750;1735;1775.0;;140.0;160.0;145.0;15.0;18.0;1.15;130;2.26;19.11;;
13/04/2022;P22-60;TPX;72.0;0.4;4.0;60.0;;;12.5;68.0;265.0;275.0;280.0;285.0;288.0;52.9;50.0;1160.0;1300.0;1450.0;1750;1735;1775.0;;140.0;160.0;145.0;15.0;18.0;1.15;130;2.4;23.0;;
13/04/2022;P22-61;TPX;72.0;0.4;4.0;60.0;;;12.5;68.0;275.0;285.0;285.0;290.0;288.0;52.9;50.0;1160.0;1300.0;1450.0;1750;1735;1775.0;;140.0;160.0;145.0;15.0;18.0;1.15;130;1.7;17.0;;
10/05/2022;P22-62;TPX;72.0;0.4;4.0;60.0;;;15.0;69.0;270.0;275.0;285.0;290.0;300.0;56.0;50.0;1150.0;1350.0;1600.0;2100;2050;2120.0;;125.0;150.0;140.0;15.0;20.0;1.1;135;3.23;21.17;;
10/05/2022;P22-63;TPX;72.0;0.4;4.0;60.0;;;14.5;69.0;270.0;275.0;285.0;290.0;300.0;53.0;50.0;1150.0;1350.0;1600.0;2100;2050;2120.0;;125.0;150.0;140.0;15.0;20.0;1.1;130;2.7;21.83;;
10/05/2022;P22-64;TPX;72.0;0.4;4.0;60.0;;;14.5;69.0;270.0;275.0;285.0;290.0;300.0;48.3;50.0;1150.0;1350.0;1600.0;2100;2050;2120.0;;125.0;150.0;140.0;15.0;20.0;1.1;130;2.5;23.61;;
10/05/2022;P22-65;TPX;72.0;0.4;4.0;60.0;;;14.5;69.0;270.0;275.0;285.0;290.0;300.0;45.8;50.0;1150.0;1350.0;1600.0;2100;2050;2120.0;;125.0;150.0;140.0;15.0;20.0;1.1;130;2.31;23.72;;
23/05/2022;P22-68;PA H24;;0.2;;60.0;;;12.0;75.0;245.0;250.0;255.0;260.0;265.0;151.0;50.0;1262.0;1906.0;2105.0;2440;2406;2500.0;;75.0;80.0;;30.0;20.0;1.3;125;3.58;59.1;;
31/05/2022;P22-70;TPX DX350;72.0;0.35;4.0;60.0;;;15.0;65.0;260.0;270.0;280.0;290.0;290.0;49.1;50.0;1325.0;1375.0;1600.0;2080;2050;2125.0;;135.0;160.0;150.0;15.0;20.0;1.1;130;3.03;20.75;;
31/05/2022;P22-71;TPX DX350;72.0;0.35;4.0;60.0;;;15.0;65.0;260.0;270.0;280.0;290.0;295.0;49.1;50.0;1290.0;1375.0;1600.0;2080;2050;2125.0;;135.0;160.0;150.0;15.0;20.0;1.1;130;2.75;21.67;;
01/06/2022;P22-73;rPET + PTT;72.0;0.3;2.0;60.0;;60.0;15.0;83.0;245.0;255.0;260.0;270.0;265.0;35.0;50.0;1950.0;;;2000;1985;2050.0;;;;;15.0;18.0;1.2;220;1.35;173.0;;
01/06/2022;P22-74;rPET + PTT;72.0;0.3;2.0;60.0;;60.0;15.0;83.0;245.0;255.0;260.0;270.0;265.0;68.5;50.0;2190.0;;;2201;2190;2280.0;;;;;15.0;24.0;1.0;210;1.28;171.0;;
02/06/2022;P22-75;PHB 2450 mod;48.0;0.4;4.0;90.0;;;8.0;50.0;165.0;170.0;175.0;185.0;185.0;5.7;50.0;850.0;;;955;970;1000.0;;;;;20.0;18.0;1.3;230;0.98;80.0;;
02/06/2022;P22-76;PHB 2450 mod Blanco 2%;48.0;0.4;4.0;90.0;;;8.0;56.0;165.0;170.0;175.0;185.0;185.0;0.0;50.0;850.0;;;955;970;1000.0;;;;;20.0;18.0;1.3;225;0.74;85.0;;
02/06/2022;P22-77;PHB 2450 mod Azul 2%;48.0;0.4;4.0;90.0;;;8.0;48.0;165.0;170.0;175.0;185.0;185.0;0.0;50.0;850.0;;;955;970;1000.0;;;;;20.0;18.0;1.3;225;0.75;74.0;;
06/06/2022;P22-79;PES + MNV;72.0;0.4;2.0;90.0;2.0;2.0;18.0;80.0;260.0;275.0;280.0;285.0;290.0;55.0;40.0;2250.0;2400.0;2500.0;2550;2500;2595.0;22.0;;;;15.0;20.0;1.0;210;1.55;145.0;850.0;500.0
06/06/2022;P22-80;PES + MNV;72.0;0.4;2.0;90.0;2.0;2.0;21.0;75.0;255.0;265.0;270.0;280.0;285.0;49.0;40.0;2250.0;2400.0;2500.0;2550;2500;2595.0;22.0;;;;15.0;20.0;1.0;250;1.66;157.0;850.0;500.0
06/06/2022;P22-81;PES + MNV;72.0;0.4;2.0;90.0;2.0;2.0;21.0;80.0;255.0;265.0;270.0;280.0;285.0;32.0;40.0;2250.0;2400.0;2500.0;2550;2500;2595.0;22.0;;;;15.0;20.0;1.0;250;1.16;165.0;850.0;500.0
07/06/2022;P22-82;PP + FR;72.0;0.4;4.0;90.0;;;16.0;41.2;200.0;215.0;220.0;230.0;230.0;36.3;60.0;750.0;900.0;2100.0;2152;2025;2085.0;30.0;65.0;80.0;110.0;50.0;18.0;1.5;150;3.36;24.55;;
07/06/2022;P22-84;PP + FR;72.0;0.4;4.0;90.0;;;16.0;40.5;200.0;215.0;220.0;230.0;230.0;27.1;60.0;800.0;950.0;2150.0;2200;2025;2090.0;10.0;65.0;80.0;110.0;60.0;20.0;1.94;150;2.27;20.44;;
07/06/2022;P22-85;PP + FR;72.0;0.4;4.0;90.0;;;16.0;80.0;210.0;230.0;240.0;245.0;250.0;32.7;40.0;800.0;950.0;2150.0;2200;2040;2135.0;10.0;65.0;80.0;110.0;80.0;20.0;2.2;150;2.9;87.0;;
09/06/2022;P22-86;rPET tejidos + rPET;72.0;0.3;2.0;60.0;;60.0;15.0;56.0;250.0;255.0;260.0;265.0;265.0;73.9;50.0;2190.0;;;2200;2191;2275.0;16.0;;;;30.0;22.0;1.3;205;1.53;149.1;;
09/06/2022;P22-87;rPET tejidos + rPET;72.0;0.3;2.0;60.0;;60.0;15.0;56.0;250.0;255.0;260.0;265.0;265.0;73.9;50.0;2150.0;;;2190;2190;2275.0;16.0;;;;30.0;22.0;1.3;205;1.53;149.1;;
09/06/2022;P22-88;rPET tejidos + rPET;72.0;0.3;2.0;60.0;;60.0;18.0;55.0;250.0;255.0;260.0;265.0;265.0;84.0;50.0;2890.0;;;2910;2905;3000.0;16.0;;;;30.0;24.0;1.3;187;1.76;111.0;;
14/06/2022;P22-90;PA;48.0;0.4;2.0;105.0;;;23.0;77.0;240.0;245.0;250.0;250.0;250.0;78.1;55.0;3683.0;;;3750;3740;3860.0;;;;;40.0;24.0;1.25;150;4.11;64.5;;
14/06/2022;P22-91;PA;48.0;0.4;2.0;105.0;;;23.0;64.0;240.0;245.0;250.0;250.0;250.0;70.0;55.0;3683.0;;;3750;3740;3860.0;;;;;50.0;18.0;1.25;150;3.56;62.56;;
14/06/2022;P22-92;PA;48.0;0.4;2.0;105.0;;;23.0;60.0;235.0;240.0;240.0;245.0;245.0;87.0;55.0;3683.0;;;3750;3740;3860.0;;;;;40.0;18.0;1.5;160;3.51;69.0;;
20/06/2022;P22-93;TPC - ET LG;12.0;0.5;4.0;178.0;;;10.0;30.0;215.0;220.0;230.0;240.0;250.0;81.0;60.0;700.0;800.0;2050.0;2180;2150;2210.0;;80.0;100.0;120.0;80.0;20.0;1.3;136;1.66;99.67;;
20/06/2022;P22-94;TPC - ET LG;12.0;0.5;4.0;178.0;;;12.0;35.0;215.0;220.0;230.0;240.0;250.0;95.0;70.0;1250.0;1500.0;2650.0;2750;2450;2710.0;4.0;85.0;100.0;115.0;80.0;20.0;1.3;130;1.56;104.0;;
20/06/2022;P22-95;TPC - ET LG;12.0;0.5;4.0;178.0;;;12.0;35.0;215.0;220.0;230.0;240.0;250.0;98.0;70.0;1300.0;1499.0;2801.0;3052;2739;3050.0;4.0;85.0;100.0;115.0;80.0;20.0;1.3;120;1.9;88.5;;
20/06/2022;P22-96;TPC - ET LG;12.0;0.5;4.0;178.0;;;12.0;35.0;215.0;220.0;230.0;240.0;250.0;99.0;70.0;1700.0;1799.0;3000.0;3399;3199;3360.0;3.0;85.0;100.0;115.0;80.0;20.0;1.3;105;1.77;104.2;;
28/06/2022;P22-97;PEBAX MV 1074 SA;36.0;0.4;4.0;178.0;;;12.0;29.0;200.0;210.0;215.0;220.0;225.0;92.0;70.0;1900.0;2000.0;2070.0;2100;2000;;;;;;80.0;20.0;2.3;190;1.66;195.0;;
04/07/2022;P22-98;A + rPET;72.0;0.3;2.0;60.0;;60.0;18.0;56.0;250.0;255.0;260.0;260.0;265.0;107.0;50.0;2890.0;;;2910;2905;2990.0;;;;;30.0;24.0;1.3;185;2.19;105.0;;
04/07/2022;P22-99;A + rPET;72.0;0.3;2.0;60.0;;60.0;16.0;55.5;250.0;255.0;260.0;260.0;265.0;97.2;50.0;2890.0;;;2910;2905;2990.0;;;;;30.0;24.0;1.3;165;2.09;107.0;;
05/07/2022;P22-100;A + rPET;36.0;0.3;2.0;90.0;;;16.0;68.0;260.0;265.0;270.0;270.0;274.0;135.0;60.0;2890.0;;;2910;2905;2990.0;;;;;30.0;24.0;1.3;155;1.8;121.2;;
05/07/2022;P22-101;A + rPET;36.0;0.3;2.0;90.0;;;16.0;68.0;260.0;265.0;270.0;270.0;274.0;135.0;60.0;2890.0;;;2900;2900;3000.0;;;;;30.0;24.0;1.3;155;1.8;122.0;;
07/07/2022;P22-102;A + rPET 50/50;72.0;0.3;2.0;90.0;;;14.0;44.0;250.0;255.0;260.0;265.0;260.0;99.2;50.0;2010.0;;;2049;2070;;16.0;;;;30.0;22.0;1.3;200;1.48;146.3;;
07/07/2022;P22-103;A + rPET 50/50;72.0;0.3;2.0;90.0;;;14.0;53.0;250.0;255.0;260.0;265.0;260.0;105.0;50.0;2308.0;;;2348;2318;;16.0;;;;30.0;24.0;1.3;175;1.63;131.8;;
11/07/2022;P22-104;TPX DX350;72.0;0.35;4.0;60.0;;;15.0;46.0;260.0;270.0;280.0;290.0;295.0;39.2;50.0;1290.0;1375.0;1600.0;2123;2050;2120.0;;135.0;160.0;150.0;15.0;20.0;1.1;130;2.46;20.5;;
11/07/2022;P22-105;TPX DX350 0.5% Blanco;72.0;0.35;4.0;60.0;;;15.0;46.0;260.0;270.0;280.0;290.0;295.0;39.2;50.0;1290.0;1375.0;1600.0;2123;2050;2120.0;;135.0;160.0;150.0;15.0;20.0;1.1;130;2.2;22.0;;
11/07/2022;P22-107;TPX DX350 0.66% Negro;72.0;0.35;4.0;60.0;;;15.0;41.0;260.0;270.0;280.0;290.0;295.0;29.0;50.0;1450.0;1600.0;1784.0;2118;2050;2120.0;;135.0;160.0;150.0;15.0;20.0;1.1;130;2.2;21.0;;
13/07/2022;P22-108;ADUANITE S3001;72.0;0.35;4.0;178.0;;;21.0;41.0;250.0;265.0;265.0;270.0;265.0;64.4;65.0;850.0;1030.0;2550.0;2950;2850;2940.0;;70.0;80.0;100.0;45.0;20.0;1.3;205;2.76;23.94;;
13/07/2022;P22-109;ADUANITE S3001;72.0;0.35;4.0;178.0;;;21.0;40.5;240.0;250.0;260.0;260.0;265.0;79.5;65.0;850.0;1030.0;2575.0;2980;2850;2945.0;;70.0;85.0;100.0;45.0;18.0;1.3;205;3.02;26.17;;
13/07/2022;P22-110;ADUANITE S3001;72.0;0.35;4.0;178.0;;;21.0;39.0;240.0;250.0;260.0;260.0;265.0;91.6;65.0;900.0;1100.0;2700.0;2975;2850;2945.0;;75.0;89.0;100.0;45.0;18.0;1.3;205;3.02;27.8;;
13/07/2022;P22-111;ADUANITE S3001;72.0;0.35;4.0;178.0;;;21.0;43.0;255.0;260.0;265.0;270.0;270.0;76.5;65.0;900.0;1100.0;2700.0;2975;2850;2945.0;;75.0;89.0;100.0;45.0;18.0;1.3;200;2.74;32.2;;
18/07/2022;P22-112;ADUANITE S3001;72.0;0.35;4.0;178.0;;;21.0;44.0;255.0;260.0;265.0;270.0;270.0;82.7;65.0;900.0;1100.0;2700.0;2975;2850;2940.0;;70.0;80.0;100.0;45.0;18.0;1.3;195;3.1;35.22;;
21/07/2022;P22-113;ZK6HF;48.0;0.4;4.0;178.0;;;16.0;24.0;250.0;260.0;265.0;270.0;280.0;120.0;75.0;1981.0;1100.0;1499.0;1991;1991;2055.0;20.0;;;;15.0;22.0;;200;1.05;20.56;;
21/07/2022;P22-114;ZK6HF;48.0;0.4;4.0;178.0;;;15.0;24.0;250.0;260.0;265.0;270.0;280.0;103.0;75.0;2494.0;1100.0;1499.0;2499;2499;2585.0;20.0;;;;15.0;22.0;;150;1.13;17.5;;
21/07/2022;P22-115;ZK6HF;48.0;0.4;4.0;178.0;;;15.0;24.0;250.0;270.0;275.0;280.0;290.0;88.0;75.0;1448.0;1600.0;1751.0;2010;1951;2025.0;20.0;90.0;130.0;120.0;25.0;20.0;;180;0.95;12.0;;
26/07/2022;P22-116;ZK6HF ;72.0;0.6;4.0;178.0;;;15.0;21.0;255.0;260.0;265.0;270.0;290.0;0.7;22.0;1981.0;;;1991;1991;2055.0;23.0;;;;15.0;22.0;1.5;185;1.11;19.0;;
27/07/2022;P22-117;20180 rPETD/rPET;48.0;0.3;2.0;90.0;;;24.0;51.0;260.0;265.0;270.0;270.0;275.0;37.2;50.0;2690.0;;;2710;2710;2800.0;;;;;50.0;20.0;;270;1.6;133.0;;
27/07/2022;P22-118;20180 rPETD/rPET;48.0;0.3;2.0;90.0;;;22.0;51.0;260.0;265.0;270.0;270.0;275.0;33.5;50.0;2690.0;;;2710;2710;2800.0;;;;;30.0;20.0;;240;1.81;142.0;;
27/07/2022;P22-119;20180 rPETD/rPET;48.0;0.3;2.0;90.0;;;20.0;51.0;260.0;265.0;270.0;270.0;275.0;49.6;50.0;2500.0;;;2520;2514;2600.0;;;;;30.0;20.0;;240;1.62;149.0;;
07/09/2022;P22-120;rPET DEC + rPET;36.0;0.3;2.0;90.0;4.0;2.0;20.0;47.0;260.0;;;;280.0;131.0;60.0;2950.0;;;3000;3000;3100.0;36.0;;;;50.0;20.0;1.3;200;1.71;139.2;500.0;355.0
07/09/2022;P22-121;rPET DEC + rPET;36.0;0.3;2.0;90.0;4.0;2.0;20.0;48.0;260.0;;;;280.0;146.8;60.0;2880.0;;;2900;2900;3000.0;24.0;;;;30.0;20.0;1.3;205;1.76;146.5;500.0;355.0
07/09/2022;P22-122;rPET DEC + rPET;36.0;0.3;2.0;90.0;4.0;2.0;14.0;43.7;260.0;;;;280.0;113.4;60.0;2880.0;;;2900;2900;3000.0;18.0;;;;30.0;20.0;1.3;140;1.7;136.3;500.0;355.0
07/09/2022;P22-123;rPET DEC + rPET;36.0;0.3;2.0;90.0;4.0;2.0;13.0;42.0;260.0;;;;280.0;95.0;60.0;2880.0;;;2900;2900;3000.0;18.0;;;;30.0;10.0;1.15;130;1.76;140.8;500.0;355.0
07/09/2022;P22-124;rPET DEC + rPET;36.0;0.3;2.0;90.0;4.0;2.0;8.5;38.0;260.0;;;;280.0;64.0;60.0;2880.0;;;2900;2900;3000.0;18.0;;;;30.0;10.0;1.15;90;1.67;119.7;500.0;355.0
08/09/2022;P22-125;rPET DEC + rPET (50%/50%);36.0;0.3;2.0;90.0;4.0;2.0;12.0;30.0;250.0;260.0;265.0;265.0;260.0;96.0;60.0;2866.0;;;2900;2900;3000.0;;;;;50.0;20.0;1.8;120;1.34;143.0;500.0;355.0
28/09/2022;P22-126;PHB DANIMER;96.0;0.3;2.0;30.0;1.0;2.0;14.0;26.0;165.0;180.0;190.0;195.0;195.0;98.0;70.0;1301.0;1424.0;1850.0;2025;1976;2040.0;25.0;44.0;75.0;72.0;30.0;16.0;1.3;180;1.7;24.0;500.0;355.0
28/09/2022;P22-128;PHB DANIMER;96.0;0.3;2.0;30.0;1.0;2.0;19.5;28.0;165.0;180.0;190.0;200.0;200.0;106.0;70.0;2100.0;2224.0;2700.0;2827;2763;2840.0;15.0;45.0;80.0;72.0;30.0;18.0;1.3;180;1.55;32.0;500.0;355.0
06/10/2022;P22-129;ZK5HF PMMA;48.0;0.4;4.0;90.0;;;14.0;25.0;255.0;260.0;270.0;280.0;280.0;57.0;75.0;1976.0;;;2000;1995;2055.0;18.0;;;;25.0;19.0;1.36;180;0.95;24.4;;
06/10/2022;P22-130;ZK5HF PMMA;48.0;0.4;4.0;90.0;;;17.0;29.0;255.0;260.0;270.0;275.0;278.0;63.0;75.0;2485.0;;;2499;2494;2575.0;17.0;;;;25.0;16.0;1.4;180;1.05;24.0;;
06/10/2022;P22-131;ZK6HF PMMA;48.0;0.4;4.0;90.0;;;17.0;42.0;260.0;270.0;275.0;275.0;280.0;39.7;75.0;2485.0;;;2499;2795;2575.0;17.0;;;;25.0;16.0;1.35;178;1.0;21.0;;
11/10/2022;P22-132;PP + 07%Amarillo + 2%UV 792930;72.0;0.4;4.0;60.0;;;16.0;37.0;220.0;230.0;240.0;245.0;260.0;43.5;60.0;802.0;949.0;1951.0;2201;2083;2180.0;19.0;65.0;80.0;120.0;80.0;16.0;2.1;140;3.23;77.33;;
11/10/2022;P22-133;PP + 07%Amarillo + 2%UV 792930;72.0;0.4;4.0;60.0;;;16.0;37.0;220.0;230.0;240.0;245.0;260.0;43.5;60.0;602.0;749.0;1951.0;2201;2093;2180.0;19.0;65.0;80.0;120.0;80.0;16.0;2.1;140;3.44;67.44;;
11/10/2022;P22-134;PP + 07%Amarillo + 2%UV 792930 + 4%FR LXR935;72.0;0.4;4.0;60.0;;;16.0;40.0;220.0;230.0;240.0;245.0;260.0;40.2;60.0;602.0;749.0;1951.0;2201;2083;2165.0;19.0;65.0;80.0;120.0;80.0;16.0;2.1;140;3.52;63.89;;
11/10/2022;P22-135;PP + 07%Rojo + 2%UV 792930;72.0;0.4;4.0;60.0;;;16.5;36.0;220.0;230.0;240.0;245.0;260.0;56.0;60.0;602.0;749.0;1951.0;2201;2083;2165.0;19.0;65.0;80.0;120.0;80.0;16.0;2.1;140;3.27;54.4;;
11/10/2022;P22-136;PP + 07%Rojo + 2%UV 792930 + 4% FR LXR935;72.0;0.4;4.0;60.0;;;16.5;55.0;220.0;230.0;240.0;245.0;260.0;50.0;60.0;602.0;749.0;1951.0;2201;2083;2165.0;19.0;65.0;80.0;120.0;80.0;16.0;2.1;140;3.37;76.4;;
17/10/2022;P22-137;rPET + 2% Amarillo;72.0;0.3;2.0;178.0;2.0;2.0;22.0;62.0;275.0;285.0;285.0;295.0;295.0;145.0;60.0;699.0;749.0;1350.0;2429;2499;2580.0;;90.0;100.0;130.0;85.0;16.0;1.4;250;2.6;30.0;500.0;355.0
17/10/2022;P22-138;rPET + 2% Amarillo;72.0;0.3;2.0;178.0;2.0;2.0;22.0;62.0;275.0;285.0;285.0;295.0;295.0;140.0;60.0;699.0;749.0;1500.0;2753;2665;2760.0;;90.0;100.0;130.0;85.0;16.0;1.4;250;3.0;26.0;500.0;355.0
08/11/2022;P22-139;rPET;72.0;0.3;2.0;90.0;3.0;2.0;14.0;44.0;265.0;275.0;280.0;285.0;390.0;110.3;70.0;2690.0;;;2710;2730;2800.0;;;;;30.0;18.0;1.3;145;2.3;104.0;500.0;355.0
08/11/2022;P22-140;rPET;72.0;0.3;2.0;90.0;3.0;2.0;13.0;49.0;265.0;275.0;280.0;285.0;390.0;100.8;70.0;2690.0;;;2710;2730;2800.0;;;;;30.0;18.0;1.3;137;2.4;120.0;500.0;355.0
08/11/2022;P22-141;rPET;72.0;0.3;2.0;90.0;3.0;2.0;12.5;62.0;270.0;280.0;285.0;290.0;390.0;98.0;70.0;2690.0;;;2710;2730;2800.0;;;;;30.0;18.0;1.3;135;2.35;115.0;500.0;355.0
16/11/2022;P22-142;rPET Batch 1;72.0;0.3;2.0;60.0;3.0;2.0;14.0;58.0;270.0;275.0;285.0;290.0;295.0;114.4;70.0;2700.0;;;2720;2735;2800.0;;;;;30.0;20.0;1.3;150;2.62;114.8;500.0;355.0
16/11/2022;P22-143;rPET Batch 1;72.0;0.3;2.0;60.0;3.0;2.0;12.0;58.4;270.0;275.0;285.0;290.0;295.0;99.2;70.0;2700.0;;;2720;2735;2800.0;;;;;30.0;20.0;1.3;130;2.59;115.0;500.0;355.0
21/11/2022;P22-144;TPE + 10% Plastificante;48.0;0.4;4.0;90.0;;;14.0;33.0;190.0;195.0;200.0;205.0;210.0;28.0;70.0;2401.0;;;2401;2436;2520.0;;;;;40.0;23.0;1.3;170;0.64;130.0;;
21/11/2022;P22-145;TPE + 10% Plastificante;48.0;0.4;4.0;90.0;;;14.0;33.0;190.0;195.0;200.0;205.0;210.0;28.0;70.0;2700.0;;;2724;2749;2850.0;;;;;80.0;25.0;1.8;150;0.7;114.8;;
29/11/2022;P22-146;rPET DECATHLON;36.0;0.3;2.0;90.0;4.0;2.0;14.0;54.0;250.0;260.0;265.0;265.0;260.0;171.0;60.0;2866.0;;;2900;2900;3000.0;;;;;40.0;20.0;1.5;135;1.6;118.8;500.0;355.0
30/11/2022;P22-147;rPET 50/50;36.0;0.3;2.0;90.0;3.0;2.0;14.0;62.0;260.0;265.0;270.0;270.0;270.0;91.8;60.0;2866.0;;;2900;2900;3000.0;;;;;60.0;20.0;1.55;140;1.45;130.8;500.0;355.0
30/11/2022;P22-148;rPET 50/50;36.0;0.3;2.0;90.0;3.0;2.0;13.5;61.0;260.0;265.0;270.0;270.0;272.0;86.5;60.0;2866.0;;;2900;2900;3000.0;;;;;60.0;20.0;1.55;135;1.45;133.9;500.0;355.0
30/11/2022;P22-149;rPET 50/50;36.0;0.3;2.0;90.0;3.0;2.0;13.0;67.0;260.0;265.0;270.0;270.0;272.0;80.8;60.0;2866.0;;;2900;2900;3000.0;;;;;60.0;20.0;1.55;130;1.49;140.0;500.0;355.0
12/12/2022;P22-150;100% NEGOMBO SIN COLOR;72.0;0.3;2.0;60.0;;;15.0;70.0;250.0;260.0;260.0;265.0;270.0;46.2;60.0;2866.0;;;2900;2900;3000.0;20.0;;;;60.0;20.0;1.3;150;1.72;104.0;;
19/12/2022;P22-151;PEF 75:25 (0560:0491);48.0;0.4;2.0;90.0;6.0;178.0;25.0;50.0;240.0;250.0;255.0;260.0;265.0;200.0;50.0;2886.0;;;2910;2895;2990.0;21.0;;;;40.0;15.0;1.5;270;2.2;143.4;500.0;355.0
19/12/2022;P22-152;PEF 75:25 (0560:0491);48.0;0.4;2.0;90.0;6.0;178.0;26.5;50.0;240.0;250.0;255.0;260.0;265.0;222.0;50.0;2886.0;;;2910;2895;2990.0;21.0;;;;40.0;15.0;1.5;295;2.15;142.0;500.0;355.0
19/12/2022;P22-153;PEF 75:25 (0560:0491);48.0;0.4;2.0;90.0;6.0;178.0;30.5;52.0;240.0;250.0;255.0;265.0;270.0;217.0;50.0;3390.0;;;3414;3405;3500.0;21.0;;;;50.0;16.0;1.6;290;2.31;131.4;500.0;355.0
19/12/2022;P22-154;PEF 75:25 (0560:0491);48.0;0.4;2.0;90.0;6.0;178.0;35.0;36.0;240.0;250.0;255.0;270.0;275.0;201.0;50.0;3890.0;;;3895;3885;4000.0;21.0;;;;70.0;16.0;1.6;295;2.31;108.3;500.0;355.0
20/12/2022;P22-155;PEF 75:25 (0560:0491);48.0;0.4;2.0;90.0;2.0;178.0;17.0;40.8;240.0;250.0;255.0;260.0;260.0;170.0;50.0;3903.0;;;3898;3883;4000.0;12.0;;;;50.0;16.0;1.6;135;2.87;97.0;500.0;355.0
20/12/2022;P22-156;PEF 75:25 (0560:0491);48.0;0.4;2.0;90.0;2.0;178.0;13.6;38.0;240.0;250.0;255.0;260.0;260.0;170.0;50.0;3395.0;;;3898;3399;3500.0;12.0;;;;50.0;16.0;1.6;125;2.54;83.5;500.0;355.0
20/12/2022;P22-157;PEF 75:25 (0560:0491);48.0;0.4;2.0;90.0;2.0;178.0;13.6;35.0;240.0;250.0;255.0;260.0;260.0;153.0;50.0;3395.0;;;3898;3399;3500.0;12.0;;;;50.0;16.0;1.6;120;2.43;93.2;500.0;355.0
21/12/2022;P22-158;PET + PEF;48.0;0.4;2.0;90.0;1.0;;13.0;32.0;270.0;280.0;285.0;285.0;290.0;230.0;80.0;3230.0;650.0;1750.0;2152;2005;2070.0;17.0;120.0;130.0;140.0;40.0;10.0;1.6;200;3.03;38.4;500.0;355.0
21/12/2022;P22-159;PET + PEF;48.0;0.4;2.0;90.0;1.0;;12.0;45.0;270.0;275.0;280.0;285.0;285.0;230.0;80.0;2900.0;650.0;1750.0;2910;2895;2995.0;13.0;120.0;130.0;140.0;50.0;15.0;1.6;125;2.85;86.2;500.0;355.0
21/12/2022;P22-160;PET + PEF;48.0;0.4;2.0;90.0;1.0;;12.0;45.0;275.0;285.0;290.0;290.0;290.0;230.0;80.0;2900.0;650.0;1750.0;2910;2895;2995.0;13.0;120.0;130.0;140.0;50.0;15.0;1.6;125;3.08;94.44;500.0;355.0
21/12/2022;P22-161;PET + PEF;48.0;0.4;2.0;90.0;1.0;;13.0;35.0;275.0;285.0;290.0;290.0;290.0;230.0;80.0;2900.0;650.0;1750.0;2910;2895;2995.0;13.0;120.0;130.0;140.0;50.0;15.0;1.6;135;2.9;93.5;500.0;355.0
29/12/2022;P22-162;30/70 (Color/rPET);36.0;0.3;2.0;90.0;3.0;178.0;13.0;61.0;268.0;273.0;280.0;275.0;278.0;76.0;60.0;2876.0;;;2900;2900;3005.0;;;;;30.0;16.0;1.5;130;1.64;141.3;500.0;355.0
17/01/2023;P23-02;PES SEMI-MAT;48.0;0.3;2.0;60.0;4.0;2.0;20.0;62.0;280.0;290.0;295.0;295.0;295.0;267.0;60.0;3000.0;;;3008;3003;3100.0;;;;;40.0;30.0;1.1;190;2.32;132.1;500.0;355.0
17/01/2023;P23-03;PES GRAFENO 5000 ppm;48.0;0.3;2.0;60.0;4.0;2.0;20.0;55.0;280.0;290.0;295.0;295.0;295.0;344.0;60.0;3000.0;;;3008;3003;3100.0;;;;;40.0;30.0;1.1;190;2.44;120.7;500.0;355.0
17/01/2023;P23-04;PES GRAFENO 10000 ppm;48.0;0.3;2.0;60.0;4.0;2.0;20.0;71.0;265.0;270.0;275.0;280.0;285.0;201.0;60.0;3000.0;;;3008;3003;3100.0;;;;;40.0;30.0;1.1;195;1.94;128.2;500.0;355.0
18/01/2023;P23-05;PE PURELL GA7760 + 4% Aditivo;72.0;0.4;4.0;105.0;2.0;2.0;28.0;44.0;200.0;200.0;200.0;200.0;205.0;347.0;60.0;500.0;720.0;1000.0;1100;1052;1050.0;2.0;60.0;40.0;;80.0;30.0;2.1;170;0.41;292.8;850.0;500.0
18/01/2023;P23-06;PE PURELL GA7760 + 4% Aditivo;72.0;0.4;4.0;105.0;2.0;2.0;33.0;44.0;200.0;200.0;200.0;200.0;205.0;347.0;60.0;500.0;720.0;1000.0;1100;1052;1050.0;2.0;60.0;40.0;;80.0;30.0;2.1;460;0.71;371.0;850.0;500.0
18/01/2023;P23-07;PE PURELL GA7760 + 4% Aditivo;72.0;0.6;4.0;105.0;2.0;2.0;42.0;57.0;200.0;200.0;200.0;200.0;205.0;336.0;60.0;550.0;800.0;1900.0;2200;2150;2180.0;2.0;60.0;50.0;50.0;100.0;30.0;2.1;415;1.47;147.0;850.0;500.0
18/01/2023;P23-08;PE PURELL GA7760 + 4% Aditivo;72.0;0.6;4.0;105.0;2.0;2.0;42.0;57.0;200.0;200.0;200.0;200.0;205.0;343.0;60.0;550.0;800.0;1900.0;2171;2150;2085.0;2.0;40.0;40.0;50.0;100.0;30.0;2.1;415;1.57;180.3;850.0;500.0
18/01/2023;P23-09;PE PURELL GA7760 + 4% Aditivo;72.0;0.6;4.0;105.0;2.0;2.0;42.0;57.0;200.0;200.0;200.0;200.0;205.0;343.0;60.0;550.0;800.0;1900.0;2171;1981;2045.0;22.0;40.0;40.0;50.0;100.0;30.0;2.1;415;1.51;170.3;850.0;500.0
18/01/2023;P23-10;PE PURELL GA7760 + 4% Aditivo;72.0;0.6;4.0;105.0;2.0;2.0;42.0;57.0;200.0;200.0;200.0;200.0;205.0;343.0;60.0;550.0;800.0;1900.0;2171;1981;2045.0;22.0;40.0;40.0;35.0;100.0;30.0;2.1;415;1.46;176.0;850.0;500.0
18/01/2023;P23-11;PE PURELL GA7760 + 4% Aditivo;72.0;0.6;4.0;105.0;2.0;2.0;42.0;57.0;200.0;200.0;200.0;200.0;205.0;343.0;60.0;550.0;800.0;1900.0;2171;1981;2045.0;22.0;40.0;40.0;70.0;100.0;30.0;2.1;415;1.28;192.3;850.0;500.0
18/01/2023;P23-12;PE PURELL GA7760 + 4% Aditivo;72.0;0.6;4.0;105.0;2.0;2.0;42.0;59.0;200.0;200.0;200.0;200.0;205.0;245.0;60.0;550.0;800.0;2350.0;2600;2350;2430.0;17.0;40.0;40.0;70.0;100.0;30.0;2.1;320;1.88;120.0;850.0;500.0
02/02/2023;P23-15;NEGOMBO WHITE 30% + rPET 70%;36.0;0.3;2.0;90.0;3.0;178.0;13.0;45.0;270.0;275.0;280.0;275.0;280.0;203.0;60.0;2876.0;;;2925;2930;3031.0;;;;;40.0;16.0;1.5;130;2.08;115.0;850.0;500.0
02/02/2023;P23-16;NEGOMBO WHITE 30% + rPET 70%;36.0;0.3;2.0;90.0;3.0;178.0;13.0;45.0;275.0;278.0;280.0;285.0;285.0;167.0;60.0;2876.0;;;2949;2974;3045.0;;;;;40.0;16.0;1.5;130;2.02;130.0;850.0;500.0
07/02/2023;P23-18;BATCH 2;36.0;0.3;2.0;90.0;3.0;2.0;14.0;40.0;275.0;280.0;290.0;295.0;298.0;200.0;75.0;2949.0;;;2978;2964;3065.0;20.0;;;;40.0;16.0;1.5;140;2.15;129.0;500.0;355.0
07/02/2023;P23-19;BATCH 2;36.0;0.3;2.0;90.0;3.0;2.0;13.0;40.0;275.0;280.0;290.0;295.0;298.0;200.0;75.0;2949.0;;;2978;2964;3065.0;20.0;;;;40.0;16.0;1.5;125;2.2;130.0;500.0;355.0
07/02/2023;P23-20;BATCH 2;36.0;0.3;2.0;90.0;3.0;2.0;13.5;40.0;275.0;280.0;290.0;290.0;295.0;207.0;75.0;2955.0;;;2978;2960;3070.0;12.0;;;;40.0;16.0;1.5;130;2.11;130.0;500.0;355.0
08/02/2023;P23-21;BATCH 2;72.0;0.3;2.0;90.0;1.0;2.0;13.5;46.0;280.0;290.0;295.0;295.0;305.0;139.0;95.0;2954.0;;;2970;2960;3068.0;16.0;;;;40.0;20.0;1.35;135;2.22;126.0;500.0;355.0
08/02/2023;P23-22;BATCH 2;72.0;0.3;2.0;90.0;1.0;2.0;13.2;45.0;280.0;290.0;295.0;300.0;305.0;130.0;95.0;2954.0;;;2970;2960;3068.0;16.0;;;;40.0;20.0;1.35;130;2.15;126.0;500.0;355.0
08/02/2023;P23-23;BATCH 2;72.0;0.3;2.0;90.0;1.0;2.0;13.0;46.0;280.0;290.0;295.0;300.0;300.0;139.0;95.0;2880.0;;;2915;2900;3000.0;18.0;;;;40.0;20.0;1.3;130;2.3;130.0;500.0;355.0
08/02/2023;P23-24;BATCH 2;72.0;0.3;2.0;90.0;1.0;2.0;13.0;46.0;280.0;290.0;295.0;300.0;300.0;139.0;95.0;2900.0;;;2930;2895;3000.0;18.0;;;;30.0;20.0;1.3;130;2.3;133.0;500.0;355.0
09/02/2023;P23-26;TPX DX350;48.0;0.4;4.0;60.0;;;10.0;51.0;275.0;285.0;290.0;290.0;285.0;47.0;80.0;1600.0;1650.0;1960.0;2350;2250;2330.0;;135.0;160.0;140.0;30.0;15.0;1.4;85;2.0;20.0;;
09/02/2023;P23-27;TPX DX350;48.0;0.4;4.0;60.0;;;10.21;53.0;275.0;285.0;290.0;290.0;285.0;37.0;80.0;1600.0;1650.0;1960.0;2350;2250;2330.0;;135.0;160.0;140.0;30.0;15.0;1.4;88;2.05;22.0;;
09/02/2023;P23-28;TPX DX350;48.0;0.4;4.0;60.0;;;9.5;51.0;275.0;285.0;290.0;290.0;285.0;42.0;80.0;920.0;1070.0;1638.0;2108;2044;2120.0;;135.0;160.0;140.0;30.0;12.0;1.4;88;3.54;25.7;;
09/02/2023;P23-29;TPX DX350;48.0;0.4;4.0;60.0;;;9.5;51.0;275.0;285.0;290.0;290.0;285.0;42.0;80.0;950.0;1100.0;1670.0;2108;2044;2124.0;13.0;135.0;160.0;140.0;30.0;12.0;1.4;90;3.3;25.7;;
09/02/2023;P23-30;TPX DX350;48.0;0.4;4.0;60.0;;;9.5;51.0;275.0;285.0;290.0;290.0;285.0;42.0;80.0;960.0;1100.0;1680.0;2108;2044;2124.0;13.0;135.0;160.0;140.0;30.0;12.0;1.4;90;3.37;26.4;;
01/03/2023;P23-32;NEGOMBO BLACK 30% + rPET 70%;72.0;0.3;2.0;90.0;3.0;178.0;13.0;46.0;268.0;273.0;280.0;275.0;278.0;32.0;60.0;2851.0;;;2861;2861;;;;;;20.0;16.0;1.5;130;1.78;138.5;500.0;355.0
01/03/2023;P23-33;NEGOMBO BLACK 30% + rPET 70%;72.0;0.3;2.0;90.0;3.0;178.0;13.0;46.0;268.0;273.0;280.0;275.0;278.0;29.0;60.0;3101.0;;;3125;3125;3230.0;;;;;30.0;16.0;1.5;123;1.72;123.0;500.0;355.0
01/03/2023;P23-34;NEGOMBO BLACK 30% + rPET 70%;72.0;0.3;2.0;90.0;3.0;178.0;14.0;53.0;270.0;275.0;283.0;278.0;278.0;29.0;60.0;2875.0;;;2940;2940;3040.0;;;;;30.0;16.0;1.5;130;1.78;132.0;500.0;355.0
02/03/2023;P23-36;rPET;72.0;0.4;2.0;90.0;3.0;2.0;24.0;45.0;285.0;295.0;300.0;300.0;297.0;251.0;120.0;3037.0;;;3057;3027;3130.0;;;;;50.0;25.0;;230;2.78;120.0;500.0;355.0
02/03/2023;P23-37;rPET;72.0;0.4;2.0;90.0;3.0;2.0;22.0;43.0;285.0;295.0;300.0;300.0;297.0;243.0;100.0;3037.0;;;3057;3027;3130.0;;;;;50.0;24.0;;210;2.43;105.0;500.0;355.0
14/03/2023;P23-38;TPX 350;48.0;0.4;4.0;60.0;2.0;2.0;11.0;65.0;275.0;285.0;290.0;290.0;286.0;32.0;120.0;1599.0;1799.0;2125.0;2612;2543;2650.0;;150.0;160.0;140.0;30.0;20.0;1.4;85;1.8;20.0;500.0;355.0
14/03/2023;P23-39;TPX 350;48.0;0.4;4.0;60.0;2.0;2.0;11.2;65.0;275.0;285.0;290.0;290.0;286.0;32.0;120.0;1599.0;1799.0;2125.0;2612;2543;2650.0;;150.0;160.0;140.0;30.0;20.0;1.4;85;2.25;22.0;500.0;355.0
14/03/2023;P23-40;TPX 350;48.0;0.4;4.0;60.0;2.0;2.0;12.0;92.6;275.0;285.0;290.0;290.0;286.0;32.0;120.0;1648.0;1826.0;2215.0;2675;2602;2700.0;;150.0;160.0;140.0;30.0;20.0;1.4;88;2.23;23.6;500.0;355.0
14/03/2023;P23-41;TPX 350;48.0;0.4;4.0;60.0;2.0;2.0;9.5;87.0;275.0;285.0;290.0;290.0;288.0;17.1;120.0;980.0;1124.0;1695.0;2108;2045;2134.0;;160.0;160.0;150.0;15.0;18.0;1.4;91;3.42;27.5;500.0;355.0
14/03/2023;P23-42;TPX 350;48.0;0.4;4.0;60.0;2.0;2.0;9.5;87.0;275.0;285.0;290.0;290.0;288.0;17.1;120.0;990.0;1140.0;1700.0;2108;2045;2134.0;;160.0;160.0;150.0;30.0;18.0;1.4;90;3.48;28.2;500.0;355.0
14/03/2023;P23-43;TPX 350;48.0;0.4;4.0;60.0;2.0;2.0;9.4;82.0;275.0;285.0;290.0;290.0;285.0;23.0;120.0;890.0;1050.0;1650.0;2020;1945;2035.0;;160.0;165.0;150.0;30.0;16.0;1.4;90;3.44;28.9;500.0;355.0
14/03/2023;P23-44;TPX 350;48.0;0.4;4.0;60.0;2.0;2.0;9.5;82.0;275.0;285.0;290.0;290.0;285.0;23.0;120.0;1800.0;1920.0;1970.0;2220;1985;2075.0;;160.0;165.0;150.0;30.0;16.0;1.4;88;1.4;25.0;500.0;355.0
16/03/2023;P23-46;LLDPE ASPUN (RESINEX);72.0;0.6;4.0;105.0;;;30.0;53.0;215.0;220.0;225.0;225.0;225.0;145.0;120.0;641.0;670.0;2350.0;2602;2274;2370.0;;50.0;50.0;72.0;85.0;25.0;2.3;240;1.72;250.0;;
16/03/2023;P23-47;LLDPE ASPUN (RESINEX);72.0;0.6;4.0;105.0;;;30.0;53.0;215.0;220.0;225.0;225.0;225.0;145.0;120.0;650.0;670.0;2350.0;2700;2375;2475.0;;50.0;50.0;72.0;85.0;25.0;2.3;230;1.84;234.0;;
16/03/2023;P23-48;LLDPE ASPUN (RESINEX);72.0;0.6;4.0;105.0;;;30.0;53.0;215.0;220.0;225.0;225.0;225.0;145.0;120.0;650.0;670.0;2710.0;3000;2800;2900.0;;50.0;50.0;72.0;85.0;25.0;2.3;195;2.1;156.0;;
16/03/2023;P23-49;LLDPE ASPUN (RESINEX);72.0;0.6;4.0;105.0;;;22.0;53.0;215.0;220.0;225.0;225.0;225.0;190.0;140.0;650.0;699.0;2200.0;2500;2450;2520.0;;50.0;62.0;77.0;5.0;20.0;2.3;170;1.81;196.0;;
06/04/2023;P23-50;TPX 350;48.0;0.4;4.0;60.0;2.0;178.0;15.0;88.0;275.0;285.0;290.0;290.0;285.0;50.0;120.0;1648.0;1826.0;2215.0;2675;2577;2680.0;;158.0;185.0;150.0;30.0;20.0;1.4;110;2.26;22.17;500.0;355.0
06/04/2023;P23-51;TPX 350;48.0;0.4;4.0;60.0;2.0;178.0;17.4;89.0;275.0;285.0;290.0;290.0;285.0;65.3;120.0;1648.0;1826.0;2215.0;2675;2577;2680.0;;158.0;185.0;150.0;30.0;20.0;1.4;131;2.14;23.11;500.0;355.0
26/04/2023;P23-52;PLA + 0.1 Silano;48.0;0.4;2.0;60.0;1.0;178.0;11.0;50.0;210.0;215.0;220.0;225.0;225.0;0.0;40.0;850.0;900.0;1800.0;2050;2050;2109.0;;70.0;100.0;131.0;30.0;18.0;1.35;160;1.12;32.6;500.0;355.0
26/04/2023;P23-53;PLA + 0.1 Silano;48.0;0.4;2.0;60.0;1.0;178.0;13.0;55.0;210.0;215.0;220.0;225.0;225.0;0.0;40.0;850.0;900.0;1300.0;2350;2500;2573.0;;70.0;100.0;131.0;30.0;18.0;1.35;150;1.92;37.7;500.0;355.0
04/05/2023;P23-54;rPET;72.0;0.3;2.0;90.0;1.0;178.0;13.0;79.0;280.0;285.0;290.0;290.0;290.0;104.4;70.0;2900.0;;;2915;2895;3000.0;14.0;;;;30.0;20.0;1.3;130;2.45;111.22;500.0;355.0
04/05/2023;P23-55;rPET;72.0;0.3;2.0;90.0;1.0;178.0;13.0;79.0;280.0;288.0;292.0;295.0;295.0;104.2;105.0;2810.0;;;2817;2793;2920.0;14.0;;;;30.0;18.0;1.3;133;2.58;124.42;500.0;355.0
23/05/2023;P23-58;PLA;72.0;0.3;2.0;90.0;2.0;2.0;28.8;48.0;98.3;80.0;225.0;230.0;240.0;245.0;240.0;2950.0;;;3100;3100;3080.0;;;;;40.0;20.0;1.5;260;2.1;65.67;500.0;355.0
23/05/2023;P23-59;PLA;72.0;0.3;2.0;90.0;2.0;2.0;28.0;51.0;100.0;80.0;230.0;235.0;245.0;250.0;240.0;3050.0;;;3080;3062;3172.0;;;;;40.0;18.0;1.5;240;2.32;71.17;500.0;355.0
23/05/2023;P23-60;PLA;72.0;0.3;2.0;90.0;2.0;2.0;23.0;48.5;83.1;80.0;230.0;235.0;245.0;250.0;240.0;2700.0;;;2719;2705;2800.0;;;;;40.0;18.0;1.5;230;2.0;78.0;500.0;355.0
23/05/2023;P23-61;PLA;72.0;0.3;2.0;90.0;2.0;2.0;23.5;47.0;82.2;80.0;230.0;235.0;245.0;250.0;240.0;2600.0;;;2620;2605;2700.0;;;;;40.0;18.0;1.5;235;2.05;84.4;500.0;355.0
23/05/2023;P23-62;PLA;72.0;0.3;2.0;90.0;2.0;2.0;24.5;48.0;83.6;80.0;230.0;235.0;245.0;250.0;240.0;2600.0;;;2620;2605;2700.0;;;;;40.0;18.0;1.5;250;1.94;78.4;500.0;355.0
23/05/2023;P23-63;PLA;72.0;0.3;2.0;90.0;2.0;2.0;21.0;45.0;76.0;80.0;230.0;235.0;245.0;250.0;240.0;2600.0;;;2625;2615;2700.0;;;;;40.0;18.0;1.5;210;2.11;85.3;500.0;355.0
24/05/2023;P23-64;PHB DAN 04493;48.0;0.4;4.0;90.0;4.0;178.0;12.0;20.0;90.0;50.0;165.0;170.0;175.0;180.0;185.0;1500.0;;;1800;1950;2000.0;;;;;30.0;20.0;1.4;165;1.28;55.6;500.0;355.0
24/05/2023;P23-65;PHB DAN 04493;48.0;0.4;4.0;90.0;4.0;178.0;15.0;22.0;188.0;50.0;165.0;170.0;175.0;180.0;185.0;2100.0;;;2150;2123;2000.0;;;;;40.0;20.0;1.55;200;0.93;58.4;500.0;355.0
24/05/2023;P23-66;PHB DAN 04493;48.0;0.4;4.0;90.0;4.0;178.0;14.0;21.0;162.0;50.0;165.0;170.0;175.0;180.0;185.0;2100.0;;;2150;2142;2000.0;;;;;35.0;20.0;1.55;180;0.8;43.3;500.0;355.0
24/05/2023;P23-67;PHB DAN 04493;48.0;0.4;4.0;90.0;4.0;178.0;13.5;20.0;156.0;50.0;165.0;170.0;175.0;180.0;185.0;2130.0;;;2150;2132;2222.0;;;;;20.0;16.0;1.4;165;1.0;47.5;500.0;355.0
24/05/2023;P23-68;PHB DAN 04493;48.0;0.4;4.0;90.0;4.0;178.0;13.5;20.0;156.0;50.0;165.0;170.0;175.0;180.0;185.0;2130.0;;;2150;2132;2222.0;;;;;10.0;16.0;1.4;165;1.01;43.0;500.0;355.0
24/05/2023;P23-69;PHB DAN 04493;48.0;0.4;4.0;90.0;4.0;178.0;13.5;20.0;156.0;50.0;165.0;170.0;175.0;180.0;185.0;2130.0;;;2150;2132;2222.0;;;;;13.0;16.0;1.4;165;0.73;36.0;500.0;355.0
24/05/2023;P23-70;PHB DAN 04493;48.0;0.4;4.0;90.0;4.0;178.0;12.0;23.0;102.0;50.0;170.0;175.0;180.0;185.0;190.0;1500.0;;;1800;1950;2000.0;;;;;20.0;20.0;1.4;178;1.4;51.0;500.0;355.0
24/05/2023;P23-71;PHB DAN 04493;48.0;0.4;4.0;90.0;4.0;178.0;12.0;23.0;66.0;50.0;170.0;175.0;180.0;185.0;190.0;1400.0;;;1800;1950;2000.0;;;;;20.0;20.0;1.4;170;1.38;46.0;500.0;355.0
24/05/2023;P23-72;PHB DAN 04493;48.0;0.4;4.0;90.0;4.0;178.0;11.5;23.0;40.0;50.0;170.0;175.0;180.0;185.0;190.0;1400.0;;;1800;1950;2000.0;;;;;20.0;20.0;1.4;160;1.49;46.0;500.0;355.0
24/05/2023;P23-73;PHB DAN 04493;48.0;0.4;4.0;90.0;4.0;178.0;11.7;24.0;44.0;50.0;170.0;175.0;185.0;190.0;195.0;1350.0;1425.0;1850.0;1930;1995;2075.0;;40.0;60.0;70.0;20.0;20.0;1.4;168;1.36;38.0;500.0;355.0
24/05/2023;P23-75;PHB DAN 04493;48.0;0.4;4.0;90.0;4.0;178.0;11.7;24.0;56.0;50.0;170.0;175.0;185.0;190.0;195.0;1700.0;1850.0;2150.0;2350;2450;2540.0;;50.0;65.0;75.0;20.0;20.0;1.4;141;1.4;30.0;500.0;355.0
24/05/2023;P23-76;PHB DAN 04493;48.0;0.4;4.0;90.0;4.0;178.0;11.2;25.0;19.5;50.0;173.0;178.0;188.0;198.0;198.0;1400.0;;;1800;1950;2000.0;;;;;20.0;20.0;1.4;168;1.16;48.0;500.0;355.0
24/05/2023;P23-77;PHB DAN 04493;48.0;0.4;4.0;90.0;4.0;178.0;11.5;26.0;19.5;50.0;173.0;178.0;188.0;198.0;198.0;1350.0;;;2000;2040;2000.0;;;;;20.0;20.0;1.4;166;1.2;40.0;500.0;355.0
24/05/2023;P23-78;PHB DAN 04493;48.0;0.4;4.0;90.0;4.0;178.0;11.5;26.0;36.0;50.0;170.0;175.0;185.0;190.0;195.0;1400.0;;;1980;2040;2060.0;;;;;20.0;20.0;1.4;170;1.27;43.0;500.0;355.0
24/05/2023;P23-79;PHB DAN 04493;48.0;0.4;4.0;90.0;4.0;178.0;11.5;23.0;32.0;50.0;170.0;175.0;185.0;190.0;195.0;1400.0;;;1800;1950;2000.0;;;;;20.0;20.0;1.4;165;1.3;40.0;500.0;355.0
24/05/2023;P23-80;PHB DAN 04493;48.0;0.4;4.0;90.0;4.0;178.0;11.5;23.0;54.0;50.0;170.0;175.0;180.0;185.0;195.0;1400.0;;;1800;1950;2000.0;;;;;20.0;20.0;1.4;167;1.24;41.0;500.0;355.0
24/05/2023;P23-82;PHB DAN 04493;48.0;0.4;4.0;90.0;4.0;178.0;11.5;23.0;35.8;50.0;170.0;175.0;180.0;185.0;195.0;1400.0;;;1800;1950;2000.0;;;;;30.0;25.0;1.4;174;1.3;42.0;500.0;355.0
30/05/2023;P23-83;rPET 30/70;72.0;0.25;2.0;60.0;3.0;2.0;18.0;85.0;42.2;70.0;262.0;270.0;275.0;275.0;280.0;2401.0;;;2421;2401;2490.0;15.0;;;;30.0;18.0;1.5;220;1.46;205.0;500.0;355.0
30/05/2023;P23-84;rPET 30/70;72.0;0.25;2.0;60.0;3.0;2.0;18.0;85.0;42.2;70.0;262.0;270.0;275.0;275.0;275.0;2401.0;;;2421;2401;2490.0;15.0;;;;30.0;18.0;1.5;225;1.47;201.0;500.0;355.0
30/05/2023;P23-85;rPET 30/70;72.0;0.25;2.0;60.0;3.0;2.0;19.4;85.0;52.0;70.0;262.0;270.0;275.0;275.0;275.0;2600.0;;;2621;2605;2695.0;15.0;;;;30.0;18.0;1.5;219;1.47;183.92;500.0;355.0
30/05/2023;P23-86;rPET 30/70;72.0;0.25;2.0;60.0;3.0;2.0;20.0;85.0;55.5;70.0;262.0;270.0;275.0;275.0;275.0;2800.0;;;2821;2800;2895.0;15.0;;;;50.0;20.0;1.5;205;1.66;167.0;500.0;355.0
30/05/2023;P23-87;rPET 30/70;72.0;0.25;2.0;60.0;3.0;2.0;19.2;80.0;57.3;70.0;260.0;270.0;275.0;275.0;275.0;2600.0;;;2617;2602;2695.0;15.0;;;;30.0;20.0;1.5;215;1.58;177.36;500.0;355.0
30/05/2023;P23-88;rPET 30/70;72.0;0.25;2.0;60.0;3.0;2.0;19.2;80.0;57.3;70.0;260.0;270.0;275.0;275.0;275.0;2600.0;;;2617;2602;2695.0;15.0;;;;40.0;20.0;1.5;210;1.61;186.5;500.0;355.0
30/05/2023;P23-89;rPET 30/70;72.0;0.25;2.0;60.0;3.0;2.0;19.2;80.0;57.3;70.0;260.0;270.0;275.0;275.0;275.0;2600.0;;;2617;2602;2695.0;15.0;;;;20.0;20.0;1.5;210;1.68;188.63;500.0;355.0
31/05/2023;P23-90;rPET;72.0;0.3;2.0;60.0;3.0;2.0;14.8;48.0;88.6;70.0;275.0;280.0;285.0;290.0;290.0;768.0;821.0;1374.0;2514;2485;2555.0;;89.0;97.0;115.0;40.0;18.0;1.3;175;3.45;37.61;500.0;355.0
31/05/2023;P23-91;rPET;72.0;0.3;2.0;60.0;3.0;2.0;12.6;54.0;75.4;50.0;285.0;295.0;300.0;295.0;295.0;768.0;821.0;1374.0;2514;2485;2555.0;;88.0;130.0;140.0;40.0;18.0;1.3;150;3.5;38.0;500.0;355.0
31/05/2023;P23-92;rPET;72.0;0.3;2.0;60.0;3.0;2.0;12.6;56.0;49.2;50.0;285.0;295.0;295.0;290.0;290.0;792.0;818.0;1375.0;2485;2455;2530.0;;88.0;130.0;140.0;40.0;18.0;1.3;150;3.4;24.0;500.0;355.0
31/05/2023;P23-93;rPET;72.0;0.3;2.0;60.0;3.0;2.0;12.6;53.0;70.8;50.0;285.0;300.0;300.0;295.0;290.0;792.0;818.0;1404.0;2504;2445;2520.0;;88.0;130.0;140.0;40.0;18.0;1.3;150;3.27;27.53;500.0;355.0
07/06/2023;P23-94;PLA + 0.1 Silano;48.0;0.4;2.0;60.0;1.0;178.0;13.0;80.0;0.0;45.0;225.0;225.0;225.0;230.0;230.0;851.0;975.0;1451.0;2450;2450;2520.0;14.0;80.0;110.0;95.0;35.0;18.0;1.2;152;1.27;35.78;500.0;355.0
07/06/2023;P23-95;PLA + 0.1 Silano;48.0;0.4;2.0;60.0;1.0;178.0;13.0;73.0;0.0;40.0;225.0;225.0;225.0;230.0;230.0;900.0;1026.0;1799.0;2626;2651;2730.0;15.0;78.0;95.0;96.0;15.0;18.0;1.2;147;1.62;35.87;500.0;355.0
20/06/2023;P23-105;rPET;72.0;0.3;2.0;90.0;1.0;2.0;13.0;60.0;70.0;105.0;280.0;288.0;292.0;295.0;295.0;2773.0;;;2817;2802;;;;;;25.0;18.0;1.5;135;2.43;128.0;500.0;355.0
20/06/2023;P23-106;rPET;72.0;0.3;2.0;90.0;1.0;2.0;11.9;60.0;76.0;105.0;280.0;288.0;292.0;295.0;295.0;2773.0;;;2783;2778;2885.0;15.0;;;;35.0;15.0;1.3;128;2.47;136.75;500.0;355.0
20/06/2023;P23-107;rPET;72.0;0.2;2.0;90.0;1.0;2.0;11.9;59.0;100.6;105.0;280.0;288.0;292.0;295.0;295.0;2773.0;;;2783;2778;2885.0;15.0;;;;35.0;15.0;1.3;128;2.42;136.32;500.0;355.0
20/06/2023;P23-108;rPET;72.0;0.3;2.0;90.0;4.0;2.0;11.9;59.0;87.5;125.0;280.0;288.0;292.0;295.0;295.0;2773.0;;;2783;2778;2885.0;15.0;;;;30.0;15.0;1.3;129;2.4;137.0;500.0;355.0
03/07/2023;P23-109;COPET;72.0;0.25;2.0;60.0;;2.0;14.0;28.0;168.7;70.0;230.0;235.0;240.0;240.0;240.0;2201.0;;;2230;2220;2300.0;21.0;;;;35.0;15.0;1.05;190;1.32;172.0;;
03/07/2023;P23-110;COPET;72.0;0.25;2.0;60.0;;2.0;14.0;30.0;162.0;70.0;230.0;235.0;240.0;240.0;240.0;2400.0;;;2430;2420;2500.0;21.0;;;;35.0;15.0;1.05;170;1.43;166.42;;
03/07/2023;P23-111;COPET;72.0;0.25;2.0;60.0;;2.0;14.0;28.0;172.0;70.0;230.0;235.0;240.0;240.0;240.0;2900.0;;;2930;2920;3010.0;10.0;;;;35.0;18.0;1.05;145;1.85;133.58;;
03/07/2023;P23-112;COPET;72.0;0.25;2.0;60.0;;2.0;24.0;42.0;373.0;70.0;230.0;235.0;240.0;240.0;240.0;2900.0;;;2930;2920;3010.0;18.0;;;;35.0;18.0;1.4;230;1.91;146.08;;
03/07/2023;P23-113;COPET;72.0;0.25;2.0;60.0;7.0;2.0;33.0;72.0;267.0;70.0;230.0;235.0;240.0;240.0;240.0;2900.0;;;2930;2920;3010.0;18.0;;;;35.0;18.0;1.6;328;1.69;158.0;500.0;355.0
03/07/2023;P23-113;COPET;72.0;0.3;2.0;90.0;7.0;2.0;43.0;84.0;389.0;70.0;230.0;235.0;240.0;240.0;240.0;2900.0;;;2930;2920;3010.0;18.0;;;;35.0;18.0;1.6;429;1.65;160.0;500.0;355.0
11/07/2023;P23-118;PS 454N;48.0;0.4;4.0;90.0;;;22.0;50.0;112.6;106.0;250.0;260.0;265.0;265.0;265.0;1650.0;1750.0;1950.0;2000;1970;2040.0;22.0;60.0;70.0;100.0;50.0;24.0;1.7;257;0.97;26.98;;
11/07/2023;P23-119;PS 454N;48.0;0.4;4.0;90.0;;;22.0;50.0;109.0;103.0;250.0;260.0;265.0;265.0;265.0;1986.0;1750.0;1950.0;2000;1981;2045.0;22.0;60.0;70.0;100.0;40.0;20.0;2.0;257;0.76;34.3;;
12/07/2023;P23-120;ADVANITE 53001;72.0;0.35;4.0;178.0;;;21.0;44.0;135.3;115.7;255.0;260.0;265.0;270.0;270.0;900.0;1100.0;2700.0;2975;2850;2940.0;;70.0;80.0;100.0;45.0;18.0;1.3;207;2.68;42.58;;
12/07/2023;P23-121;ADVANITE 53001;72.0;0.35;4.0;178.0;;;20.0;40.0;148.0;90.0;255.0;260.0;265.0;270.0;270.0;900.0;1100.0;2700.0;2975;2850;2955.0;;76.0;80.0;100.0;30.0;18.0;1.3;190;2.84;35.42;;
12/07/2023;P23-122;ADVANITE 53001;72.0;0.35;4.0;178.0;;;20.5;40.0;136.0;90.0;255.0;265.0;240.0;275.0;275.0;1050.0;1100.0;2780.0;3000;2850;2955.0;;76.0;80.0;100.0;45.0;18.0;1.3;200;1.7;26.0;;
12/07/2023;P23-123;ADVANITE 53001;72.0;0.35;4.0;178.0;;;20.0;40.0;134.8;89.1;255.0;265.0;240.0;275.0;275.0;1050.0;1100.0;2780.0;3000;2850;2955.0;17.0;76.0;80.0;100.0;45.0;18.0;1.3;192;2.77;46.11;;
12/07/2023;P23-124;ADVANITE 53001;72.0;0.35;4.0;178.0;;;20.0;40.0;134.8;89.1;255.0;265.0;240.0;275.0;275.0;900.0;950.0;2780.0;3000;2850;2953.0;18.0;76.0;80.0;100.0;45.0;18.0;1.3;192;3.11;37.02;;
17/07/2023;P23-127;rPET;72.0;0.3;2.0;90.0;1.0;2.0;11.9;50.0;102.0;121.0;280.0;288.0;292.0;295.0;295.0;2773.0;;;2783;2778;2885.0;;;;;25.0;18.0;1.3;131;2.43;129.0;500.0;355.0
17/07/2023;P23-129;rPET;72.0;0.3;2.0;90.0;1.0;2.0;11.9;38.0;76.0;60.0;280.0;283.0;287.0;290.0;290.0;2250.0;;;2264;2250;2325.0;;;;;45.0;12.0;1.4;150;2.37;148.0;500.0;355.0
17/07/2023;P23-130;rPET;72.0;0.3;2.0;90.0;1.0;2.0;11.0;35.0;70.0;60.0;280.0;283.0;287.0;290.0;290.0;2250.0;;;2264;2250;2325.0;;;;;45.0;12.0;1.4;140;2.33;145.0;500.0;355.0
17/07/2023;P23-131;rPET;72.0;0.3;2.0;90.0;1.0;2.0;10.0;35.0;62.0;60.0;280.0;283.0;287.0;290.0;290.0;2250.0;;;2264;2250;2325.0;;;;;45.0;12.0;1.4;130;2.27;140.0;500.0;355.0
17/07/2023;P23-132;rPET;72.0;0.3;2.0;90.0;1.0;2.0;10.0;35.0;62.0;60.0;280.0;283.0;287.0;290.0;290.0;2300.0;;;2315;2300;2375.0;;;;;45.0;12.0;1.4;120;2.2;137.0;500.0;355.0
17/07/2023;P23-134;rPET;72.0;0.3;2.0;90.0;1.0;2.0;10.0;35.0;70.0;60.0;280.0;283.0;287.0;290.0;290.0;2250.0;;;2264;2250;2325.0;;;;;45.0;12.0;1.4;129;2.47;144.0;500.0;355.0
31/07/2023;P23-139;TPX;48.0;0.4;4.0;60.0;2.0;178.0;17.4;88.5;116.4;120.0;280.0;285.0;290.0;290.0;285.0;1750.0;1800.0;2100.0;2655;2550;2625.0;14.0;162.0;200.0;165.0;50.0;18.0;1.45;182;2.32;29.33;500.0;355.0
31/07/2023;P23-140;TPX;48.0;0.4;4.0;60.0;2.0;178.0;9.0;52.9;70.6;87.8;280.0;285.0;290.0;290.0;285.0;1750.0;1800.0;2100.0;2655;2550;2625.0;14.0;162.0;200.0;165.0;50.0;18.0;1.45;131;2.25;28.0;500.0;355.0
31/07/2023;P23-141;TPX;48.0;0.4;4.0;60.0;2.0;178.0;11.5;75.0;90.0;100.0;280.0;285.0;290.0;290.0;285.0;1750.0;1800.0;2100.0;2655;2550;2620.0;14.0;150.0;170.0;150.0;50.0;18.0;1.45;135;2.23;27.3;500.0;355.0
03/08/2023;P23-144;TPX + Negro;48.0;0.4;4.0;60.0;2.0;2.0;9.0;58.0;101.0;108.0;280.0;285.0;290.0;290.0;286.0;1325.0;1421.0;1659.0;2098;2000;2070.0;;155.0;201.0;155.0;50.0;19.0;1.3;134;2.22;27.3;500.0;355.0
08/08/2023;P23-145;TPE Producción;48.0;0.4;4.0;90.0;;;14.0;23.0;107.2;70.0;195.0;195.0;200.0;205.0;210.0;2400.0;;;2425;2450;2540.0;;;;;35.0;25.0;1.8;165;0.78;123.82;;
08/08/2023;P23-146;TPE Producción;48.0;0.4;4.0;90.0;;;14.0;28.0;93.0;70.0;195.0;195.0;200.0;205.0;210.0;2400.0;;;2425;2450;2560.0;;;;;35.0;30.0;1.8;165;0.8;130.0;;
08/08/2023;P23-147;TPE Producción;48.0;0.4;4.0;90.0;;;14.0;33.0;70.0;70.0;195.0;195.0;200.0;205.0;210.0;2400.0;;;2425;2450;2560.0;;;;;35.0;30.0;1.8;165;0.78;140.0;;
08/08/2023;P23-148;TPE Producción;48.0;0.4;4.0;90.0;;;14.0;30.0;88.0;70.0;200.0;200.0;205.0;210.0;215.0;2400.0;;;2425;2450;2560.0;;;;;35.0;30.0;1.8;165;0.73;115.0;;
08/08/2023;P23-149;TPE Producción;48.0;0.4;4.0;90.0;;;14.0;29.0;110.0;70.0;197.0;197.0;202.0;207.0;212.0;2400.0;;;2425;2450;2560.0;;;;;35.0;30.0;1.8;165;0.75;110.0;;
08/08/2023;P23-150;TPE Producción;48.0;0.4;4.0;90.0;;;14.0;28.0;100.0;70.0;200.0;200.0;205.0;210.0;215.0;2400.0;;;2425;2450;2560.0;;;;;35.0;30.0;1.8;165;0.75;115.0;;
08/08/2023;P23-151;TPE Producción;48.0;0.4;4.0;90.0;;;14.0;30.0;86.0;70.0;200.0;200.0;205.0;210.0;215.0;2400.0;;;2425;2450;2560.0;;;;;35.0;30.0;1.8;165;0.77;120.0;;
07/09/2023;P23-156;ABS H380;72.0;0.6;4.0;60.0;;;26.0;41.0;136.0;135.0;240.0;250.0;260.0;270.0;280.0;1285.0;1421.0;1969.0;1986;1591;1100.0;;100.0;105.0;;60.0;23.0;1.25;330;1.03;10.0;;
12/09/2023;P23-157;PHB DAN 04493;48.0;0.4;4.0;90.0;4.0;2.0;11.5;29.0;43.0;50.0;170.0;175.0;180.0;185.0;190.0;1400.0;;;1800;1950;2000.0;;;;;30.0;25.0;1.4;170;1.16;60.0;850.0;500.0
12/09/2023;P23-158;PHB DAN 04493;48.0;0.4;4.0;90.0;4.0;2.0;11.5;29.0;43.0;50.0;170.0;175.0;180.0;185.0;190.0;2100.0;;;2500;2650;2700.0;;;;;30.0;25.0;1.4;130;1.05;43.0;850.0;500.0
12/09/2023;P23-159;PHB DAN 04493;48.0;0.4;4.0;90.0;4.0;2.0;13.5;29.0;61.0;50.0;170.0;175.0;180.0;185.0;190.0;2200.0;;;2600;2750;2800.0;;;;;30.0;25.0;1.4;150;1.08;40.0;850.0;500.0
13/09/2023;P23-160;PLA;72.0;0.3;2.0;90.0;4.0;2.0;21.0;41.0;190.0;80.0;230.0;235.0;245.0;250.0;240.0;2600.0;;;2625;2615;2700.0;;;;;40.0;18.0;1.5;220;1.95;84.0;850.0;500.0
18/09/2023;P23-161;rPET BATCH 1;72.0;0.3;2.0;90.0;1.0;2.0;12.0;54.0;66.0;60.0;283.0;291.0;295.0;298.0;298.0;2250.0;;;2264;2250;2350.0;;;;;45.0;12.0;1.4;150;4.17;60.0;500.0;355.0
18/09/2023;P23-162;rPET BATCH 1;72.0;0.3;2.0;90.0;1.0;2.0;11.9;80.0;67.0;120.0;283.0;291.0;295.0;298.0;298.0;2778.0;;;2800;2778;2885.0;;;;;35.0;12.0;1.4;110;2.18;165.0;500.0;355.0
18/09/2023;P23-163;rPET BATCH 1;72.0;0.3;2.0;90.0;1.0;2.0;11.9;52.0;65.0;75.0;283.0;291.0;295.0;298.0;298.0;2778.0;;;2800;2778;2885.0;;;;;35.0;18.0;1.5;130;2.25;155.0;500.0;355.0
18/09/2023;P23-164;rPET BATCH 1;72.0;0.3;2.0;90.0;1.0;2.0;11.7;59.0;61.0;80.0;283.0;291.0;295.0;298.0;298.0;2778.0;;;2800;2778;2885.0;;;;;35.0;18.0;1.5;130;2.0;150.0;500.0;355.0
18/09/2023;P23-165;rPET BATCH 1;72.0;0.3;2.0;90.0;1.0;2.0;10.7;63.0;54.0;80.0;283.0;291.0;295.0;298.0;298.0;2778.0;;;2800;2778;2885.0;;;;;35.0;18.0;1.5;120;2.2;152.0;500.0;355.0
18/09/2023;P23-166;rPET BATCH 1;72.0;0.3;2.0;90.0;1.0;2.0;10.5;68.0;46.0;80.0;283.0;291.0;295.0;298.0;298.0;2778.0;;;2800;2778;2885.0;;;;;35.0;18.0;1.5;118;2.2;153.0;500.0;355.0
18/09/2023;P23-167;rPET BATCH 1;72.0;0.3;2.0;90.0;1.0;2.0;11.9;55.0;77.0;85.0;288.0;296.0;300.0;303.0;303.0;2758.0;;;2802;2778;2885.0;;;;;35.0;18.0;1.4;130;2.45;145.0;500.0;355.0
19/09/2023;P23-168;rPET BATCH 2;72.0;0.3;2.0;90.0;1.0;2.0;10.0;69.0;72.0;120.0;285.0;290.0;295.0;300.0;300.0;2758.0;;;2802;2778;2885.0;;;;;35.0;15.0;1.5;115;2.47;132.0;500.0;355.0
19/09/2023;P23-169;rPET BATCH 2;72.0;0.3;2.0;90.0;1.0;2.0;10.0;60.0;72.0;60.0;285.0;290.0;295.0;300.0;300.0;2758.0;;;2802;2778;2885.0;;;;;50.0;18.0;1.5;105;2.4;130.0;500.0;355.0
19/09/2023;P23-170;rPET BATCH 2;72.0;0.3;2.0;90.0;1.0;2.0;10.5;40.0;80.0;60.0;285.0;290.0;295.0;300.0;300.0;2758.0;;;2802;2778;2885.0;;;;;50.0;18.0;1.5;110;2.5;130.0;500.0;355.0
20/09/2023;P23-171;rPET BATCH 3;72.0;0.3;2.0;90.0;4.0;2.0;10.5;42.0;80.0;50.0;282.0;288.0;292.0;295.0;295.0;2250.0;;;2279;2260;2340.0;;;;;50.0;18.0;1.5;145;1.95;180.0;500.0;355.0
20/09/2023;P23-172;rPET BATCH 3;72.0;0.3;2.0;90.0;4.0;2.0;10.0;47.0;87.0;75.0;282.0;288.0;292.0;295.0;295.0;2470.0;;;2485;2475;2540.0;;;;;35.0;18.0;1.5;120;2.2;145.0;500.0;355.0
20/09/2023;P23-173;rPET BATCH 3;72.0;0.3;2.0;90.0;4.0;2.0;10.0;47.0;84.0;75.0;282.0;288.0;292.0;295.0;295.0;2490.0;;;2900;2495;2570.0;;;;;50.0;18.0;1.5;123;2.32;153.0;500.0;355.0
26/09/2023;P23-174;rPET 30/70;72.0;0.3;2.0;60.0;3.0;2.0;20.0;80.0;90.0;58.7;260.0;265.0;270.0;270.0;270.0;2401.0;;;2421;2401;2500.0;16.0;;;;30.0;20.0;1.3;238;1.21;327.44;500.0;355.0
26/09/2023;P23-175;rPET 30/70;72.0;0.3;2.0;60.0;3.0;2.0;20.0;85.0;110.6;68.5;260.0;265.0;270.0;270.0;270.0;1702.0;1751.0;2501.0;2778;2822;2920.0;16.0;95.0;145.0;115.0;35.0;20.0;1.3;192;1.36;208.42;500.0;355.0
26/09/2023;P23-176;rPET 30/70;72.0;0.3;2.0;60.0;3.0;2.0;20.0;85.0;112.5;65.2;260.0;265.0;270.0;270.0;270.0;1198.0;1249.0;2299.0;2822;2832;2920.0;16.0;95.0;145.0;115.0;35.0;20.0;1.3;200;1.55;110.0;500.0;355.0
17/10/2023;P23-179;PBS;36.0;0.3;2.0;90.0;;;16.0;29.0;181.0;60.0;235.0;245.0;255.0;255.0;260.0;2630.0;;;2700;2700;2800.0;14.0;;;;75.0;20.0;2.0;150;1.68;175.0;;
17/10/2023;P23-181;PBS;36.0;0.3;2.0;90.0;;;16.5;32.0;149.0;60.0;235.0;245.0;255.0;255.0;260.0;2650.0;;;2700;2700;2800.0;14.0;;;;65.0;20.0;1.6;154;1.68;181.2;;
24/10/2023;P23-183;PBS;36.0;0.3;2.0;90.0;;;16.5;31.0;145.0;60.0;235.0;245.0;255.0;255.0;260.0;2768.0;;;2812;2812;2915.0;13.0;;;;65.0;20.0;1.5;143;1.79;191.92;;
24/10/2023;P23-184;PBS;36.0;0.3;2.0;90.0;;;16.5;32.0;142.0;60.0;235.0;245.0;255.0;255.0;260.0;2720.0;;;2768;2768;2870.0;12.0;;;;50.0;20.0;1.4;110;1.62;175.0;;
24/10/2023;P23-185;PBS;36.0;0.3;2.0;90.0;;;16.5;45.0;146.0;120.0;235.0;245.0;255.0;255.0;260.0;2720.0;;;2768;2768;2870.0;12.0;;;;50.0;20.0;1.4;180;1.48;190.0;;
24/10/2023;P23-186;PBS;36.0;0.3;2.0;90.0;;;16.5;31.0;145.0;60.0;235.0;245.0;255.0;255.0;260.0;2768.0;;;2812;2812;2915.0;12.0;;;;65.0;20.0;1.4;150;1.65;185.0;;
27/11/2023;P23-187;PLA + 0.1 Silano;72.0;0.3;2.0;60.0;3.0;2.0;13.0;77.0;215.0;30.0;215.0;218.0;222.0;225.0;228.0;900.0;1200.0;1700.0;2582;2577;2665.0;;75.0;105.0;85.0;15.0;18.0;1.3;150;1.6;37.0;500.0;355.0
27/11/2023;P23-188;PLA + 0.1 Silano;72.0;0.3;2.0;60.0;3.0;2.0;13.0;100.0;0.0;0.0;210.0;212.0;214.0;216.0;220.0;900.0;1250.0;1700.0;2582;2600;2665.0;;75.0;90.0;75.0;30.0;18.0;1.3;180;1.05;35.0;500.0;355.0
27/11/2023;P23-189;PLA + 0.1 Silano;72.0;0.3;2.0;60.0;3.0;2.0;10.0;100.0;0.0;0.0;210.0;212.0;214.0;216.0;220.0;900.0;1200.0;1650.0;2500;2530;2620.0;;75.0;90.0;75.0;40.0;18.0;1.3;150;1.0;23.0;500.0;355.0
11/01/2024;P24-01;PBS;36.0;0.3;2.0;90.0;;;16.0;32.5;49.0;60.0;225.0;235.0;245.0;245.0;250.0;2400.0;;;2450;2440;2515.0;14.0;;;;65.0;20.0;1.3;127;1.83;146.0;;
23/01/2024;P24-03;ADVANITE 53001;72.0;0.35;4.0;60.0;2.0;2.0;20.0;39.0;80.0;60.0;255.0;260.0;265.0;270.0;270.0;900.0;1100.0;2700.0;2975;2850;2953.0;;70.0;80.0;100.0;45.0;18.0;1.4;196;3.2;36.22;500.0;355.0
29/01/2024;P24-04;Reclado químico VELOR;72.0;0.35;2.0;60.0;2.0;2.0;11.9;30.0;185.8;60.0;285.0;290.0;295.0;300.0;305.0;2700.0;;;2725;2715;2800.0;20.0;;;;10.0;18.0;1.25;120;2.73;123.67;500.0;355.0
29/01/2024;P24-05;Reclado químico VELOR;72.0;0.35;2.0;60.0;2.0;2.0;12.5;30.0;185.8;60.0;285.0;290.0;295.0;300.0;305.0;2700.0;;;2725;2715;2800.0;20.0;;;;10.0;18.0;1.25;135;2.67;128.67;500.0;355.0
29/01/2024;P24-06;Reclado químico VELOR;72.0;0.35;2.0;60.0;2.0;2.0;12.4;30.0;185.8;60.0;285.0;290.0;295.0;300.0;305.0;2700.0;;;2725;2715;2800.0;20.0;;;;10.0;18.0;1.25;134;2.86;133.0;500.0;355.0
29/01/2024;P24-08;Reclado químico VELOR;72.0;0.35;2.0;60.0;2.0;2.0;11.9;61.0;128.7;60.0;300.0;305.0;310.0;315.0;320.0;2700.0;;;2725;2715;2800.0;20.0;;;;10.0;18.0;1.25;136;2.33;141.0;500.0;355.0
29/01/2024;P24-09;Reclado químico VELOR;72.0;0.35;2.0;60.0;2.0;2.0;11.7;65.0;127.0;60.0;300.0;305.0;310.0;315.0;320.0;2700.0;;;2725;2715;2800.0;20.0;;;;10.0;18.0;1.25;137;2.43;153.0;500.0;355.0
29/01/2024;P24-10;Reclado químico VELOR;72.0;0.35;2.0;60.0;2.0;2.0;11.5;65.0;127.0;60.0;300.0;305.0;310.0;315.0;320.0;2700.0;;;2725;2715;2800.0;20.0;;;;10.0;18.0;1.25;135;2.37;155.67;500.0;355.0
05/02/2024;P24-11;PE ASPUN;72.0;0.6;4.0;105.0;;;22.0;46.4;22.7;90.0;235.0;240.0;245.0;245.0;250.0;900.0;1000.0;2300.0;2800;2750;2830.0;;50.0;62.0;77.0;30.0;20.0;2.1;182;1.86;176.67;;
05/02/2024;P24-12;PE ASPUN;72.0;0.6;4.0;105.0;;;21.5;46.4;21.2;90.0;235.0;240.0;245.0;245.0;250.0;900.0;1050.0;2350.0;2850;2835;2910.0;;50.0;62.0;77.0;25.0;20.0;2.1;135;2.07;162.0;;
05/02/2024;P24-13;PE ASPUN;72.0;0.6;4.0;105.0;;;21.5;46.4;21.2;90.0;235.0;240.0;245.0;245.0;250.0;600.0;1050.0;2500.0;2900;2886;2920.0;;50.0;62.0;77.0;35.0;20.0;2.1;141;2.18;153.33;;
05/02/2024;P24-14;PE ASPUN;72.0;0.6;4.0;105.0;;;20.5;46.4;21.2;90.0;235.0;240.0;245.0;245.0;250.0;600.0;1050.0;2500.0;2900;2886;2920.0;;50.0;62.0;77.0;35.0;20.0;2.1;145;2.17;151.78;;
05/02/2024;P24-15;PE ASPUN;72.0;0.6;4.0;105.0;;;25.0;48.18;27.6;90.0;235.0;240.0;245.0;245.0;250.0;800.0;900.0;2700.0;3052;2915;3005.0;;50.0;62.0;77.0;45.0;20.0;2.1;157;2.1;143.0;;
05/02/2024;P24-16;PE ASPUN;72.0;0.6;4.0;105.0;;;25.0;45.0;27.0;75.0;235.0;240.0;245.0;245.0;250.0;600.0;1000.0;2550.0;2876;2750;2855.0;14.0;70.0;60.0;50.0;35.0;24.0;1.8;170;1.65;161.7;;
05/02/2024;P24-17;PE ASPUN;72.0;0.6;4.0;105.0;;;25.0;45.0;32.3;75.0;235.0;240.0;245.0;245.0;250.0;800.0;900.0;2700.0;3052;2915;3005.0;13.0;35.0;45.0;55.0;35.0;22.0;2.1;155;2.15;162.3;;
05/02/2024;P24-18;PE ASPUN;72.0;0.6;4.0;105.0;;;25.0;45.0;32.3;75.0;235.0;240.0;245.0;245.0;250.0;1350.0;1400.0;2900.0;3100;2915;3005.0;13.0;50.0;60.0;70.0;35.0;22.0;2.1;165;1.91;190.0;;
05/02/2024;P24-22;PE ASPUN;72.0;0.6;4.0;105.0;;;22.0;45.0;29.0;75.0;235.0;240.0;245.0;245.0;250.0;650.0;750.0;2900.0;3100;2930;3020.0;12.0;50.0;60.0;70.0;35.0;22.0;2.1;142;2.32;83.56;;
05/02/2024;P24-23;PE ASPUN;72.0;0.6;4.0;105.0;;;22.5;45.0;31.0;75.0;235.0;240.0;245.0;245.0;250.0;650.0;750.0;2900.0;3100;2930;3020.0;12.0;50.0;60.0;70.0;35.0;22.0;2.1;150;2.22;101.89;;
07/02/2024;P24-24;SABIC M200024;72.0;0.6;4.0;105.0;2.0;2.0;22.5;47.0;16.3;87.4;217.0;220.0;218.0;215.0;220.0;500.0;700.0;1950.0;2150;2040;2135.0;10.0;50.0;60.0;70.0;42.0;22.0;1.9;200;1.3;110.67;850.0;500.0
07/02/2024;P24-25;SABIC M200056;72.0;0.6;4.0;105.0;2.0;2.0;22.5;35.0;28.7;36.6;217.0;220.0;218.0;215.0;220.0;650.0;850.0;2250.0;2925;2875;2940.0;10.0;55.0;65.0;75.0;10.0;20.0;1.9;166;2.1;124.33;850.0;500.0
07/02/2024;P24-26;SABIC M200056;72.0;0.6;4.0;105.0;2.0;2.0;20.0;35.0;20.7;65.0;217.0;220.0;218.0;215.0;220.0;650.0;730.0;2000.0;2775;2750;2835.0;10.0;65.0;75.0;85.0;20.0;20.0;1.9;135;2.49;65.67;850.0;500.0
07/02/2024;P24-28;SABIC M200056;72.0;0.6;4.0;105.0;2.0;2.0;22.5;40.0;51.9;85.0;217.0;220.0;218.0;215.0;220.0;650.0;730.0;2000.0;2740;2700;2835.0;10.0;65.0;75.0;85.0;45.0;20.0;1.9;170;2.0;110.0;850.0;500.0
07/02/2024;P24-29;SABIC M200056;72.0;0.6;4.0;105.0;2.0;2.0;22.5;40.0;56.0;64.2;217.0;220.0;218.0;215.0;220.0;650.0;730.0;2000.0;2600;2520;2610.0;10.0;65.0;75.0;85.0;45.0;20.0;1.9;190;1.85;103.93;850.0;500.0
07/02/2024;P24-31;SABIC M200056;72.0;0.6;4.0;105.0;2.0;2.0;30.0;45.0;74.9;56.1;217.0;220.0;218.0;215.0;220.0;650.0;730.0;2250.0;2900;2800;2610.0;8.0;65.0;75.0;85.0;55.0;20.0;1.9;200;2.2;123.68;850.0;500.0
07/02/2024;P24-32;SABIC M200056;72.0;0.6;4.0;105.0;2.0;2.0;30.0;45.0;74.9;56.1;217.0;220.0;218.0;215.0;220.0;650.0;730.0;2350.0;3000;2900;3000.0;8.0;65.0;75.0;85.0;55.0;20.0;1.9;196;2.27;112.67;850.0;500.0
02/04/2024;P24-41;PLA + CaCO3;72.0;0.3;2.0;90.0;2.0;2.0;20.0;44.0;58.0;70.0;225.0;230.0;235.0;240.0;240.0;2500.0;;;2520;2520;2600.0;;;;;40.0;20.0;1.65;235;2.1;85.0;500.0;355.0
02/04/2024;P24-42;PLA + CaCO3;72.0;0.3;2.0;90.0;2.0;2.0;19.0;42.0;52.0;70.0;225.0;230.0;235.0;240.0;240.0;2500.0;;;2520;2520;2600.0;;;;;40.0;20.0;1.65;230;2.05;85.0;500.0;355.0
02/04/2024;P24-43;PLA + CaCO3;72.0;0.3;2.0;90.0;2.0;2.0;18.0;40.0;46.0;70.0;225.0;230.0;235.0;240.0;240.0;2500.0;;;2520;2520;2600.0;;;;;40.0;20.0;1.65;215;2.1;85.0;500.0;355.0
02/04/2024;P24-44;PLA + CaCO3;72.0;0.3;2.0;90.0;2.0;2.0;18.0;42.0;52.0;70.0;225.0;230.0;235.0;240.0;240.0;2500.0;;;2520;2520;2600.0;;;;;40.0;20.0;1.65;220;1.9;80.0;500.0;355.0
24/04/2024;P24-45;rPET;72.0;0.2;2.0;60.0;2.0;2.0;14.0;;150.0;70.0;275.0;;;;290.0;2809.0;;;2830;2810;2970.0;;;;;;;;145;1.71;236.0;500.0;355.0
24/04/2024;P24-46;rPET;72.0;0.2;2.0;60.0;2.0;2.0;13.0;;150.0;70.0;275.0;;;;295.0;2866.0;;;2880;2860;2970.0;;;;;;;;131;2.15;143.71;500.0;355.0
30/04/2024;P24-49;rPET;72.0;0.3;2.0;30.0;3.0;2.0;14.0;58.7;109.3;100.0;275.0;280.0;285.0;290.0;295.0;2810.0;;;2822;2812;2960.0;;;;;20.0;18.0;1.3;140;2.8;140.0;500.0;355.0
02/05/2024;P24-50;PLA + CaCO3;72.0;0.3;2.0;90.0;2.0;2.0;18.0;40.0;50.0;70.0;225.0;230.0;235.0;240.0;240.0;2500.0;;;2520;2520;2600.0;;;;;40.0;20.0;1.65;200;1.9;90.0;500.0;355.0
02/05/2024;P24-52;PLA + CaCO3;72.0;0.3;2.0;90.0;2.0;2.0;19.5;43.0;50.0;70.0;225.0;230.0;235.0;240.0;240.0;2530.0;;;2550;2550;2630.0;;;;;40.0;20.0;1.65;220;1.7;95.0;500.0;355.0
02/05/2024;P24-53;PLA + CaCO3;72.0;0.3;2.0;90.0;2.0;2.0;19.5;41.0;50.0;70.0;225.0;230.0;235.0;240.0;240.0;2550.0;;;2570;2570;2650.0;;;;;40.0;20.0;1.65;220;1.7;100.0;500.0;355.0
13/05/2024;P24-58;MP1924 + 0.3 TiO2;72.0;0.3;2.0;90.0;2.0;2.0;13.0;70.0;69.3;90.7;280.0;290.0;290.0;295.0;295.0;2800.0;;;2851;2837;2923.0;13.0;;;;;18.0;1.5;133;2.16;128.0;500.0;355.0
13/05/2024;P24-59;MP1925 + 0.3 TiO2;72.0;0.3;2.0;90.0;2.0;2.0;14.0;45.0;154.8;111.2;295.0;300.0;305.0;305.0;305.0;2780.0;;;2842;2837;2923.0;22.0;;;;10.0;16.0;1.6;136;2.62;130.67;500.0;355.0
13/05/2024;P24-60;MP1925 + 0.3 TiO2;72.0;0.3;2.0;90.0;2.0;2.0;14.5;45.0;169.2;115.4;295.0;300.0;305.0;305.0;305.0;2740.0;;;2778;2758;2840.0;16.0;;;;10.0;16.0;1.5;148;2.9;147.0;500.0;355.0
