Nº holes / Nº filaments;Diameter (mm);L/D;Filter (um);Sand quantity (cm);Support;Vpump (rpm);Vext (rpm);TE1 (°C);TE2 (°C);TD(°C);PD(bar);PE(bar);VTO (m/min);VG1(m/min);VG2(m/min);Vwinder (m/min);Winder tension (N);Tg1(°C);Tg3(°C);Quench (%);Spin. F (rmp);Height (m);Count (dtex);Tenacity (g/den);Elongation (%);Sand size min (um);Sand size max (um);Material;Cluster
36.0;0.4;4.0;60.0;2.5633187772925763;4.0;10.0;23.9;280.0;285.0;295.0;95.2;69.1;968.0;1005.0;1701.0;1845.0;17.035897435897436;85.0;110.0;20.0;24.0;1.4;155;0.54;44.94;560.5744680851063;375.3404255319149;COPET GP001-EASTMAN;cluster-1
48.0;0.4;4.0;60.0;2.0;2.0;10.7;30.2;280.0;280.0;285.0;79.1;75.0;949.0;999.0;1751.0;1895.0;14.0;85.0;80.0;30.0;24.0;1.5;170;1.64;64.69;850.0;500.0;COPET GP001-EASTMAN;cluster-1
48.0;0.4;4.0;60.0;2.0;2.0;10.7;30.7;280.0;280.0;285.0;79.1;75.0;949.0;999.0;1909.0;2060.0;14.0;85.0;90.0;30.0;24.0;1.5;160;1.67;73.79;850.0;500.0;COPET GP001-EASTMAN;cluster-1
48.0;0.4;4.0;60.0;2.0;2.0;10.7;30.7;280.0;280.0;285.0;79.1;75.0;949.0;999.0;1989.0;2230.0;14.0;85.0;90.0;30.0;24.0;1.5;140;1.99;44.83;850.0;500.0;COPET GP001-EASTMAN;cluster0
36.0;0.3;2.0;60.0;2.5633187772925763;35.612648221343875;15.0;50.0;225.0;215.0;235.0;8.0;75.0;2600.0;2700.0;2820.0;3055.0;21.0;85.53254437869822;111.51612903225806;20.0;20.0;1.3;135;2.08;55.33;560.5744680851063;375.3404255319149;PLA 6100D NATUREWORKS;cluster0
36.0;0.3;2.0;60.0;2.5633187772925763;35.612648221343875;15.0;43.0;225.0;215.0;235.0;35.0;75.0;2600.0;2700.0;2820.0;3050.0;21.0;85.53254437869822;111.51612903225806;20.0;20.0;1.3;135;2.3;50.3;560.5744680851063;375.3404255319149;PLA 6100D NATUREWORKS;cluster0
72.0;0.3;2.0;34.0;3.0;2.0;20.0;64.0;275.0;280.0;290.0;91.1;75.0;2695.0;2765.0;2765.0;2780.0;18.0;85.53254437869822;111.51612903225806;24.0;20.0;1.5;218;2.28;92.61;500.0;355.0;PET + 3% Antivirico SUKANO;cluster1
72.0;0.3;2.0;34.0;3.0;2.0;18.0;58.4;275.0;280.0;290.0;87.8;75.0;2695.0;2765.0;2765.0;2780.0;16.0;85.53254437869822;111.51612903225806;24.0;20.0;1.5;200;2.37;97.11;500.0;355.0;PET + 3% Antivirico SUKANO;cluster1
72.0;0.3;2.0;60.0;3.0;2.0;20.0;58.94;270.0;280.0;285.0;91.3;76.8;2695.0;2765.0;2765.0;2790.0;16.0;85.53254437869822;111.51612903225806;20.0;24.0;1.4;215;2.37;101.72;500.0;355.0;PET + 3% Antivirico SUKANO;cluster1
72.0;0.3;2.0;60.0;3.0;2.0;16.0;56.0;270.0;280.0;285.0;87.8;72.0;2695.0;2765.0;2765.0;2790.0;16.0;85.53254437869822;111.51612903225806;20.0;24.0;1.4;170;2.47;96.89;500.0;355.0;PET + 3% Antivirico SUKANO;cluster-1
72.0;0.3;2.0;60.0;3.0;2.0;16.0;80.0;250.0;260.0;270.0;25.0;60.0;2695.0;2765.0;2765.0;2790.0;16.0;85.53254437869822;111.51612903225806;20.0;24.0;1.4;170;2.06;123.89;500.0;355.0;PET + 3% Antivirico SUKANO;cluster2
72.0;0.3;2.0;178.0;2.0;2.0;20.0;65.0;280.0;285.0;290.0;81.3;75.0;2499.0;2599.0;2649.0;2740.0;17.035897435897436;85.53254437869822;111.51612903225806;30.0;24.0;1.35;220;1.7;120.0;500.0;355.0;PET + 1% Bactiblock 101 R4.47;cluster-1
72.0;0.3;2.0;178.0;2.0;2.0;20.0;80.1;270.0;276.0;280.0;40.9;51.2;2201.0;2361.0;2379.0;2370.0;17.035897435897436;85.53254437869822;111.51612903225806;30.0;26.0;1.35;250;1.38;204.0;500.0;355.0;PET + 1% Bactiblock 101 R4.47;cluster-1
12.0;0.5;4.0;88.6010101010101;2.5633187772925763;2.0;20.0;44.0;195.0;195.0;200.0;0.0;75.0;1252.0;1549.0;1900.0;2000.0;25.0;85.53254437869822;111.51612903225806;60.0;22.0;2.25;210;2.33;226.67;560.5744680851063;375.3404255319149;PP HS61R;cluster-1
12.0;0.5;4.0;88.6010101010101;2.5633187772925763;2.0;27.0;44.0;195.0;195.0;200.0;0.0;75.0;1252.0;1549.0;1900.0;2000.0;25.0;85.53254437869822;111.51612903225806;60.0;22.0;2.25;290;1.68;223.5;560.5744680851063;375.3404255319149;PP HS61R;cluster-1
12.0;0.5;4.0;88.6010101010101;2.5633187772925763;2.0;27.0;44.0;195.0;195.0;200.0;0.0;75.0;1252.0;1951.0;2450.0;2595.0;25.0;85.53254437869822;111.51612903225806;60.0;22.0;2.25;220;2.22;96.17;560.5744680851063;375.3404255319149;PP HS61R;cluster1
12.0;0.5;4.0;88.6010101010101;2.5633187772925763;2.0;30.0;44.0;195.0;195.0;200.0;0.0;75.0;1252.0;1951.0;2450.0;2595.0;25.0;85.53254437869822;111.51612903225806;60.0;22.0;2.25;240;1.83;62.83;560.5744680851063;375.3404255319149;PP HS61R;cluster-1
12.0;0.5;4.0;88.6010101010101;2.5633187772925763;2.0;33.0;44.0;195.0;195.0;200.0;3.6;75.0;1252.0;1951.0;2450.0;2595.0;25.0;85.53254437869822;111.51612903225806;60.0;22.0;2.25;270;2.4;89.58;560.5744680851063;375.3404255319149;PP HS61R;cluster-1
12.0;0.5;4.0;88.6010101010101;2.5633187772925763;2.0;33.0;58.5;195.0;195.0;200.0;3.1;75.0;1252.0;2099.0;2349.0;2595.0;25.0;85.53254437869822;111.51612903225806;80.0;24.0;2.25;270;2.02;98.25;560.5744680851063;375.3404255319149;PP HS61R;cluster-1
12.0;0.5;4.0;178.0;2.0;2.0;33.0;60.0;205.0;205.0;215.0;53.0;75.0;1252.0;2099.0;2349.0;2595.0;17.035897435897436;85.53254437869822;111.51612903225806;90.0;24.0;2.25;270;1.54;90.33;800.0;500.0;PP HS61R;cluster-1
12.0;0.5;4.0;178.0;2.0;2.0;33.0;60.0;190.0;200.0;210.0;34.0;75.0;1399.0;2489.0;2501.0;2595.0;17.035897435897436;85.53254437869822;111.51612903225806;100.0;22.0;2.25;240;1.41;108.6;800.0;500.0;PP HS61R;cluster-1
72.0;0.35;4.0;178.0;2.5633187772925763;35.612648221343875;35.0;63.0;190.0;200.0;210.0;16.0;75.0;1800.0;2489.0;2501.0;2595.0;17.035897435897436;85.53254437869822;111.51612903225806;60.0;22.0;1.5;290;2.36;166.5;560.5744680851063;375.3404255319149;PP 561R;cluster-1
72.0;0.35;4.0;178.0;2.5633187772925763;35.612648221343875;50.0;83.0;190.0;200.0;210.0;3.0;75.0;1599.0;2501.0;2551.0;2640.0;17.035897435897436;60.0;111.51612903225806;80.0;22.0;2.25;410;2.74;165.27;560.5744680851063;375.3404255319149;PP 561R;cluster-1
36.0;0.35;4.0;178.0;2.5633187772925763;35.612648221343875;25.0;50.0;190.0;200.0;210.0;0.0;75.0;1852.0;2099.0;2349.0;2580.0;17.035897435897436;85.53254437869822;111.51612903225806;70.0;22.0;2.25;210;3.18;126.33;560.5744680851063;375.3404255319149;PP H561R;cluster-1
36.0;0.35;4.0;178.0;2.5633187772925763;35.612648221343875;29.0;58.0;190.0;200.0;210.0;0.0;75.0;1852.0;2099.0;2349.0;2580.0;17.035897435897436;85.53254437869822;111.51612903225806;70.0;22.0;2.25;240;3.05;122.75;560.5744680851063;375.3404255319149;PP H561R;cluster-1
12.0;0.5;4.0;60.0;2.5633187772925763;2.0;29.0;62.0;205.0;220.0;235.0;18.9;70.0;1252.0;2099.0;2349.0;2590.0;16.0;85.53254437869822;111.51612903225806;95.0;24.0;2.25;245;1.91;96.81;800.0;300.0;PP H561R;cluster1
12.0;0.5;4.0;60.0;2.5633187772925763;2.0;29.0;65.0;210.0;220.0;220.0;18.0;70.0;1252.0;2099.0;2349.0;2590.0;20.0;85.53254437869822;111.51612903225806;95.0;24.0;2.25;225;2.04;102.67;800.0;300.0;PP H561R;cluster1
12.0;0.5;4.0;60.0;2.5633187772925763;2.0;30.0;65.0;210.0;220.0;220.0;17.4;70.0;1252.0;2099.0;2349.0;2590.0;20.0;85.53254437869822;111.51612903225806;95.0;24.0;2.25;230;1.84;86.44;800.0;300.0;PP H561R;cluster1
12.0;0.5;4.0;60.0;2.5633187772925763;2.0;31.0;66.0;210.0;220.0;220.0;27.5;70.0;1252.0;2099.0;2349.0;2590.0;24.0;85.53254437869822;111.51612903225806;95.0;24.0;2.25;240;1.99;117.28;800.0;300.0;PP H561R;cluster-1
72.0;0.3;2.0;60.0;2.5633187772925763;35.612648221343875;18.6;59.0;275.0;280.0;285.0;25.6;70.0;1500.0;1650.0;2550.0;2700.0;20.0;90.0;125.0;30.0;22.0;1.35;205;2.9;62.93;560.5744680851063;375.3404255319149;rPET + CO2 Pure;cluster-1
72.0;0.3;2.0;60.0;2.5633187772925763;35.612648221343875;20.0;60.0;275.0;280.0;285.0;29.0;70.0;1500.0;1650.0;2550.0;2700.0;20.0;90.0;125.0;30.0;22.0;1.35;220;2.9;62.93;560.5744680851063;375.3404255319149;rPET + CO2 Pure;cluster-1
72.0;0.3;2.0;60.0;2.5633187772925763;35.612648221343875;22.0;60.0;275.0;280.0;285.0;37.9;70.0;1500.0;1650.0;2700.0;2810.0;20.0;90.0;125.0;30.0;22.0;1.35;233;2.6;46.0;560.5744680851063;375.3404255319149;rPET + CO2 Pure;cluster-1
36.0;0.4;4.0;34.0;2.5633187772925763;35.612648221343875;23.0;38.0;255.0;265.0;280.0;105.0;75.0;2925.0;3000.0;3000.0;3020.0;10.0;85.53254437869822;111.51612903225806;70.0;25.0;1.4;200;2.88;80.56;560.5744680851063;375.3404255319149;PA B33L;cluster-1
36.0;0.4;4.0;34.0;2.5633187772925763;35.612648221343875;23.0;38.0;255.0;265.0;280.0;110.0;75.0;2802.0;2896.0;2905.0;2910.0;12.0;85.53254437869822;111.51612903225806;70.0;25.0;1.4;200;2.97;89.22;560.5744680851063;375.3404255319149;PA B33L;cluster-1
36.0;0.4;4.0;34.0;2.5633187772925763;35.612648221343875;19.0;33.0;255.0;265.0;280.0;98.0;75.0;2431.0;2516.0;2525.0;2530.0;12.0;85.53254437869822;111.51612903225806;70.0;23.0;1.4;180;2.88;89.89;560.5744680851063;375.3404255319149;PA B33L;cluster-1
36.0;0.4;4.0;60.0;2.5633187772925763;35.612648221343875;24.0;70.0;250.0;260.0;260.0;13.5;86.5;2800.0;2960.0;3000.0;3160.0;11.0;65.0;111.51612903225806;35.0;25.0;1.4;190;3.97;83.11;560.5744680851063;375.3404255319149;PA6 PENTABATC;cluster-1
36.0;0.4;4.0;60.0;2.5633187772925763;35.612648221343875;30.0;73.7;250.0;260.0;260.0;26.5;85.0;2800.0;2960.0;3000.0;3170.0;30.0;65.0;111.51612903225806;35.0;25.0;1.4;230;3.67;81.67;560.5744680851063;375.3404255319149;PA6 PENTABATC;cluster3
36.0;0.4;4.0;60.0;2.5633187772925763;35.612648221343875;30.0;73.8;250.0;260.0;260.0;26.1;87.8;2800.0;2960.0;3000.0;3345.0;30.0;66.0;111.51612903225806;50.0;30.0;1.4;230;3.67;73.06;560.5744680851063;375.3404255319149;PA6 PENTABATC;cluster3
36.0;0.4;4.0;60.0;2.5633187772925763;35.612648221343875;30.0;63.9;235.0;240.0;260.0;32.5;85.0;2700.0;2959.0;2994.0;3315.0;27.0;65.0;111.51612903225806;50.0;30.0;1.4;230;3.47;67.44;560.5744680851063;375.3404255319149;PA6 H24;cluster3
36.0;0.4;4.0;60.0;2.5633187772925763;35.612648221343875;30.0;58.0;260.0;270.0;270.0;82.0;85.0;2700.0;2959.0;2994.0;3315.0;27.0;65.0;111.51612903225806;50.0;30.0;1.4;230;3.3;62.33;560.5744680851063;375.3404255319149;PA6 B27;cluster-1
36.0;0.4;4.0;60.0;2.5633187772925763;35.612648221343875;25.0;61.48;265.0;275.0;270.0;87.7;86.9;2700.0;2959.0;2994.0;3315.0;27.0;65.0;111.51612903225806;50.0;30.0;1.4;200;3.64;74.4;560.5744680851063;375.3404255319149;PA6 B27;cluster-1
36.0;0.4;4.0;60.0;2.5633187772925763;35.612648221343875;25.0;64.0;275.0;285.0;270.0;83.0;86.9;2700.0;2959.0;2994.0;3315.0;27.0;65.0;111.51612903225806;50.0;30.0;1.4;200;3.39;71.3;560.5744680851063;375.3404255319149;PA6 B27;cluster-1
72.0;0.3;2.0;60.0;2.5633187772925763;35.612648221343875;24.0;69.6;275.0;285.0;285.0;9.5;70.0;2560.0;2660.0;2665.0;2670.0;20.0;85.53254437869822;111.51612903225806;20.0;24.0;1.35;257;1.9;94.5;560.5744680851063;375.3404255319149;PET + Avanza O 0.3.%;cluster1
72.0;0.3;0.6666666666666666;178.0;2.5633187772925763;2.0;22.0;84.0;275.0;280.0;280.0;0.3;70.0;1500.0;1650.0;2700.0;2810.0;18.0;90.0;125.0;30.0;22.0;1.35;235;1.2;46.22;100.0;80.0;rPET + CO2 Pure 3%;cluster-1
72.0;0.3;0.6666666666666666;178.0;2.5633187772925763;2.0;22.0;78.25;270.0;270.0;280.0;0.0;72.6;1500.0;1650.0;2300.0;2795.0;18.0;90.0;125.0;30.0;22.0;1.35;240;1.14;61.9;100.0;80.0;rPET + CO2 Pure 3%;cluster-1
72.0;0.3;2.0;178.0;2.0;2.0;22.0;68.0;260.0;265.0;272.0;17.0;60.0;1500.0;1650.0;2150.0;2795.0;21.0;90.0;125.0;30.0;24.0;1.35;240;1.32;44.33;500.0;355.0;rPET + CO2 Pure 2.5%;cluster-1
72.0;0.3;2.0;178.0;2.0;2.0;22.0;68.0;260.0;265.0;275.0;2.0;60.0;1500.0;1650.0;2150.0;2795.0;20.0;90.0;125.0;30.0;26.0;1.3;240;1.51;55.72;850.0;500.0;rPET + CO2 Pure 2.5%;cluster-1
72.0;0.4;2.0;178.0;2.0;2.0;20.0;79.0;260.0;270.0;275.0;3.0;60.0;2240.0;2361.0;2355.0;2370.0;17.035897435897436;85.53254437869822;111.51612903225806;30.0;24.0;1.3;260;1.52;165.0;500.0;355.0;PES + 1% BB101 R4.47;cluster-1
36.0;0.3;2.0;60.0;2.0;2.0;6.0;50.0;285.0;295.0;285.0;88.0;51.0;582.0;809.0;1505.0;2240.0;17.035897435897436;75.0;140.0;40.0;10.0;1.3;160;4.38;43.83;800.0;500.0;PA B33L;cluster-1
36.0;0.35;4.0;60.0;2.5633187772925763;35.612648221343875;29.0;64.0;220.0;230.0;230.0;54.0;75.0;1252.0;2099.0;2349.0;2580.0;17.035897435897436;85.53254437869822;111.51612903225806;60.0;22.0;2.25;240;3.23;141.33;560.5744680851063;375.3404255319149;PP H561R;cluster-1
36.0;0.35;4.0;60.0;2.5633187772925763;35.612648221343875;29.5;64.0;220.0;220.0;220.0;60.0;75.0;1898.0;2001.0;2450.0;2610.0;17.035897435897436;85.53254437869822;111.51612903225806;60.0;22.0;2.25;240;1.04;135.54;560.5744680851063;375.3404255319149;PP H561R;cluster-1
36.0;0.3;2.0;60.0;3.0;2.0;15.0;42.0;225.0;215.0;235.0;13.3;75.0;2600.0;2700.0;2820.0;3050.0;16.0;85.53254437869822;111.51612903225806;20.0;20.0;1.3;135;2.22;47.4;500.0;355.0;PLA LUMINY L130;cluster0
36.0;0.3;2.0;60.0;3.0;2.0;20.0;44.0;225.0;215.0;235.0;31.0;75.0;2600.0;2700.0;2820.0;3050.0;16.0;85.53254437869822;111.51612903225806;20.0;20.0;1.3;180;2.25;51.87;500.0;355.0;PLA LUMINY L130;cluster-1
72.0;0.3;2.0;60.0;1.0;2.0;18.0;40.0;225.0;215.0;240.0;63.0;75.0;2620.0;2750.0;2820.0;3010.0;22.0;85.53254437869822;111.51612903225806;15.0;20.0;1.3;180;2.09;43.7;250.0;180.0;PLA LUMINY L130;cluster-1
72.0;0.3;2.0;60.0;1.0;2.0;22.0;45.0;225.0;215.0;240.0;87.0;75.0;2620.0;2750.0;2820.0;3010.0;22.0;85.53254437869822;111.51612903225806;15.0;20.0;1.3;210;2.18;49.8;250.0;180.0;PLA LUMINY L130;cluster-1
72.0;0.3;2.0;60.0;1.0;2.0;24.0;48.0;225.0;215.0;245.0;125.0;75.0;2620.0;2750.0;2820.0;3010.0;22.0;85.53254437869822;111.51612903225806;15.0;20.0;1.3;230;2.22;50.43;250.0;180.0;PLA LUMINY L130;cluster-1
72.0;0.3;2.0;60.0;3.0;2.0;27.0;49.0;225.0;215.0;235.0;27.0;75.0;2620.0;2750.0;2820.0;3010.0;24.0;85.53254437869822;111.51612903225806;70.0;20.0;1.3;250;2.18;53.63;500.0;355.0;PLA LUMINY L130;cluster-1
24.0;0.3;2.0;60.0;3.0;2.0;10.0;46.8;225.0;230.0;240.0;58.0;75.0;1526.0;1600.0;2685.0;2955.0;17.035897435897436;70.0;110.0;20.0;20.0;1.3;100;2.84;27.04;500.0;350.0;PLA L130;cluster-1
24.0;0.3;2.0;60.0;3.0;2.0;8.0;49.4;225.0;230.0;240.0;49.6;75.0;1624.0;1701.0;2685.0;2955.0;17.035897435897436;70.0;110.0;20.0;18.0;1.3;79;2.92;27.5;500.0;350.0;PLA L130;cluster-1
24.0;0.3;2.0;60.0;3.0;2.0;5.0;45.6;225.0;230.0;240.0;34.8;75.0;1825.0;1900.0;2685.0;2955.0;17.035897435897436;70.0;110.0;20.0;18.0;1.3;48;2.87;24.0;500.0;350.0;PLA L130;cluster-1
72.0;0.25;2.0;60.0;2.0;2.0;13.0;65.0;250.0;250.0;260.0;61.0;80.0;2610.0;2750.0;2740.0;2780.0;21.0;85.53254437869822;111.51612903225806;40.0;22.0;1.65;135;2.72;71.78;500.0;355.0;SPH16;cluster-1
72.0;0.25;2.0;60.0;2.0;2.0;13.0;25.6;255.0;260.0;265.0;49.7;80.0;2050.0;2125.0;2150.0;2780.0;15.0;85.53254437869822;111.51612903225806;30.0;22.0;1.5;165;0.86;97.68;500.0;355.0;SPH16;cluster12
48.0;0.2;3.0133333333333336;60.0;2.5633187772925763;35.612648221343875;28.0;62.0;215.0;225.0;350.0;0.0;80.0;1149.0;1225.0;1799.0;2430.0;17.035897435897436;60.0;90.0;80.0;25.0;2.4;240;3.49;82.33;560.5744680851063;375.3404255319149;PP HS61R;cluster3
48.0;0.2;3.0133333333333336;60.0;2.5633187772925763;35.612648221343875;35.0;70.0;215.0;225.0;350.0;0.0;80.0;1149.0;1225.0;1799.0;2440.0;17.035897435897436;60.0;90.0;80.0;25.0;2.4;300;3.27;86.67;560.5744680851063;375.3404255319149;PP HS61R;cluster-1
48.0;0.2;3.0133333333333336;60.0;2.5633187772925763;35.612648221343875;28.0;73.0;215.0;225.0;350.0;0.0;80.0;1149.0;1225.0;1799.0;2440.0;17.035897435897436;60.0;90.0;80.0;25.0;2.4;240;3.58;90.49;560.5744680851063;375.3404255319149;PP HS61R;cluster3
72.0;0.35;4.0;60.0;2.0;2.0;15.0;40.0;275.0;280.0;290.0;68.5;70.0;1874.5960099750623;2690.0;2725.0;2765.0;19.0;85.53254437869822;111.51612903225806;25.0;22.0;1.3;165;2.11;121.85;500.0;355.0;PET + 15% SPH16;cluster2
72.0;0.35;4.0;60.0;2.0;2.0;12.5;42.0;275.0;280.0;290.0;56.0;70.0;1874.5960099750623;2690.0;2725.0;2765.0;19.0;85.53254437869822;111.51612903225806;25.0;22.0;1.3;130;2.22;116.94;500.0;355.0;PET + 15% SPH16;cluster4
72.0;0.35;4.0;60.0;2.0;2.0;14.5;54.0;275.0;280.0;290.0;49.0;70.0;1874.5960099750623;1200.0;1300.0;2680.0;20.0;80.0;120.0;25.0;22.0;1.3;155;2.61;68.87;500.0;355.0;PET + 15% SPH16;cluster-1
72.0;0.35;4.0;60.0;2.0;2.0;14.5;54.0;275.0;280.0;290.0;49.0;70.0;800.0;850.0;2400.0;2760.0;20.0;80.0;120.0;25.0;22.0;1.3;155;3.21;36.94;500.0;355.0;PET + 15% SPH16;cluster8
72.0;0.35;4.0;60.0;2.0;2.0;13.0;59.0;245.0;250.0;265.0;34.0;70.0;2651.0;2751.0;2751.0;2780.0;17.035897435897436;85.53254437869822;111.51612903225806;25.0;22.0;1.3;135;1.8;72.28;500.0;355.0;PBT + 15% SPH16W;cluster-1
72.0;0.35;4.0;60.0;2.0;2.0;14.0;50.0;245.0;250.0;265.0;41.0;70.0;1100.0;1249.0;2700.0;2720.0;17.035897435897436;75.0;115.0;25.0;22.0;1.3;158;3.0;22.72;500.0;355.0;PBT + 15% SPH16W;cluster-1
72.0;0.35;4.0;60.0;2.0;2.0;13.0;30.0;260.0;270.0;275.0;38.4;70.0;2680.0;2750.0;2750.0;2780.0;12.0;85.53254437869822;111.51612903225806;10.0;22.0;1.2;137;0.75;93.5;500.0;355.0;PBT + 3% Octil;cluster-1
72.0;0.35;4.0;60.0;2.0;2.0;13.0;32.0;260.0;270.0;275.0;38.4;70.0;2450.0;2525.0;2550.0;2580.0;12.0;85.53254437869822;111.51612903225806;10.0;20.0;1.2;142;0.8;90.5;500.0;355.0;PBT + 3% Octil;cluster-1
72.0;0.35;4.0;60.0;4.0;2.0;14.0;28.0;265.0;270.0;275.0;48.8;70.0;800.0;950.0;2350.0;2390.0;10.0;65.0;115.0;20.0;20.0;1.3;164;1.98;18.72;850.0;500.0;PBT + 15% MB;cluster-1
72.0;0.35;4.0;60.0;4.0;2.0;13.8;29.0;265.0;270.0;275.0;46.8;70.0;900.0;1050.0;2450.0;2490.0;16.0;65.0;115.0;20.0;20.0;1.3;159;1.86;26.4;850.0;500.0;PBT + 15% MB;cluster-1
72.0;0.35;4.0;60.0;4.0;2.0;11.5;74.6;250.0;255.0;265.0;47.8;70.0;2950.0;3000.0;3000.0;3046.0;10.0;85.53254437869822;111.51612903225806;20.0;20.0;1.3;115;2.18;68.44;850.0;500.0;PBT + 15% MB;cluster-1
72.0;0.35;4.0;60.0;4.0;2.0;11.0;84.0;250.0;260.0;275.0;59.0;70.0;2850.0;2900.0;2926.0;2955.0;12.0;85.53254437869822;111.51612903225806;20.0;20.0;1.3;107;2.01;27.33;850.0;500.0;PBT + 15% MB;cluster14
72.0;0.4;4.0;60.0;2.5633187772925763;35.612648221343875;18.0;70.0;265.0;270.0;290.0;47.0;50.0;2152.0;2251.0;2284.0;2285.0;17.035897435897436;85.53254437869822;111.51612903225806;40.0;20.0;1.1;158;1.3;22.5;560.5744680851063;375.3404255319149;TPX;cluster5
72.0;0.4;4.0;60.0;2.5633187772925763;35.612648221343875;11.0;77.0;270.0;280.0;295.0;25.0;50.0;1052.0;1091.0;1085.0;1125.0;17.035897435897436;85.53254437869822;111.51612903225806;40.0;18.0;1.1;200;1.33;49.11;560.5744680851063;375.3404255319149;TPX;cluster5
72.0;0.4;4.0;60.0;2.5633187772925763;35.612648221343875;7.0;66.0;270.0;280.0;295.0;16.0;50.0;636.0;675.0;675.0;695.0;17.035897435897436;85.53254437869822;111.51612903225806;40.0;16.0;1.1;235;1.27;65.39;560.5744680851063;375.3404255319149;TPX;cluster-1
72.0;0.4;4.0;60.0;2.5633187772925763;35.612648221343875;14.0;75.0;270.0;280.0;295.0;29.0;50.0;783.0;900.0;1499.0;2245.0;17.035897435897436;120.0;145.0;40.0;16.0;1.1;130;4.26;26.28;560.5744680851063;375.3404255319149;TPX;cluster-1
72.0;0.4;4.0;60.0;2.5633187772925763;35.612648221343875;16.0;71.0;265.0;275.0;295.0;32.0;50.0;783.0;900.0;1499.0;2245.0;17.035897435897436;120.0;145.0;40.0;16.0;1.1;150;3.92;25.28;560.5744680851063;375.3404255319149;TPX;cluster-1
72.0;0.3;2.0;178.0;2.0;178.0;25.0;87.0;255.0;260.0;270.0;103.0;50.0;1800.0;1990.0;2000.0;2020.0;14.0;85.53254437869822;111.51612903225806;20.0;24.0;1.0;370;0.8;215.44;500.0;355.0;PET + 3% Zeol Ag;cluster-1
72.0;0.3;2.0;178.0;3.0;178.0;20.0;52.8;240.0;260.0;275.0;102.8;65.0;800.0;900.0;2600.0;3055.0;21.0;70.0;115.0;30.0;22.0;1.3;185;2.61;34.94;500.0;355.0;LOWMELT 53001;cluster6
48.0;0.4;4.0;60.0;2.5633187772925763;35.612648221343875;12.0;80.0;255.0;260.0;275.0;90.0;55.0;1800.0;1751.0;2001.0;2500.0;17.035897435897436;85.53254437869822;111.51612903225806;45.0;12.0;1.3;130;3.52;76.06;560.5744680851063;375.3404255319149;PA H24;cluster7
48.0;0.4;4.0;60.0;2.5633187772925763;35.612648221343875;12.0;72.0;250.0;255.0;275.0;90.0;55.0;1687.0;1751.0;2251.0;2500.0;17.035897435897436;85.53254437869822;111.51612903225806;45.0;14.0;1.3;125;3.41;81.72;560.5744680851063;375.3404255319149;PA H24;cluster7
72.0;0.4;4.0;60.0;2.5633187772925763;35.612648221343875;14.0;68.0;265.0;275.0;285.0;42.0;50.0;1100.0;1249.0;1751.0;2245.0;17.035897435897436;130.0;140.0;20.0;18.0;1.1;125;3.7;23.5;560.5744680851063;375.3404255319149;TPX DX350;cluster-1
72.0;0.3;2.0;178.0;2.5633187772925763;35.612648221343875;21.0;47.0;250.0;260.0;270.0;93.0;65.0;800.0;980.0;2700.0;3050.0;17.035897435897436;70.0;115.0;45.0;20.0;1.3;195;2.75;27.94;560.5744680851063;375.3404255319149;ADUANITE S3001;cluster6
72.0;0.3;2.0;178.0;2.5633187772925763;35.612648221343875;21.0;47.0;250.0;260.0;270.0;100.0;65.0;800.0;980.0;2700.0;3050.0;17.035897435897436;70.0;100.0;45.0;20.0;1.3;195;2.94;31.17;560.5744680851063;375.3404255319149;ADUANITE S3001;cluster6
72.0;0.4;4.0;60.0;2.5633187772925763;35.612648221343875;14.0;56.64;260.0;265.0;290.0;48.4;60.3;1100.0;1249.0;1751.0;2245.0;18.0;130.0;150.0;15.0;18.0;1.05;130;3.5;21.22;560.5744680851063;375.3404255319149;TPX DX350;cluster8
72.0;0.35;4.0;60.0;2.0;2.0;13.0;60.0;260.0;265.0;275.0;58.0;70.0;2100.0;2200.0;2550.0;2570.0;20.0;85.53254437869822;111.51612903225806;15.0;20.0;1.2;155;1.5;96.0;500.0;355.0;100%MB SP16H;cluster4
72.0;0.35;4.0;60.0;2.0;2.0;12.8;46.0;260.0;265.0;275.0;56.6;75.0;2200.0;2300.0;2450.0;2560.0;15.0;85.53254437869822;111.51612903225806;15.0;20.0;1.2;145;1.53;112.0;500.0;355.0;100%MB SP16H;cluster4
72.0;0.35;4.0;60.0;2.0;2.0;12.6;44.7;260.0;265.0;275.0;69.1;75.0;2200.0;2300.0;2450.0;2560.0;15.0;85.53254437869822;111.51612903225806;15.0;20.0;1.2;143;1.48;114.22;500.0;355.0;100%MB SP16H;cluster4
72.0;0.35;4.0;60.0;2.0;2.0;13.8;41.56;260.0;265.0;275.0;88.3;75.4;900.0;1100.0;2200.0;2490.0;15.0;60.0;115.0;15.0;20.0;1.2;158;2.67;40.87;500.0;355.0;100%MB SP16H;cluster-1
72.0;0.35;4.0;60.0;2.0;2.0;12.0;77.0;255.0;260.0;275.0;53.0;50.0;2825.0;2900.0;2926.0;2955.0;17.035897435897436;85.53254437869822;111.51612903225806;15.0;20.0;1.2;120;2.0;65.0;500.0;355.0;PBT + 15% SPH16W;cluster0
72.0;0.35;4.0;60.0;2.0;2.0;20.6;47.24;200.0;210.0;230.0;104.4;63.9;719.0;950.0;1300.0;1835.0;17.035897435897436;65.0;80.0;90.0;15.0;2.25;240;1.2;197.0;500.0;355.0;PP + 10% Talco;cluster-1
72.0;0.35;4.0;60.0;2.0;2.0;20.1;53.0;200.0;210.0;230.0;103.0;65.0;750.0;900.0;1550.0;2010.0;22.0;70.0;80.0;90.0;17.0;2.25;220;1.16;100.78;500.0;355.0;PP + Talco + Verde;cluster-1
72.0;0.6;4.0;178.0;2.5633187772925763;35.612648221343875;33.0;94.32;240.0;260.0;280.0;32.1;66.1;523.0;550.0;1600.0;1882.0;17.035897435897436;70.0;125.0;60.0;12.0;2.1;330;3.72;80.3;560.5744680851063;375.3404255319149;Pruebas PP Amarilleamiento;cluster-1
72.0;0.6;4.0;178.0;2.5633187772925763;35.612648221343875;36.0;94.32;240.0;260.0;280.0;32.1;66.1;523.0;550.0;1600.0;1980.0;17.035897435897436;70.0;125.0;60.0;12.0;2.1;340;3.17;61.0;560.5744680851063;375.3404255319149;Pruebas PP Amarilleamiento;cluster-1
12.0;0.5;4.0;178.0;2.5633187772925763;178.0;21.5;56.0;210.0;210.0;230.0;125.0;65.0;750.0;900.0;1550.0;2010.0;17.035897435897436;60.0;80.0;90.0;17.0;2.25;220;1.33;144.79;560.5744680851063;375.3404255319149;PP + Talco + Rojo;cluster11
12.0;0.5;4.0;178.0;2.5633187772925763;178.0;21.5;54.0;200.0;210.0;230.0;170.0;65.0;750.0;1000.0;1550.0;2010.0;17.035897435897436;60.0;80.0;90.0;20.0;2.25;220;1.28;162.83;560.5744680851063;375.3404255319149;PP + Talco + Verde;cluster10
48.0;0.4;2.0;60.0;2.5633187772925763;90.0;23.0;60.0;235.0;245.0;250.0;65.0;65.0;2800.0;2950.0;3000.0;3030.0;18.0;85.53254437869822;111.51612903225806;30.0;15.0;1.25;200;3.14;87.39;560.5744680851063;375.3404255319149;PA + CNT PA Nanocyl PA (H24);cluster-1
48.0;0.4;2.0;60.0;2.5633187772925763;90.0;23.0;59.0;235.0;245.0;250.0;77.0;65.0;3685.0;2950.0;3000.0;3860.0;18.0;85.53254437869822;111.51612903225806;30.0;15.0;1.25;165;3.4;68.1;560.5744680851063;375.3404255319149;PA + CNT PA Nanocyl PA (H24);cluster-1
75.0;0.3;2.0;90.0;2.5633187772925763;35.612648221343875;24.0;63.0;270.0;280.0;290.0;118.0;60.0;750.0;800.0;1500.0;2560.0;17.035897435897436;85.0;130.0;30.0;18.0;1.3;300;2.7;27.0;560.5744680851063;375.3404255319149;rPET;cluster-1
75.0;0.3;2.0;90.0;2.5633187772925763;35.612648221343875;25.0;62.0;270.0;280.0;295.0;115.4;65.0;700.0;750.0;1500.0;2565.0;17.035897435897436;85.0;130.0;30.0;18.0;1.3;290;2.9;27.0;560.5744680851063;375.3404255319149;rPET;cluster-1
75.0;0.3;2.0;90.0;2.5633187772925763;35.612648221343875;25.2;63.0;275.0;285.0;295.0;115.7;60.0;700.0;750.0;1300.0;2565.0;17.035897435897436;85.0;130.0;30.0;18.0;1.3;300;2.52;27.2;560.5744680851063;375.3404255319149;rPET 2% HIPS;cluster-1
75.0;0.3;2.0;90.0;2.5633187772925763;35.612648221343875;25.1;63.0;275.0;285.0;290.0;115.7;60.0;875.0;900.0;1300.0;2565.0;17.035897435897436;85.0;130.0;30.0;18.0;1.3;300;2.2;43.25;560.5744680851063;375.3404255319149;rPET 0.5% HIPS;cluster-1
75.0;0.3;2.0;90.0;2.5633187772925763;35.612648221343875;25.0;63.0;275.0;285.0;290.0;115.7;60.0;700.0;750.0;1300.0;2565.0;17.035897435897436;85.0;130.0;30.0;18.0;1.3;300;2.9;25.22;560.5744680851063;375.3404255319149;rPET 0.5% HIPS;cluster-1
75.0;0.3;2.0;90.0;2.5633187772925763;35.612648221343875;25.0;62.0;275.0;285.0;290.0;126.0;58.0;765.0;820.0;1375.0;2565.0;17.035897435897436;85.0;130.0;40.0;18.0;1.3;300;2.43;28.67;560.5744680851063;375.3404255319149;rPET 0.5% HIPS;cluster-1
48.0;0.4;4.0;90.0;4.0;2.0;6.5;53.0;165.0;170.0;185.0;0.0;50.0;850.0;915.0;960.0;1000.0;25.0;85.53254437869822;111.51612903225806;20.0;20.0;1.3;200;0.9;64.0;855.0;500.0;PHB 2450 mod;cluster-1
48.0;0.4;4.0;90.0;4.0;2.0;9.0;58.0;165.0;170.0;185.0;0.0;50.0;850.0;1420.0;1470.0;1500.0;25.0;85.53254437869822;111.51612903225806;20.0;16.0;1.3;175;0.8;54.0;855.0;500.0;PHB 2450 mod;cluster5
48.0;0.4;4.0;90.0;4.0;2.0;12.0;58.0;165.0;170.0;185.0;0.0;50.0;850.0;1939.0;1980.0;2000.0;20.0;85.53254437869822;111.51612903225806;20.0;16.0;1.3;168;0.92;59.0;855.0;500.0;PHB 2450 mod;cluster5
48.0;0.4;4.0;90.0;4.0;2.0;4.0;53.0;165.0;170.0;185.0;0.0;50.0;500.0;540.0;560.0;600.0;20.0;85.53254437869822;111.51612903225806;20.0;11.0;1.3;235;0.48;80.0;855.0;500.0;PHB 2450 mod;cluster-1
48.0;0.4;4.0;90.0;4.0;2.0;14.0;59.0;165.0;170.0;185.0;31.0;50.0;1350.0;1425.0;1850.0;2075.0;20.0;45.0;90.0;20.0;15.0;1.3;195;1.3;33.0;855.0;500.0;PHB 2450 mod;cluster5
48.0;0.4;4.0;90.0;4.0;2.0;14.0;59.0;165.0;170.0;185.0;32.2;50.0;1350.0;1425.0;1850.0;2055.0;20.0;45.0;70.0;20.0;15.0;1.3;190;1.4;34.0;855.0;500.0;PHB 2450 mod;cluster5
48.0;0.4;4.0;90.0;4.0;2.0;14.0;54.5;165.0;170.0;185.0;41.5;50.0;1350.0;1425.0;1850.0;2055.0;20.0;45.0;70.0;20.0;15.0;1.3;198;1.2;30.0;855.0;500.0;PHB 2450 mod;cluster5
72.0;0.4;4.0;88.6010101010101;2.5633187772925763;35.612648221343875;15.0;70.0;270.0;275.0;290.0;45.5;50.0;1081.0;1170.0;1600.0;2125.0;12.0;130.0;150.0;15.0;20.0;1.1;135;3.47;25.44;560.5744680851063;375.3404255319149;TPX DX350;cluster8
72.0;0.4;4.0;88.6010101010101;2.5633187772925763;35.612648221343875;14.6;68.0;270.0;275.0;290.0;48.0;50.0;1200.0;1350.0;1650.0;2125.0;12.0;130.0;150.0;15.0;20.0;1.1;130;2.9;26.78;560.5744680851063;375.3404255319149;TPX DX350;cluster9
12.0;0.5;4.0;178.0;2.5633187772925763;35.612648221343875;14.0;34.7;210.0;220.0;240.0;134.6;62.8;800.0;850.0;865.0;985.0;17.035897435897436;85.53254437869822;111.51612903225806;80.0;18.0;2.3;390;0.83;360.0;560.5744680851063;375.3404255319149;TCP - ET;cluster-1
12.0;0.5;4.0;178.0;2.5633187772925763;35.612648221343875;10.0;30.5;210.0;220.0;240.0;120.0;60.0;800.0;850.0;865.0;985.0;17.035897435897436;85.53254437869822;111.51612903225806;80.0;18.0;2.3;270;0.8;330.0;560.5744680851063;375.3404255319149;TCP - ET;cluster-1
12.0;0.5;4.0;178.0;2.5633187772925763;35.612648221343875;14.0;34.0;210.0;220.0;250.0;163.0;60.0;1950.0;850.0;865.0;2060.0;17.035897435897436;85.53254437869822;111.51612903225806;80.0;18.0;2.3;180;1.16;261.0;560.5744680851063;375.3404255319149;TCP - ET;cluster-1
12.0;0.5;4.0;178.0;2.5633187772925763;35.612648221343875;14.0;34.0;210.0;220.0;250.0;163.0;60.0;600.0;700.0;1400.0;1650.0;17.035897435897436;80.0;111.51612903225806;80.0;18.0;2.3;275;1.29;208.0;560.5744680851063;375.3404255319149;TCP - ET;cluster-1
12.0;0.5;4.0;178.0;2.5633187772925763;35.612648221343875;14.0;34.0;210.0;220.0;250.0;163.0;60.0;600.0;700.0;1799.0;1820.0;17.035897435897436;80.0;111.51612903225806;80.0;20.0;2.3;250;1.41;176.0;560.5744680851063;375.3404255319149;TCP - ET;cluster-1
72.0;0.4;4.0;60.0;2.5633187772925763;35.612648221343875;14.0;68.0;265.0;275.0;288.0;52.9;50.0;750.0;1000.0;1375.0;1775.0;17.035897435897436;140.0;145.0;15.0;18.0;1.15;155;2.8;21.5;560.5744680851063;375.3404255319149;TPX;cluster-1
72.0;0.4;4.0;60.0;2.5633187772925763;35.612648221343875;14.0;68.0;265.0;275.0;288.0;52.9;50.0;950.0;1150.0;1390.0;1775.0;17.035897435897436;140.0;145.0;15.0;18.0;1.15;130;2.26;19.11;560.5744680851063;375.3404255319149;TPX;cluster9
72.0;0.4;4.0;60.0;2.5633187772925763;35.612648221343875;12.5;68.0;265.0;275.0;288.0;52.9;50.0;1160.0;1300.0;1450.0;1775.0;17.035897435897436;140.0;145.0;15.0;18.0;1.15;130;2.4;23.0;560.5744680851063;375.3404255319149;TPX;cluster9
72.0;0.4;4.0;60.0;2.5633187772925763;35.612648221343875;12.5;68.0;275.0;285.0;288.0;52.9;50.0;1160.0;1300.0;1450.0;1775.0;17.035897435897436;140.0;145.0;15.0;18.0;1.15;130;1.7;17.0;560.5744680851063;375.3404255319149;TPX;cluster-1
72.0;0.4;4.0;60.0;2.5633187772925763;35.612648221343875;15.0;69.0;270.0;275.0;300.0;56.0;50.0;1150.0;1350.0;1600.0;2120.0;17.035897435897436;125.0;140.0;15.0;20.0;1.1;135;3.23;21.17;560.5744680851063;375.3404255319149;TPX;cluster8
72.0;0.4;4.0;60.0;2.5633187772925763;35.612648221343875;14.5;69.0;270.0;275.0;300.0;53.0;50.0;1150.0;1350.0;1600.0;2120.0;17.035897435897436;125.0;140.0;15.0;20.0;1.1;130;2.7;21.83;560.5744680851063;375.3404255319149;TPX;cluster9
72.0;0.4;4.0;60.0;2.5633187772925763;35.612648221343875;14.5;69.0;270.0;275.0;300.0;48.3;50.0;1150.0;1350.0;1600.0;2120.0;17.035897435897436;125.0;140.0;15.0;20.0;1.1;130;2.5;23.61;560.5744680851063;375.3404255319149;TPX;cluster9
72.0;0.4;4.0;60.0;2.5633187772925763;35.612648221343875;14.5;69.0;270.0;275.0;300.0;45.8;50.0;1150.0;1350.0;1600.0;2120.0;17.035897435897436;125.0;140.0;15.0;20.0;1.1;130;2.31;23.72;560.5744680851063;375.3404255319149;TPX;cluster9
58.37717121588089;0.2;3.0133333333333336;60.0;2.5633187772925763;35.612648221343875;12.0;75.0;245.0;250.0;265.0;151.0;50.0;1262.0;1906.0;2105.0;2500.0;17.035897435897436;75.0;111.51612903225806;30.0;20.0;1.3;125;3.58;59.1;560.5744680851063;375.3404255319149;PA H24;cluster7
72.0;0.35;4.0;60.0;2.5633187772925763;35.612648221343875;15.0;65.0;260.0;270.0;290.0;49.1;50.0;1325.0;1375.0;1600.0;2125.0;17.035897435897436;135.0;150.0;15.0;20.0;1.1;130;3.03;20.75;560.5744680851063;375.3404255319149;TPX DX350;cluster8
72.0;0.35;4.0;60.0;2.5633187772925763;35.612648221343875;15.0;65.0;260.0;270.0;295.0;49.1;50.0;1290.0;1375.0;1600.0;2125.0;17.035897435897436;135.0;150.0;15.0;20.0;1.1;130;2.75;21.67;560.5744680851063;375.3404255319149;TPX DX350;cluster9
72.0;0.3;2.0;60.0;2.5633187772925763;60.0;15.0;83.0;245.0;255.0;265.0;35.0;50.0;1950.0;1512.4958333333334;2132.270833333333;2050.0;17.035897435897436;85.53254437869822;111.51612903225806;15.0;18.0;1.2;220;1.35;173.0;560.5744680851063;375.3404255319149;rPET + PTT;cluster10
72.0;0.3;2.0;60.0;2.5633187772925763;60.0;15.0;83.0;245.0;255.0;265.0;68.5;50.0;2190.0;1512.4958333333334;2132.270833333333;2280.0;17.035897435897436;85.53254437869822;111.51612903225806;15.0;24.0;1.0;210;1.28;171.0;560.5744680851063;375.3404255319149;rPET + PTT;cluster10
48.0;0.4;4.0;90.0;2.5633187772925763;35.612648221343875;8.0;50.0;165.0;170.0;185.0;5.7;50.0;850.0;1512.4958333333334;2132.270833333333;1000.0;17.035897435897436;85.53254437869822;111.51612903225806;20.0;18.0;1.3;230;0.98;80.0;560.5744680851063;375.3404255319149;PHB 2450 mod;cluster-1
48.0;0.4;4.0;90.0;2.5633187772925763;35.612648221343875;8.0;56.0;165.0;170.0;185.0;0.0;50.0;850.0;1512.4958333333334;2132.270833333333;1000.0;17.035897435897436;85.53254437869822;111.51612903225806;20.0;18.0;1.3;225;0.74;85.0;560.5744680851063;375.3404255319149;PHB 2450 mod Blanco 2%;cluster-1
48.0;0.4;4.0;90.0;2.5633187772925763;35.612648221343875;8.0;48.0;165.0;170.0;185.0;0.0;50.0;850.0;1512.4958333333334;2132.270833333333;1000.0;17.035897435897436;85.53254437869822;111.51612903225806;20.0;18.0;1.3;225;0.75;74.0;560.5744680851063;375.3404255319149;PHB 2450 mod Azul 2%;cluster-1
72.0;0.4;2.0;90.0;2.0;2.0;18.0;80.0;260.0;275.0;290.0;55.0;40.0;2250.0;2400.0;2500.0;2595.0;22.0;85.53254437869822;111.51612903225806;15.0;20.0;1.0;210;1.55;145.0;850.0;500.0;PES + MNV;cluster11
72.0;0.4;2.0;90.0;2.0;2.0;21.0;75.0;255.0;265.0;285.0;49.0;40.0;2250.0;2400.0;2500.0;2595.0;22.0;85.53254437869822;111.51612903225806;15.0;20.0;1.0;250;1.66;157.0;850.0;500.0;PES + MNV;cluster-1
72.0;0.4;2.0;90.0;2.0;2.0;21.0;80.0;255.0;265.0;285.0;32.0;40.0;2250.0;2400.0;2500.0;2595.0;22.0;85.53254437869822;111.51612903225806;15.0;20.0;1.0;250;1.16;165.0;850.0;500.0;PES + MNV;cluster-1
72.0;0.4;4.0;90.0;2.5633187772925763;35.612648221343875;16.0;41.2;200.0;215.0;230.0;36.3;60.0;750.0;900.0;2100.0;2085.0;30.0;65.0;110.0;50.0;18.0;1.5;150;3.36;24.55;560.5744680851063;375.3404255319149;PP + FR;cluster8
72.0;0.4;4.0;90.0;2.5633187772925763;35.612648221343875;16.0;40.5;200.0;215.0;230.0;27.1;60.0;800.0;950.0;2150.0;2090.0;10.0;65.0;110.0;60.0;20.0;1.94;150;2.27;20.44;560.5744680851063;375.3404255319149;PP + FR;cluster9
72.0;0.4;4.0;90.0;2.5633187772925763;35.612648221343875;16.0;80.0;210.0;230.0;250.0;32.7;40.0;800.0;950.0;2150.0;2135.0;10.0;65.0;110.0;80.0;20.0;2.2;150;2.9;87.0;560.5744680851063;375.3404255319149;PP + FR;cluster13
72.0;0.3;2.0;60.0;2.5633187772925763;60.0;15.0;56.0;250.0;255.0;265.0;73.9;50.0;2190.0;1512.4958333333334;2132.270833333333;2275.0;16.0;85.53254437869822;111.51612903225806;30.0;22.0;1.3;205;1.53;149.1;560.5744680851063;375.3404255319149;rPET tejidos + rPET;cluster11
72.0;0.3;2.0;60.0;2.5633187772925763;60.0;15.0;56.0;250.0;255.0;265.0;73.9;50.0;2150.0;1512.4958333333334;2132.270833333333;2275.0;16.0;85.53254437869822;111.51612903225806;30.0;22.0;1.3;205;1.53;149.1;560.5744680851063;375.3404255319149;rPET tejidos + rPET;cluster11
72.0;0.3;2.0;60.0;2.5633187772925763;60.0;18.0;55.0;250.0;255.0;265.0;84.0;50.0;2890.0;1512.4958333333334;2132.270833333333;3000.0;16.0;85.53254437869822;111.51612903225806;30.0;24.0;1.3;187;1.76;111.0;560.5744680851063;375.3404255319149;rPET tejidos + rPET;cluster-1
48.0;0.4;2.0;105.0;2.5633187772925763;35.612648221343875;23.0;77.0;240.0;245.0;250.0;78.1;55.0;3683.0;1512.4958333333334;2132.270833333333;3860.0;17.035897435897436;85.53254437869822;111.51612903225806;40.0;24.0;1.25;150;4.11;64.5;560.5744680851063;375.3404255319149;PA;cluster-1
48.0;0.4;2.0;105.0;2.5633187772925763;35.612648221343875;23.0;64.0;240.0;245.0;250.0;70.0;55.0;3683.0;1512.4958333333334;2132.270833333333;3860.0;17.035897435897436;85.53254437869822;111.51612903225806;50.0;18.0;1.25;150;3.56;62.56;560.5744680851063;375.3404255319149;PA;cluster7
48.0;0.4;2.0;105.0;2.5633187772925763;35.612648221343875;23.0;60.0;235.0;240.0;245.0;87.0;55.0;3683.0;1512.4958333333334;2132.270833333333;3860.0;17.035897435897436;85.53254437869822;111.51612903225806;40.0;18.0;1.5;160;3.51;69.0;560.5744680851063;375.3404255319149;PA;cluster-1
12.0;0.5;4.0;178.0;2.5633187772925763;35.612648221343875;10.0;30.0;215.0;220.0;250.0;81.0;60.0;700.0;800.0;2050.0;2210.0;17.035897435897436;80.0;120.0;80.0;20.0;1.3;136;1.66;99.67;560.5744680851063;375.3404255319149;TPC - ET LG;cluster4
12.0;0.5;4.0;178.0;2.5633187772925763;35.612648221343875;12.0;35.0;215.0;220.0;250.0;95.0;70.0;1250.0;1500.0;2650.0;2710.0;4.0;85.0;115.0;80.0;20.0;1.3;130;1.56;104.0;560.5744680851063;375.3404255319149;TPC - ET LG;cluster4
12.0;0.5;4.0;178.0;2.5633187772925763;35.612648221343875;12.0;35.0;215.0;220.0;250.0;98.0;70.0;1300.0;1499.0;2801.0;3050.0;4.0;85.0;115.0;80.0;20.0;1.3;120;1.9;88.5;560.5744680851063;375.3404255319149;TPC - ET LG;cluster-1
12.0;0.5;4.0;178.0;2.5633187772925763;35.612648221343875;12.0;35.0;215.0;220.0;250.0;99.0;70.0;1700.0;1799.0;3000.0;3360.0;3.0;85.0;115.0;80.0;20.0;1.3;105;1.77;104.2;560.5744680851063;375.3404255319149;TPC - ET LG;cluster-1
36.0;0.4;4.0;178.0;2.5633187772925763;35.612648221343875;12.0;29.0;200.0;210.0;225.0;92.0;70.0;1900.0;2000.0;2070.0;2582.6390977443607;17.035897435897436;85.53254437869822;111.51612903225806;80.0;20.0;2.3;190;1.66;195.0;560.5744680851063;375.3404255319149;PEBAX MV 1074 SA;cluster-1
72.0;0.3;2.0;60.0;2.5633187772925763;60.0;18.0;56.0;250.0;255.0;265.0;107.0;50.0;2890.0;1512.4958333333334;2132.270833333333;2990.0;17.035897435897436;85.53254437869822;111.51612903225806;30.0;24.0;1.3;185;2.19;105.0;560.5744680851063;375.3404255319149;A + rPET;cluster1
72.0;0.3;2.0;60.0;2.5633187772925763;60.0;16.0;55.5;250.0;255.0;265.0;97.2;50.0;2890.0;1512.4958333333334;2132.270833333333;2990.0;17.035897435897436;85.53254437869822;111.51612903225806;30.0;24.0;1.3;165;2.09;107.0;560.5744680851063;375.3404255319149;A + rPET;cluster2
36.0;0.3;2.0;90.0;2.5633187772925763;35.612648221343875;16.0;68.0;260.0;265.0;274.0;135.0;60.0;2890.0;1512.4958333333334;2132.270833333333;2990.0;17.035897435897436;85.53254437869822;111.51612903225806;30.0;24.0;1.3;155;1.8;121.2;560.5744680851063;375.3404255319149;A + rPET;cluster4
36.0;0.3;2.0;90.0;2.5633187772925763;35.612648221343875;16.0;68.0;260.0;265.0;274.0;135.0;60.0;2890.0;1512.4958333333334;2132.270833333333;3000.0;17.035897435897436;85.53254437869822;111.51612903225806;30.0;24.0;1.3;155;1.8;122.0;560.5744680851063;375.3404255319149;A + rPET;cluster4
72.0;0.3;2.0;90.0;2.5633187772925763;35.612648221343875;14.0;44.0;250.0;255.0;260.0;99.2;50.0;2010.0;1512.4958333333334;2132.270833333333;2582.6390977443607;16.0;85.53254437869822;111.51612903225806;30.0;22.0;1.3;200;1.48;146.3;560.5744680851063;375.3404255319149;A + rPET 50/50;cluster11
72.0;0.3;2.0;90.0;2.5633187772925763;35.612648221343875;14.0;53.0;250.0;255.0;260.0;105.0;50.0;2308.0;1512.4958333333334;2132.270833333333;2582.6390977443607;16.0;85.53254437869822;111.51612903225806;30.0;24.0;1.3;175;1.63;131.8;560.5744680851063;375.3404255319149;A + rPET 50/50;cluster-1
72.0;0.35;4.0;60.0;2.5633187772925763;35.612648221343875;15.0;46.0;260.0;270.0;295.0;39.2;50.0;1290.0;1375.0;1600.0;2120.0;17.035897435897436;135.0;150.0;15.0;20.0;1.1;130;2.46;20.5;560.5744680851063;375.3404255319149;TPX DX350;cluster9
72.0;0.35;4.0;60.0;2.5633187772925763;35.612648221343875;15.0;46.0;260.0;270.0;295.0;39.2;50.0;1290.0;1375.0;1600.0;2120.0;17.035897435897436;135.0;150.0;15.0;20.0;1.1;130;2.2;22.0;560.5744680851063;375.3404255319149;TPX DX350 0.5% Blanco;cluster9
72.0;0.35;4.0;60.0;2.5633187772925763;35.612648221343875;15.0;41.0;260.0;270.0;295.0;29.0;50.0;1450.0;1600.0;1784.0;2120.0;17.035897435897436;135.0;150.0;15.0;20.0;1.1;130;2.2;21.0;560.5744680851063;375.3404255319149;TPX DX350 0.66% Negro;cluster9
72.0;0.35;4.0;178.0;2.5633187772925763;35.612648221343875;21.0;41.0;250.0;265.0;265.0;64.4;65.0;850.0;1030.0;2550.0;2940.0;17.035897435897436;70.0;100.0;45.0;20.0;1.3;205;2.76;23.94;560.5744680851063;375.3404255319149;ADUANITE S3001;cluster6
72.0;0.35;4.0;178.0;2.5633187772925763;35.612648221343875;21.0;40.5;240.0;250.0;265.0;79.5;65.0;850.0;1030.0;2575.0;2945.0;17.035897435897436;70.0;100.0;45.0;18.0;1.3;205;3.02;26.17;560.5744680851063;375.3404255319149;ADUANITE S3001;cluster6
72.0;0.35;4.0;178.0;2.5633187772925763;35.612648221343875;21.0;39.0;240.0;250.0;265.0;91.6;65.0;900.0;1100.0;2700.0;2945.0;17.035897435897436;75.0;100.0;45.0;18.0;1.3;205;3.02;27.8;560.5744680851063;375.3404255319149;ADUANITE S3001;cluster6
72.0;0.35;4.0;178.0;2.5633187772925763;35.612648221343875;21.0;43.0;255.0;260.0;270.0;76.5;65.0;900.0;1100.0;2700.0;2945.0;17.035897435897436;75.0;100.0;45.0;18.0;1.3;200;2.74;32.2;560.5744680851063;375.3404255319149;ADUANITE S3001;cluster6
72.0;0.35;4.0;178.0;2.5633187772925763;35.612648221343875;21.0;44.0;255.0;260.0;270.0;82.7;65.0;900.0;1100.0;2700.0;2940.0;17.035897435897436;70.0;100.0;45.0;18.0;1.3;195;3.1;35.22;560.5744680851063;375.3404255319149;ADUANITE S3001;cluster6
48.0;0.4;4.0;178.0;2.5633187772925763;35.612648221343875;16.0;24.0;250.0;260.0;280.0;120.0;75.0;1981.0;1100.0;1499.0;2055.0;20.0;85.53254437869822;111.51612903225806;15.0;22.0;1.5065989847715735;200;1.05;20.56;560.5744680851063;375.3404255319149;ZK6HF;cluster5
48.0;0.4;4.0;178.0;2.5633187772925763;35.612648221343875;15.0;24.0;250.0;260.0;280.0;103.0;75.0;2494.0;1100.0;1499.0;2585.0;20.0;85.53254437869822;111.51612903225806;15.0;22.0;1.5065989847715735;150;1.13;17.5;560.5744680851063;375.3404255319149;ZK6HF;cluster5
48.0;0.4;4.0;178.0;2.5633187772925763;35.612648221343875;15.0;24.0;250.0;270.0;290.0;88.0;75.0;1448.0;1600.0;1751.0;2025.0;20.0;90.0;120.0;25.0;20.0;1.5065989847715735;180;0.95;12.0;560.5744680851063;375.3404255319149;ZK6HF;cluster5
72.0;0.6;4.0;178.0;2.5633187772925763;35.612648221343875;15.0;21.0;255.0;260.0;290.0;0.7;22.0;1981.0;1512.4958333333334;2132.270833333333;2055.0;23.0;85.53254437869822;111.51612903225806;15.0;22.0;1.5;185;1.11;19.0;560.5744680851063;375.3404255319149;ZK6HF ;cluster5
48.0;0.3;2.0;90.0;2.5633187772925763;35.612648221343875;24.0;51.0;260.0;265.0;275.0;37.2;50.0;2690.0;1512.4958333333334;2132.270833333333;2800.0;17.035897435897436;85.53254437869822;111.51612903225806;50.0;20.0;1.5065989847715735;270;1.6;133.0;560.5744680851063;375.3404255319149;20180 rPETD/rPET;cluster-1
48.0;0.3;2.0;90.0;2.5633187772925763;35.612648221343875;22.0;51.0;260.0;265.0;275.0;33.5;50.0;2690.0;1512.4958333333334;2132.270833333333;2800.0;17.035897435897436;85.53254437869822;111.51612903225806;30.0;20.0;1.5065989847715735;240;1.81;142.0;560.5744680851063;375.3404255319149;20180 rPETD/rPET;cluster-1
48.0;0.3;2.0;90.0;2.5633187772925763;35.612648221343875;20.0;51.0;260.0;265.0;275.0;49.6;50.0;2500.0;1512.4958333333334;2132.270833333333;2600.0;17.035897435897436;85.53254437869822;111.51612903225806;30.0;20.0;1.5065989847715735;240;1.62;149.0;560.5744680851063;375.3404255319149;20180 rPETD/rPET;cluster-1
36.0;0.3;2.0;90.0;4.0;2.0;20.0;47.0;260.0;188.5233082706767;280.0;131.0;60.0;2950.0;1512.4958333333334;2132.270833333333;3100.0;36.0;85.53254437869822;111.51612903225806;50.0;20.0;1.3;200;1.71;139.2;500.0;355.0;rPET DEC + rPET;cluster11
36.0;0.3;2.0;90.0;4.0;2.0;20.0;48.0;260.0;188.5233082706767;280.0;146.8;60.0;2880.0;1512.4958333333334;2132.270833333333;3000.0;24.0;85.53254437869822;111.51612903225806;30.0;20.0;1.3;205;1.76;146.5;500.0;355.0;rPET DEC + rPET;cluster11
36.0;0.3;2.0;90.0;4.0;2.0;14.0;43.7;260.0;188.5233082706767;280.0;113.4;60.0;2880.0;1512.4958333333334;2132.270833333333;3000.0;18.0;85.53254437869822;111.51612903225806;30.0;20.0;1.3;140;1.7;136.3;500.0;355.0;rPET DEC + rPET;cluster4
36.0;0.3;2.0;90.0;4.0;2.0;13.0;42.0;260.0;188.5233082706767;280.0;95.0;60.0;2880.0;1512.4958333333334;2132.270833333333;3000.0;18.0;85.53254437869822;111.51612903225806;30.0;10.0;1.15;130;1.76;140.8;500.0;355.0;rPET DEC + rPET;cluster4
36.0;0.3;2.0;90.0;4.0;2.0;8.5;38.0;260.0;188.5233082706767;280.0;64.0;60.0;2880.0;1512.4958333333334;2132.270833333333;3000.0;18.0;85.53254437869822;111.51612903225806;30.0;10.0;1.15;90;1.67;119.7;500.0;355.0;rPET DEC + rPET;cluster-1
36.0;0.3;2.0;90.0;4.0;2.0;12.0;30.0;250.0;260.0;260.0;96.0;60.0;2866.0;1512.4958333333334;2132.270833333333;3000.0;17.035897435897436;85.53254437869822;111.51612903225806;50.0;20.0;1.8;120;1.34;143.0;500.0;355.0;rPET DEC + rPET (50%/50%);cluster4
96.0;0.3;2.0;30.0;1.0;2.0;14.0;26.0;165.0;180.0;195.0;98.0;70.0;1301.0;1424.0;1850.0;2040.0;25.0;44.0;72.0;30.0;16.0;1.3;180;1.7;24.0;500.0;355.0;PHB DANIMER;cluster-1
96.0;0.3;2.0;30.0;1.0;2.0;19.5;28.0;165.0;180.0;200.0;106.0;70.0;2100.0;2224.0;2700.0;2840.0;15.0;45.0;72.0;30.0;18.0;1.3;180;1.55;32.0;500.0;355.0;PHB DANIMER;cluster5
48.0;0.4;4.0;90.0;2.5633187772925763;35.612648221343875;14.0;25.0;255.0;260.0;280.0;57.0;75.0;1976.0;1512.4958333333334;2132.270833333333;2055.0;18.0;85.53254437869822;111.51612903225806;25.0;19.0;1.36;180;0.95;24.4;560.5744680851063;375.3404255319149;ZK5HF PMMA;cluster5
48.0;0.4;4.0;90.0;2.5633187772925763;35.612648221343875;17.0;29.0;255.0;260.0;278.0;63.0;75.0;2485.0;1512.4958333333334;2132.270833333333;2575.0;17.0;85.53254437869822;111.51612903225806;25.0;16.0;1.4;180;1.05;24.0;560.5744680851063;375.3404255319149;ZK5HF PMMA;cluster5
48.0;0.4;4.0;90.0;2.5633187772925763;35.612648221343875;17.0;42.0;260.0;270.0;280.0;39.7;75.0;2485.0;1512.4958333333334;2132.270833333333;2575.0;17.0;85.53254437869822;111.51612903225806;25.0;16.0;1.35;178;1.0;21.0;560.5744680851063;375.3404255319149;ZK6HF PMMA;cluster5
72.0;0.4;4.0;60.0;2.5633187772925763;35.612648221343875;16.0;37.0;220.0;230.0;260.0;43.5;60.0;802.0;949.0;1951.0;2180.0;19.0;65.0;120.0;80.0;16.0;2.1;140;3.23;77.33;560.5744680851063;375.3404255319149;PP + 07%Amarillo + 2%UV 792930;cluster7
72.0;0.4;4.0;60.0;2.5633187772925763;35.612648221343875;16.0;37.0;220.0;230.0;260.0;43.5;60.0;602.0;749.0;1951.0;2180.0;19.0;65.0;120.0;80.0;16.0;2.1;140;3.44;67.44;560.5744680851063;375.3404255319149;PP + 07%Amarillo + 2%UV 792930;cluster7
72.0;0.4;4.0;60.0;2.5633187772925763;35.612648221343875;16.0;40.0;220.0;230.0;260.0;40.2;60.0;602.0;749.0;1951.0;2165.0;19.0;65.0;120.0;80.0;16.0;2.1;140;3.52;63.89;560.5744680851063;375.3404255319149;PP + 07%Amarillo + 2%UV 792930 + 4%FR LXR935;cluster7
72.0;0.4;4.0;60.0;2.5633187772925763;35.612648221343875;16.5;36.0;220.0;230.0;260.0;56.0;60.0;602.0;749.0;1951.0;2165.0;19.0;65.0;120.0;80.0;16.0;2.1;140;3.27;54.4;560.5744680851063;375.3404255319149;PP + 07%Rojo + 2%UV 792930;cluster7
72.0;0.4;4.0;60.0;2.5633187772925763;35.612648221343875;16.5;55.0;220.0;230.0;260.0;50.0;60.0;602.0;749.0;1951.0;2165.0;19.0;65.0;120.0;80.0;16.0;2.1;140;3.37;76.4;560.5744680851063;375.3404255319149;PP + 07%Rojo + 2%UV 792930 + 4% FR LXR935;cluster7
72.0;0.3;2.0;178.0;2.0;2.0;22.0;62.0;275.0;285.0;295.0;145.0;60.0;699.0;749.0;1350.0;2580.0;17.035897435897436;90.0;130.0;85.0;16.0;1.4;250;2.6;30.0;500.0;355.0;rPET + 2% Amarillo;cluster-1
72.0;0.3;2.0;178.0;2.0;2.0;22.0;62.0;275.0;285.0;295.0;140.0;60.0;699.0;749.0;1500.0;2760.0;17.035897435897436;90.0;130.0;85.0;16.0;1.4;250;3.0;26.0;500.0;355.0;rPET + 2% Amarillo;cluster-1
72.0;0.3;2.0;90.0;3.0;2.0;14.0;44.0;265.0;275.0;390.0;110.3;70.0;2690.0;1512.4958333333334;2132.270833333333;2800.0;17.035897435897436;85.53254437869822;111.51612903225806;30.0;18.0;1.3;145;2.3;104.0;500.0;355.0;rPET;cluster4
72.0;0.3;2.0;90.0;3.0;2.0;13.0;49.0;265.0;275.0;390.0;100.8;70.0;2690.0;1512.4958333333334;2132.270833333333;2800.0;17.035897435897436;85.53254437869822;111.51612903225806;30.0;18.0;1.3;137;2.4;120.0;500.0;355.0;rPET;cluster4
72.0;0.3;2.0;90.0;3.0;2.0;12.5;62.0;270.0;280.0;390.0;98.0;70.0;2690.0;1512.4958333333334;2132.270833333333;2800.0;17.035897435897436;85.53254437869822;111.51612903225806;30.0;18.0;1.3;135;2.35;115.0;500.0;355.0;rPET;cluster4
72.0;0.3;2.0;60.0;3.0;2.0;14.0;58.0;270.0;275.0;295.0;114.4;70.0;2700.0;1512.4958333333334;2132.270833333333;2800.0;17.035897435897436;85.53254437869822;111.51612903225806;30.0;20.0;1.3;150;2.62;114.8;500.0;355.0;rPET Batch 1;cluster4
72.0;0.3;2.0;60.0;3.0;2.0;12.0;58.4;270.0;275.0;295.0;99.2;70.0;2700.0;1512.4958333333334;2132.270833333333;2800.0;17.035897435897436;85.53254437869822;111.51612903225806;30.0;20.0;1.3;130;2.59;115.0;500.0;355.0;rPET Batch 1;cluster4
48.0;0.4;4.0;90.0;2.5633187772925763;35.612648221343875;14.0;33.0;190.0;195.0;210.0;28.0;70.0;2401.0;1512.4958333333334;2132.270833333333;2520.0;17.035897435897436;85.53254437869822;111.51612903225806;40.0;23.0;1.3;170;0.64;130.0;560.5744680851063;375.3404255319149;TPE + 10% Plastificante;cluster12
48.0;0.4;4.0;90.0;2.5633187772925763;35.612648221343875;14.0;33.0;190.0;195.0;210.0;28.0;70.0;2700.0;1512.4958333333334;2132.270833333333;2850.0;17.035897435897436;85.53254437869822;111.51612903225806;80.0;25.0;1.8;150;0.7;114.8;560.5744680851063;375.3404255319149;TPE + 10% Plastificante;cluster12
36.0;0.3;2.0;90.0;4.0;2.0;14.0;54.0;250.0;260.0;260.0;171.0;60.0;2866.0;1512.4958333333334;2132.270833333333;3000.0;17.035897435897436;85.53254437869822;111.51612903225806;40.0;20.0;1.5;135;1.6;118.8;500.0;355.0;rPET DECATHLON;cluster4
36.0;0.3;2.0;90.0;3.0;2.0;14.0;62.0;260.0;265.0;270.0;91.8;60.0;2866.0;1512.4958333333334;2132.270833333333;3000.0;17.035897435897436;85.53254437869822;111.51612903225806;60.0;20.0;1.55;140;1.45;130.8;500.0;355.0;rPET 50/50;cluster4
36.0;0.3;2.0;90.0;3.0;2.0;13.5;61.0;260.0;265.0;272.0;86.5;60.0;2866.0;1512.4958333333334;2132.270833333333;3000.0;17.035897435897436;85.53254437869822;111.51612903225806;60.0;20.0;1.55;135;1.45;133.9;500.0;355.0;rPET 50/50;cluster4
36.0;0.3;2.0;90.0;3.0;2.0;13.0;67.0;260.0;265.0;272.0;80.8;60.0;2866.0;1512.4958333333334;2132.270833333333;3000.0;17.035897435897436;85.53254437869822;111.51612903225806;60.0;20.0;1.55;130;1.49;140.0;500.0;355.0;rPET 50/50;cluster4
72.0;0.3;2.0;60.0;2.5633187772925763;35.612648221343875;15.0;70.0;250.0;260.0;270.0;46.2;60.0;2866.0;1512.4958333333334;2132.270833333333;3000.0;20.0;85.53254437869822;111.51612903225806;60.0;20.0;1.3;150;1.72;104.0;560.5744680851063;375.3404255319149;100% NEGOMBO SIN COLOR;cluster4
48.0;0.4;2.0;90.0;6.0;178.0;25.0;50.0;240.0;250.0;265.0;200.0;50.0;2886.0;1512.4958333333334;2132.270833333333;2990.0;21.0;85.53254437869822;111.51612903225806;40.0;15.0;1.5;270;2.2;143.4;500.0;355.0;PEF 75:25 (0560:0491);cluster-1
48.0;0.4;2.0;90.0;6.0;178.0;26.5;50.0;240.0;250.0;265.0;222.0;50.0;2886.0;1512.4958333333334;2132.270833333333;2990.0;21.0;85.53254437869822;111.51612903225806;40.0;15.0;1.5;295;2.15;142.0;500.0;355.0;PEF 75:25 (0560:0491);cluster-1
48.0;0.4;2.0;90.0;6.0;178.0;30.5;52.0;240.0;250.0;270.0;217.0;50.0;3390.0;1512.4958333333334;2132.270833333333;3500.0;21.0;85.53254437869822;111.51612903225806;50.0;16.0;1.6;290;2.31;131.4;500.0;355.0;PEF 75:25 (0560:0491);cluster-1
48.0;0.4;2.0;90.0;6.0;178.0;35.0;36.0;240.0;250.0;275.0;201.0;50.0;3890.0;1512.4958333333334;2132.270833333333;4000.0;21.0;85.53254437869822;111.51612903225806;70.0;16.0;1.6;295;2.31;108.3;500.0;355.0;PEF 75:25 (0560:0491);cluster-1
48.0;0.4;2.0;90.0;2.0;178.0;17.0;40.8;240.0;250.0;260.0;170.0;50.0;3903.0;1512.4958333333334;2132.270833333333;4000.0;12.0;85.53254437869822;111.51612903225806;50.0;16.0;1.6;135;2.87;97.0;500.0;355.0;PEF 75:25 (0560:0491);cluster13
48.0;0.4;2.0;90.0;2.0;178.0;13.6;38.0;240.0;250.0;260.0;170.0;50.0;3395.0;1512.4958333333334;2132.270833333333;3500.0;12.0;85.53254437869822;111.51612903225806;50.0;16.0;1.6;125;2.54;83.5;500.0;355.0;PEF 75:25 (0560:0491);cluster-1
48.0;0.4;2.0;90.0;2.0;178.0;13.6;35.0;240.0;250.0;260.0;153.0;50.0;3395.0;1512.4958333333334;2132.270833333333;3500.0;12.0;85.53254437869822;111.51612903225806;50.0;16.0;1.6;120;2.43;93.2;500.0;355.0;PEF 75:25 (0560:0491);cluster-1
48.0;0.4;2.0;90.0;1.0;35.612648221343875;13.0;32.0;270.0;280.0;290.0;230.0;80.0;3230.0;650.0;1750.0;2070.0;17.0;120.0;140.0;40.0;10.0;1.6;200;3.03;38.4;500.0;355.0;PET + PEF;cluster6
48.0;0.4;2.0;90.0;1.0;35.612648221343875;12.0;45.0;270.0;275.0;285.0;230.0;80.0;2900.0;650.0;1750.0;2995.0;13.0;120.0;140.0;50.0;15.0;1.6;125;2.85;86.2;500.0;355.0;PET + PEF;cluster13
48.0;0.4;2.0;90.0;1.0;35.612648221343875;12.0;45.0;275.0;285.0;290.0;230.0;80.0;2900.0;650.0;1750.0;2995.0;13.0;120.0;140.0;50.0;15.0;1.6;125;3.08;94.44;500.0;355.0;PET + PEF;cluster13
48.0;0.4;2.0;90.0;1.0;35.612648221343875;13.0;35.0;275.0;285.0;290.0;230.0;80.0;2900.0;650.0;1750.0;2995.0;13.0;120.0;140.0;50.0;15.0;1.6;135;2.9;93.5;500.0;355.0;PET + PEF;cluster13
36.0;0.3;2.0;90.0;3.0;178.0;13.0;61.0;268.0;273.0;278.0;76.0;60.0;2876.0;1512.4958333333334;2132.270833333333;3005.0;17.035897435897436;85.53254437869822;111.51612903225806;30.0;16.0;1.5;130;1.64;141.3;500.0;355.0;30/70 (Color/rPET);cluster4
48.0;0.3;2.0;60.0;4.0;2.0;20.0;62.0;280.0;290.0;295.0;267.0;60.0;3000.0;1512.4958333333334;2132.270833333333;3100.0;17.035897435897436;85.53254437869822;111.51612903225806;40.0;30.0;1.1;190;2.32;132.1;500.0;355.0;PES SEMI-MAT;cluster-1
48.0;0.3;2.0;60.0;4.0;2.0;20.0;55.0;280.0;290.0;295.0;344.0;60.0;3000.0;1512.4958333333334;2132.270833333333;3100.0;17.035897435897436;85.53254437869822;111.51612903225806;40.0;30.0;1.1;190;2.44;120.7;500.0;355.0;PES GRAFENO 5000 ppm;cluster1
48.0;0.3;2.0;60.0;4.0;2.0;20.0;71.0;265.0;270.0;285.0;201.0;60.0;3000.0;1512.4958333333334;2132.270833333333;3100.0;17.035897435897436;85.53254437869822;111.51612903225806;40.0;30.0;1.1;195;1.94;128.2;500.0;355.0;PES GRAFENO 10000 ppm;cluster-1
72.0;0.4;4.0;105.0;2.0;2.0;28.0;44.0;200.0;200.0;205.0;347.0;60.0;500.0;720.0;1000.0;1050.0;2.0;60.0;111.51612903225806;80.0;30.0;2.1;170;0.41;292.8;850.0;500.0;PE PURELL GA7760 + 4% Aditivo;cluster-1
72.0;0.4;4.0;105.0;2.0;2.0;33.0;44.0;200.0;200.0;205.0;347.0;60.0;500.0;720.0;1000.0;1050.0;2.0;60.0;111.51612903225806;80.0;30.0;2.1;460;0.71;371.0;850.0;500.0;PE PURELL GA7760 + 4% Aditivo;cluster-1
72.0;0.6;4.0;105.0;2.0;2.0;42.0;57.0;200.0;200.0;205.0;336.0;60.0;550.0;800.0;1900.0;2180.0;2.0;60.0;50.0;100.0;30.0;2.1;415;1.47;147.0;850.0;500.0;PE PURELL GA7760 + 4% Aditivo;cluster-1
72.0;0.6;4.0;105.0;2.0;2.0;42.0;57.0;200.0;200.0;205.0;343.0;60.0;550.0;800.0;1900.0;2085.0;2.0;40.0;50.0;100.0;30.0;2.1;415;1.57;180.3;850.0;500.0;PE PURELL GA7760 + 4% Aditivo;cluster-1
72.0;0.6;4.0;105.0;2.0;2.0;42.0;57.0;200.0;200.0;205.0;343.0;60.0;550.0;800.0;1900.0;2045.0;22.0;40.0;50.0;100.0;30.0;2.1;415;1.51;170.3;850.0;500.0;PE PURELL GA7760 + 4% Aditivo;cluster-1
72.0;0.6;4.0;105.0;2.0;2.0;42.0;57.0;200.0;200.0;205.0;343.0;60.0;550.0;800.0;1900.0;2045.0;22.0;40.0;35.0;100.0;30.0;2.1;415;1.46;176.0;850.0;500.0;PE PURELL GA7760 + 4% Aditivo;cluster-1
72.0;0.6;4.0;105.0;2.0;2.0;42.0;57.0;200.0;200.0;205.0;343.0;60.0;550.0;800.0;1900.0;2045.0;22.0;40.0;70.0;100.0;30.0;2.1;415;1.28;192.3;850.0;500.0;PE PURELL GA7760 + 4% Aditivo;cluster-1
72.0;0.6;4.0;105.0;2.0;2.0;42.0;59.0;200.0;200.0;205.0;245.0;60.0;550.0;800.0;2350.0;2430.0;17.0;40.0;70.0;100.0;30.0;2.1;320;1.88;120.0;850.0;500.0;PE PURELL GA7760 + 4% Aditivo;cluster-1
36.0;0.3;2.0;90.0;3.0;178.0;13.0;45.0;270.0;275.0;280.0;203.0;60.0;2876.0;1512.4958333333334;2132.270833333333;3031.0;17.035897435897436;85.53254437869822;111.51612903225806;40.0;16.0;1.5;130;2.08;115.0;850.0;500.0;NEGOMBO WHITE 30% + rPET 70%;cluster4
36.0;0.3;2.0;90.0;3.0;178.0;13.0;45.0;275.0;278.0;285.0;167.0;60.0;2876.0;1512.4958333333334;2132.270833333333;3045.0;17.035897435897436;85.53254437869822;111.51612903225806;40.0;16.0;1.5;130;2.02;130.0;850.0;500.0;NEGOMBO WHITE 30% + rPET 70%;cluster4
36.0;0.3;2.0;90.0;3.0;2.0;14.0;40.0;275.0;280.0;298.0;200.0;75.0;2949.0;1512.4958333333334;2132.270833333333;3065.0;20.0;85.53254437869822;111.51612903225806;40.0;16.0;1.5;140;2.15;129.0;500.0;355.0;BATCH 2;cluster4
36.0;0.3;2.0;90.0;3.0;2.0;13.0;40.0;275.0;280.0;298.0;200.0;75.0;2949.0;1512.4958333333334;2132.270833333333;3065.0;20.0;85.53254437869822;111.51612903225806;40.0;16.0;1.5;125;2.2;130.0;500.0;355.0;BATCH 2;cluster4
36.0;0.3;2.0;90.0;3.0;2.0;13.5;40.0;275.0;280.0;295.0;207.0;75.0;2955.0;1512.4958333333334;2132.270833333333;3070.0;12.0;85.53254437869822;111.51612903225806;40.0;16.0;1.5;130;2.11;130.0;500.0;355.0;BATCH 2;cluster4
72.0;0.3;2.0;90.0;1.0;2.0;13.5;46.0;280.0;290.0;305.0;139.0;95.0;2954.0;1512.4958333333334;2132.270833333333;3068.0;16.0;85.53254437869822;111.51612903225806;40.0;20.0;1.35;135;2.22;126.0;500.0;355.0;BATCH 2;cluster4
72.0;0.3;2.0;90.0;1.0;2.0;13.2;45.0;280.0;290.0;305.0;130.0;95.0;2954.0;1512.4958333333334;2132.270833333333;3068.0;16.0;85.53254437869822;111.51612903225806;40.0;20.0;1.35;130;2.15;126.0;500.0;355.0;BATCH 2;cluster4
72.0;0.3;2.0;90.0;1.0;2.0;13.0;46.0;280.0;290.0;300.0;139.0;95.0;2880.0;1512.4958333333334;2132.270833333333;3000.0;18.0;85.53254437869822;111.51612903225806;40.0;20.0;1.3;130;2.3;130.0;500.0;355.0;BATCH 2;cluster4
72.0;0.3;2.0;90.0;1.0;2.0;13.0;46.0;280.0;290.0;300.0;139.0;95.0;2900.0;1512.4958333333334;2132.270833333333;3000.0;18.0;85.53254437869822;111.51612903225806;30.0;20.0;1.3;130;2.3;133.0;500.0;355.0;BATCH 2;cluster4
48.0;0.4;4.0;60.0;2.5633187772925763;35.612648221343875;10.0;51.0;275.0;285.0;285.0;47.0;80.0;1600.0;1650.0;1960.0;2330.0;17.035897435897436;135.0;140.0;30.0;15.0;1.4;85;2.0;20.0;560.5744680851063;375.3404255319149;TPX DX350;cluster14
48.0;0.4;4.0;60.0;2.5633187772925763;35.612648221343875;10.21;53.0;275.0;285.0;285.0;37.0;80.0;1600.0;1650.0;1960.0;2330.0;17.035897435897436;135.0;140.0;30.0;15.0;1.4;88;2.05;22.0;560.5744680851063;375.3404255319149;TPX DX350;cluster14
48.0;0.4;4.0;60.0;2.5633187772925763;35.612648221343875;9.5;51.0;275.0;285.0;285.0;42.0;80.0;920.0;1070.0;1638.0;2120.0;17.035897435897436;135.0;140.0;30.0;12.0;1.4;88;3.54;25.7;560.5744680851063;375.3404255319149;TPX DX350;cluster15
48.0;0.4;4.0;60.0;2.5633187772925763;35.612648221343875;9.5;51.0;275.0;285.0;285.0;42.0;80.0;950.0;1100.0;1670.0;2124.0;13.0;135.0;140.0;30.0;12.0;1.4;90;3.3;25.7;560.5744680851063;375.3404255319149;TPX DX350;cluster15
48.0;0.4;4.0;60.0;2.5633187772925763;35.612648221343875;9.5;51.0;275.0;285.0;285.0;42.0;80.0;960.0;1100.0;1680.0;2124.0;13.0;135.0;140.0;30.0;12.0;1.4;90;3.37;26.4;560.5744680851063;375.3404255319149;TPX DX350;cluster15
72.0;0.3;2.0;90.0;3.0;178.0;13.0;46.0;268.0;273.0;278.0;32.0;60.0;2851.0;1512.4958333333334;2132.270833333333;2582.6390977443607;17.035897435897436;85.53254437869822;111.51612903225806;20.0;16.0;1.5;130;1.78;138.5;500.0;355.0;NEGOMBO BLACK 30% + rPET 70%;cluster4
72.0;0.3;2.0;90.0;3.0;178.0;13.0;46.0;268.0;273.0;278.0;29.0;60.0;3101.0;1512.4958333333334;2132.270833333333;3230.0;17.035897435897436;85.53254437869822;111.51612903225806;30.0;16.0;1.5;123;1.72;123.0;500.0;355.0;NEGOMBO BLACK 30% + rPET 70%;cluster4
72.0;0.3;2.0;90.0;3.0;178.0;14.0;53.0;270.0;275.0;278.0;29.0;60.0;2875.0;1512.4958333333334;2132.270833333333;3040.0;17.035897435897436;85.53254437869822;111.51612903225806;30.0;16.0;1.5;130;1.78;132.0;500.0;355.0;NEGOMBO BLACK 30% + rPET 70%;cluster4
72.0;0.4;2.0;90.0;3.0;2.0;24.0;45.0;285.0;295.0;297.0;251.0;120.0;3037.0;1512.4958333333334;2132.270833333333;3130.0;17.035897435897436;85.53254437869822;111.51612903225806;50.0;25.0;1.5065989847715735;230;2.78;120.0;500.0;355.0;rPET;cluster-1
72.0;0.4;2.0;90.0;3.0;2.0;22.0;43.0;285.0;295.0;297.0;243.0;100.0;3037.0;1512.4958333333334;2132.270833333333;3130.0;17.035897435897436;85.53254437869822;111.51612903225806;50.0;24.0;1.5065989847715735;210;2.43;105.0;500.0;355.0;rPET;cluster1
48.0;0.4;4.0;60.0;2.0;2.0;11.0;65.0;275.0;285.0;286.0;32.0;120.0;1599.0;1799.0;2125.0;2650.0;17.035897435897436;150.0;140.0;30.0;20.0;1.4;85;1.8;20.0;500.0;355.0;TPX 350;cluster14
48.0;0.4;4.0;60.0;2.0;2.0;11.2;65.0;275.0;285.0;286.0;32.0;120.0;1599.0;1799.0;2125.0;2650.0;17.035897435897436;150.0;140.0;30.0;20.0;1.4;85;2.25;22.0;500.0;355.0;TPX 350;cluster14
48.0;0.4;4.0;60.0;2.0;2.0;12.0;92.6;275.0;285.0;286.0;32.0;120.0;1648.0;1826.0;2215.0;2700.0;17.035897435897436;150.0;140.0;30.0;20.0;1.4;88;2.23;23.6;500.0;355.0;TPX 350;cluster14
48.0;0.4;4.0;60.0;2.0;2.0;9.5;87.0;275.0;285.0;288.0;17.1;120.0;980.0;1124.0;1695.0;2134.0;17.035897435897436;160.0;150.0;15.0;18.0;1.4;91;3.42;27.5;500.0;355.0;TPX 350;cluster15
48.0;0.4;4.0;60.0;2.0;2.0;9.5;87.0;275.0;285.0;288.0;17.1;120.0;990.0;1140.0;1700.0;2134.0;17.035897435897436;160.0;150.0;30.0;18.0;1.4;90;3.48;28.2;500.0;355.0;TPX 350;cluster15
48.0;0.4;4.0;60.0;2.0;2.0;9.4;82.0;275.0;285.0;285.0;23.0;120.0;890.0;1050.0;1650.0;2035.0;17.035897435897436;160.0;150.0;30.0;16.0;1.4;90;3.44;28.9;500.0;355.0;TPX 350;cluster15
48.0;0.4;4.0;60.0;2.0;2.0;9.5;82.0;275.0;285.0;285.0;23.0;120.0;1800.0;1920.0;1970.0;2075.0;17.035897435897436;160.0;150.0;30.0;16.0;1.4;88;1.4;25.0;500.0;355.0;TPX 350;cluster-1
72.0;0.6;4.0;105.0;2.5633187772925763;35.612648221343875;30.0;53.0;215.0;220.0;225.0;145.0;120.0;641.0;670.0;2350.0;2370.0;17.035897435897436;50.0;72.0;85.0;25.0;2.3;240;1.72;250.0;560.5744680851063;375.3404255319149;LLDPE ASPUN (RESINEX);cluster-1
72.0;0.6;4.0;105.0;2.5633187772925763;35.612648221343875;30.0;53.0;215.0;220.0;225.0;145.0;120.0;650.0;670.0;2350.0;2475.0;17.035897435897436;50.0;72.0;85.0;25.0;2.3;230;1.84;234.0;560.5744680851063;375.3404255319149;LLDPE ASPUN (RESINEX);cluster-1
72.0;0.6;4.0;105.0;2.5633187772925763;35.612648221343875;30.0;53.0;215.0;220.0;225.0;145.0;120.0;650.0;670.0;2710.0;2900.0;17.035897435897436;50.0;72.0;85.0;25.0;2.3;195;2.1;156.0;560.5744680851063;375.3404255319149;LLDPE ASPUN (RESINEX);cluster-1
72.0;0.6;4.0;105.0;2.5633187772925763;35.612648221343875;22.0;53.0;215.0;220.0;225.0;190.0;140.0;650.0;699.0;2200.0;2520.0;17.035897435897436;50.0;77.0;5.0;20.0;2.3;170;1.81;196.0;560.5744680851063;375.3404255319149;LLDPE ASPUN (RESINEX);cluster-1
48.0;0.4;4.0;60.0;2.0;178.0;15.0;88.0;275.0;285.0;285.0;50.0;120.0;1648.0;1826.0;2215.0;2680.0;17.035897435897436;158.0;150.0;30.0;20.0;1.4;110;2.26;22.17;500.0;355.0;TPX 350;cluster9
48.0;0.4;4.0;60.0;2.0;178.0;17.4;89.0;275.0;285.0;285.0;65.3;120.0;1648.0;1826.0;2215.0;2680.0;17.035897435897436;158.0;150.0;30.0;20.0;1.4;131;2.14;23.11;500.0;355.0;TPX 350;cluster9
48.0;0.4;2.0;60.0;1.0;178.0;11.0;50.0;210.0;215.0;225.0;0.0;40.0;850.0;900.0;1800.0;2109.0;17.035897435897436;70.0;131.0;30.0;18.0;1.35;160;1.12;32.6;500.0;355.0;PLA + 0.1 Silano;cluster5
48.0;0.4;2.0;60.0;1.0;178.0;13.0;55.0;210.0;215.0;225.0;0.0;40.0;850.0;900.0;1300.0;2573.0;17.035897435897436;70.0;131.0;30.0;18.0;1.35;150;1.92;37.7;500.0;355.0;PLA + 0.1 Silano;cluster-1
72.0;0.3;2.0;90.0;1.0;178.0;13.0;79.0;280.0;285.0;290.0;104.4;70.0;2900.0;1512.4958333333334;2132.270833333333;3000.0;14.0;85.53254437869822;111.51612903225806;30.0;20.0;1.3;130;2.45;111.22;500.0;355.0;rPET;cluster4
72.0;0.3;2.0;90.0;1.0;178.0;13.0;79.0;280.0;288.0;295.0;104.2;105.0;2810.0;1512.4958333333334;2132.270833333333;2920.0;14.0;85.53254437869822;111.51612903225806;30.0;18.0;1.3;133;2.58;124.42;500.0;355.0;rPET;cluster4
72.0;0.3;2.0;90.0;2.0;2.0;28.8;48.0;98.3;80.0;240.0;245.0;240.0;2950.0;1512.4958333333334;2132.270833333333;3080.0;17.035897435897436;85.53254437869822;111.51612903225806;40.0;20.0;1.5;260;2.1;65.67;500.0;355.0;PLA;cluster-1
72.0;0.3;2.0;90.0;2.0;2.0;28.0;51.0;100.0;80.0;245.0;250.0;240.0;3050.0;1512.4958333333334;2132.270833333333;3172.0;17.035897435897436;85.53254437869822;111.51612903225806;40.0;18.0;1.5;240;2.32;71.17;500.0;355.0;PLA;cluster-1
72.0;0.3;2.0;90.0;2.0;2.0;23.0;48.5;83.1;80.0;245.0;250.0;240.0;2700.0;1512.4958333333334;2132.270833333333;2800.0;17.035897435897436;85.53254437869822;111.51612903225806;40.0;18.0;1.5;230;2.0;78.0;500.0;355.0;PLA;cluster1
72.0;0.3;2.0;90.0;2.0;2.0;23.5;47.0;82.2;80.0;245.0;250.0;240.0;2600.0;1512.4958333333334;2132.270833333333;2700.0;17.035897435897436;85.53254437869822;111.51612903225806;40.0;18.0;1.5;235;2.05;84.4;500.0;355.0;PLA;cluster1
72.0;0.3;2.0;90.0;2.0;2.0;24.5;48.0;83.6;80.0;245.0;250.0;240.0;2600.0;1512.4958333333334;2132.270833333333;2700.0;17.035897435897436;85.53254437869822;111.51612903225806;40.0;18.0;1.5;250;1.94;78.4;500.0;355.0;PLA;cluster1
72.0;0.3;2.0;90.0;2.0;2.0;21.0;45.0;76.0;80.0;245.0;250.0;240.0;2600.0;1512.4958333333334;2132.270833333333;2700.0;17.035897435897436;85.53254437869822;111.51612903225806;40.0;18.0;1.5;210;2.11;85.3;500.0;355.0;PLA;cluster1
48.0;0.4;4.0;90.0;4.0;178.0;12.0;20.0;90.0;50.0;175.0;180.0;185.0;1500.0;1512.4958333333334;2132.270833333333;2000.0;17.035897435897436;85.53254437869822;111.51612903225806;30.0;20.0;1.4;165;1.28;55.6;500.0;355.0;PHB DAN 04493;cluster5
48.0;0.4;4.0;90.0;4.0;178.0;15.0;22.0;188.0;50.0;175.0;180.0;185.0;2100.0;1512.4958333333334;2132.270833333333;2000.0;17.035897435897436;85.53254437869822;111.51612903225806;40.0;20.0;1.55;200;0.93;58.4;500.0;355.0;PHB DAN 04493;cluster-1
48.0;0.4;4.0;90.0;4.0;178.0;14.0;21.0;162.0;50.0;175.0;180.0;185.0;2100.0;1512.4958333333334;2132.270833333333;2000.0;17.035897435897436;85.53254437869822;111.51612903225806;35.0;20.0;1.55;180;0.8;43.3;500.0;355.0;PHB DAN 04493;cluster-1
48.0;0.4;4.0;90.0;4.0;178.0;13.5;20.0;156.0;50.0;175.0;180.0;185.0;2130.0;1512.4958333333334;2132.270833333333;2222.0;17.035897435897436;85.53254437869822;111.51612903225806;20.0;16.0;1.4;165;1.0;47.5;500.0;355.0;PHB DAN 04493;cluster5
48.0;0.4;4.0;90.0;4.0;178.0;13.5;20.0;156.0;50.0;175.0;180.0;185.0;2130.0;1512.4958333333334;2132.270833333333;2222.0;17.035897435897436;85.53254437869822;111.51612903225806;10.0;16.0;1.4;165;1.01;43.0;500.0;355.0;PHB DAN 04493;cluster5
48.0;0.4;4.0;90.0;4.0;178.0;13.5;20.0;156.0;50.0;175.0;180.0;185.0;2130.0;1512.4958333333334;2132.270833333333;2222.0;17.035897435897436;85.53254437869822;111.51612903225806;13.0;16.0;1.4;165;0.73;36.0;500.0;355.0;PHB DAN 04493;cluster-1
48.0;0.4;4.0;90.0;4.0;178.0;12.0;23.0;102.0;50.0;180.0;185.0;190.0;1500.0;1512.4958333333334;2132.270833333333;2000.0;17.035897435897436;85.53254437869822;111.51612903225806;20.0;20.0;1.4;178;1.4;51.0;500.0;355.0;PHB DAN 04493;cluster5
48.0;0.4;4.0;90.0;4.0;178.0;12.0;23.0;66.0;50.0;180.0;185.0;190.0;1400.0;1512.4958333333334;2132.270833333333;2000.0;17.035897435897436;85.53254437869822;111.51612903225806;20.0;20.0;1.4;170;1.38;46.0;500.0;355.0;PHB DAN 04493;cluster5
48.0;0.4;4.0;90.0;4.0;178.0;11.5;23.0;40.0;50.0;180.0;185.0;190.0;1400.0;1512.4958333333334;2132.270833333333;2000.0;17.035897435897436;85.53254437869822;111.51612903225806;20.0;20.0;1.4;160;1.49;46.0;500.0;355.0;PHB DAN 04493;cluster5
48.0;0.4;4.0;90.0;4.0;178.0;11.7;24.0;44.0;50.0;185.0;190.0;195.0;1350.0;1425.0;1850.0;2075.0;17.035897435897436;40.0;70.0;20.0;20.0;1.4;168;1.36;38.0;500.0;355.0;PHB DAN 04493;cluster5
48.0;0.4;4.0;90.0;4.0;178.0;11.7;24.0;56.0;50.0;185.0;190.0;195.0;1700.0;1850.0;2150.0;2540.0;17.035897435897436;50.0;75.0;20.0;20.0;1.4;141;1.4;30.0;500.0;355.0;PHB DAN 04493;cluster5
48.0;0.4;4.0;90.0;4.0;178.0;11.2;25.0;19.5;50.0;188.0;198.0;198.0;1400.0;1512.4958333333334;2132.270833333333;2000.0;17.035897435897436;85.53254437869822;111.51612903225806;20.0;20.0;1.4;168;1.16;48.0;500.0;355.0;PHB DAN 04493;cluster5
48.0;0.4;4.0;90.0;4.0;178.0;11.5;26.0;19.5;50.0;188.0;198.0;198.0;1350.0;1512.4958333333334;2132.270833333333;2000.0;17.035897435897436;85.53254437869822;111.51612903225806;20.0;20.0;1.4;166;1.2;40.0;500.0;355.0;PHB DAN 04493;cluster5
48.0;0.4;4.0;90.0;4.0;178.0;11.5;26.0;36.0;50.0;185.0;190.0;195.0;1400.0;1512.4958333333334;2132.270833333333;2060.0;17.035897435897436;85.53254437869822;111.51612903225806;20.0;20.0;1.4;170;1.27;43.0;500.0;355.0;PHB DAN 04493;cluster5
48.0;0.4;4.0;90.0;4.0;178.0;11.5;23.0;32.0;50.0;185.0;190.0;195.0;1400.0;1512.4958333333334;2132.270833333333;2000.0;17.035897435897436;85.53254437869822;111.51612903225806;20.0;20.0;1.4;165;1.3;40.0;500.0;355.0;PHB DAN 04493;cluster5
48.0;0.4;4.0;90.0;4.0;178.0;11.5;23.0;54.0;50.0;180.0;185.0;195.0;1400.0;1512.4958333333334;2132.270833333333;2000.0;17.035897435897436;85.53254437869822;111.51612903225806;20.0;20.0;1.4;167;1.24;41.0;500.0;355.0;PHB DAN 04493;cluster5
48.0;0.4;4.0;90.0;4.0;178.0;11.5;23.0;35.8;50.0;180.0;185.0;195.0;1400.0;1512.4958333333334;2132.270833333333;2000.0;17.035897435897436;85.53254437869822;111.51612903225806;30.0;25.0;1.4;174;1.3;42.0;500.0;355.0;PHB DAN 04493;cluster5
72.0;0.25;2.0;60.0;3.0;2.0;18.0;85.0;42.2;70.0;275.0;275.0;280.0;2401.0;1512.4958333333334;2132.270833333333;2490.0;15.0;85.53254437869822;111.51612903225806;30.0;18.0;1.5;220;1.46;205.0;500.0;355.0;rPET 30/70;cluster-1
72.0;0.25;2.0;60.0;3.0;2.0;18.0;85.0;42.2;70.0;275.0;275.0;275.0;2401.0;1512.4958333333334;2132.270833333333;2490.0;15.0;85.53254437869822;111.51612903225806;30.0;18.0;1.5;225;1.47;201.0;500.0;355.0;rPET 30/70;cluster10
72.0;0.25;2.0;60.0;3.0;2.0;19.4;85.0;52.0;70.0;275.0;275.0;275.0;2600.0;1512.4958333333334;2132.270833333333;2695.0;15.0;85.53254437869822;111.51612903225806;30.0;18.0;1.5;219;1.47;183.92;500.0;355.0;rPET 30/70;cluster10
72.0;0.25;2.0;60.0;3.0;2.0;20.0;85.0;55.5;70.0;275.0;275.0;275.0;2800.0;1512.4958333333334;2132.270833333333;2895.0;15.0;85.53254437869822;111.51612903225806;50.0;20.0;1.5;205;1.66;167.0;500.0;355.0;rPET 30/70;cluster10
72.0;0.25;2.0;60.0;3.0;2.0;19.2;80.0;57.3;70.0;275.0;275.0;275.0;2600.0;1512.4958333333334;2132.270833333333;2695.0;15.0;85.53254437869822;111.51612903225806;30.0;20.0;1.5;215;1.58;177.36;500.0;355.0;rPET 30/70;cluster10
72.0;0.25;2.0;60.0;3.0;2.0;19.2;80.0;57.3;70.0;275.0;275.0;275.0;2600.0;1512.4958333333334;2132.270833333333;2695.0;15.0;85.53254437869822;111.51612903225806;40.0;20.0;1.5;210;1.61;186.5;500.0;355.0;rPET 30/70;cluster10
72.0;0.25;2.0;60.0;3.0;2.0;19.2;80.0;57.3;70.0;275.0;275.0;275.0;2600.0;1512.4958333333334;2132.270833333333;2695.0;15.0;85.53254437869822;111.51612903225806;20.0;20.0;1.5;210;1.68;188.63;500.0;355.0;rPET 30/70;cluster10
72.0;0.3;2.0;60.0;3.0;2.0;14.8;48.0;88.6;70.0;285.0;290.0;290.0;768.0;821.0;1374.0;2555.0;17.035897435897436;89.0;115.0;40.0;18.0;1.3;175;3.45;37.61;500.0;355.0;rPET;cluster-1
72.0;0.3;2.0;60.0;3.0;2.0;12.6;54.0;75.4;50.0;300.0;295.0;295.0;768.0;821.0;1374.0;2555.0;17.035897435897436;88.0;140.0;40.0;18.0;1.3;150;3.5;38.0;500.0;355.0;rPET;cluster8
72.0;0.3;2.0;60.0;3.0;2.0;12.6;56.0;49.2;50.0;295.0;290.0;290.0;792.0;818.0;1375.0;2530.0;17.035897435897436;88.0;140.0;40.0;18.0;1.3;150;3.4;24.0;500.0;355.0;rPET;cluster8
72.0;0.3;2.0;60.0;3.0;2.0;12.6;53.0;70.8;50.0;300.0;295.0;290.0;792.0;818.0;1404.0;2520.0;17.035897435897436;88.0;140.0;40.0;18.0;1.3;150;3.27;27.53;500.0;355.0;rPET;cluster8
48.0;0.4;2.0;60.0;1.0;178.0;13.0;80.0;0.0;45.0;225.0;230.0;230.0;851.0;975.0;1451.0;2520.0;14.0;80.0;95.0;35.0;18.0;1.2;152;1.27;35.78;500.0;355.0;PLA + 0.1 Silano;cluster5
48.0;0.4;2.0;60.0;1.0;178.0;13.0;73.0;0.0;40.0;225.0;230.0;230.0;900.0;1026.0;1799.0;2730.0;15.0;78.0;96.0;15.0;18.0;1.2;147;1.62;35.87;500.0;355.0;PLA + 0.1 Silano;cluster5
72.0;0.3;2.0;90.0;1.0;2.0;13.0;60.0;70.0;105.0;292.0;295.0;295.0;2773.0;1512.4958333333334;2132.270833333333;2582.6390977443607;17.035897435897436;85.53254437869822;111.51612903225806;25.0;18.0;1.5;135;2.43;128.0;500.0;355.0;rPET;cluster4
72.0;0.3;2.0;90.0;1.0;2.0;11.9;60.0;76.0;105.0;292.0;295.0;295.0;2773.0;1512.4958333333334;2132.270833333333;2885.0;15.0;85.53254437869822;111.51612903225806;35.0;15.0;1.3;128;2.47;136.75;500.0;355.0;rPET;cluster4
72.0;0.2;2.0;90.0;1.0;2.0;11.9;59.0;100.6;105.0;292.0;295.0;295.0;2773.0;1512.4958333333334;2132.270833333333;2885.0;15.0;85.53254437869822;111.51612903225806;35.0;15.0;1.3;128;2.42;136.32;500.0;355.0;rPET;cluster4
72.0;0.3;2.0;90.0;4.0;2.0;11.9;59.0;87.5;125.0;292.0;295.0;295.0;2773.0;1512.4958333333334;2132.270833333333;2885.0;15.0;85.53254437869822;111.51612903225806;30.0;15.0;1.3;129;2.4;137.0;500.0;355.0;rPET;cluster4
72.0;0.25;2.0;60.0;2.5633187772925763;2.0;14.0;28.0;168.7;70.0;240.0;240.0;240.0;2201.0;1512.4958333333334;2132.270833333333;2300.0;21.0;85.53254437869822;111.51612903225806;35.0;15.0;1.05;190;1.32;172.0;560.5744680851063;375.3404255319149;COPET;cluster-1
72.0;0.25;2.0;60.0;2.5633187772925763;2.0;14.0;30.0;162.0;70.0;240.0;240.0;240.0;2400.0;1512.4958333333334;2132.270833333333;2500.0;21.0;85.53254437869822;111.51612903225806;35.0;15.0;1.05;170;1.43;166.42;560.5744680851063;375.3404255319149;COPET;cluster-1
72.0;0.25;2.0;60.0;2.5633187772925763;2.0;14.0;28.0;172.0;70.0;240.0;240.0;240.0;2900.0;1512.4958333333334;2132.270833333333;3010.0;10.0;85.53254437869822;111.51612903225806;35.0;18.0;1.05;145;1.85;133.58;560.5744680851063;375.3404255319149;COPET;cluster4
72.0;0.25;2.0;60.0;2.5633187772925763;2.0;24.0;42.0;373.0;70.0;240.0;240.0;240.0;2900.0;1512.4958333333334;2132.270833333333;3010.0;18.0;85.53254437869822;111.51612903225806;35.0;18.0;1.4;230;1.91;146.08;560.5744680851063;375.3404255319149;COPET;cluster-1
72.0;0.25;2.0;60.0;7.0;2.0;33.0;72.0;267.0;70.0;240.0;240.0;240.0;2900.0;1512.4958333333334;2132.270833333333;3010.0;18.0;85.53254437869822;111.51612903225806;35.0;18.0;1.6;328;1.69;158.0;500.0;355.0;COPET;cluster-1
72.0;0.3;2.0;90.0;7.0;2.0;43.0;84.0;389.0;70.0;240.0;240.0;240.0;2900.0;1512.4958333333334;2132.270833333333;3010.0;18.0;85.53254437869822;111.51612903225806;35.0;18.0;1.6;429;1.65;160.0;500.0;355.0;COPET;cluster-1
48.0;0.4;4.0;90.0;2.5633187772925763;35.612648221343875;22.0;50.0;112.6;106.0;265.0;265.0;265.0;1650.0;1750.0;1950.0;2040.0;22.0;60.0;100.0;50.0;24.0;1.7;257;0.97;26.98;560.5744680851063;375.3404255319149;PS 454N;cluster-1
48.0;0.4;4.0;90.0;2.5633187772925763;35.612648221343875;22.0;50.0;109.0;103.0;265.0;265.0;265.0;1986.0;1750.0;1950.0;2045.0;22.0;60.0;100.0;40.0;20.0;2.0;257;0.76;34.3;560.5744680851063;375.3404255319149;PS 454N;cluster-1
72.0;0.35;4.0;178.0;2.5633187772925763;35.612648221343875;21.0;44.0;135.3;115.7;265.0;270.0;270.0;900.0;1100.0;2700.0;2940.0;17.035897435897436;70.0;100.0;45.0;18.0;1.3;207;2.68;42.58;560.5744680851063;375.3404255319149;ADVANITE 53001;cluster6
72.0;0.35;4.0;178.0;2.5633187772925763;35.612648221343875;20.0;40.0;148.0;90.0;265.0;270.0;270.0;900.0;1100.0;2700.0;2955.0;17.035897435897436;76.0;100.0;30.0;18.0;1.3;190;2.84;35.42;560.5744680851063;375.3404255319149;ADVANITE 53001;cluster6
72.0;0.35;4.0;178.0;2.5633187772925763;35.612648221343875;20.5;40.0;136.0;90.0;240.0;275.0;275.0;1050.0;1100.0;2780.0;2955.0;17.035897435897436;76.0;100.0;45.0;18.0;1.3;200;1.7;26.0;560.5744680851063;375.3404255319149;ADVANITE 53001;cluster-1
72.0;0.35;4.0;178.0;2.5633187772925763;35.612648221343875;20.0;40.0;134.8;89.1;240.0;275.0;275.0;1050.0;1100.0;2780.0;2955.0;17.0;76.0;100.0;45.0;18.0;1.3;192;2.77;46.11;560.5744680851063;375.3404255319149;ADVANITE 53001;cluster6
72.0;0.35;4.0;178.0;2.5633187772925763;35.612648221343875;20.0;40.0;134.8;89.1;240.0;275.0;275.0;900.0;950.0;2780.0;2953.0;18.0;76.0;100.0;45.0;18.0;1.3;192;3.11;37.02;560.5744680851063;375.3404255319149;ADVANITE 53001;cluster6
72.0;0.3;2.0;90.0;1.0;2.0;11.9;50.0;102.0;121.0;292.0;295.0;295.0;2773.0;1512.4958333333334;2132.270833333333;2885.0;17.035897435897436;85.53254437869822;111.51612903225806;25.0;18.0;1.3;131;2.43;129.0;500.0;355.0;rPET;cluster4
72.0;0.3;2.0;90.0;1.0;2.0;11.9;38.0;76.0;60.0;287.0;290.0;290.0;2250.0;1512.4958333333334;2132.270833333333;2325.0;17.035897435897436;85.53254437869822;111.51612903225806;45.0;12.0;1.4;150;2.37;148.0;500.0;355.0;rPET;cluster4
72.0;0.3;2.0;90.0;1.0;2.0;11.0;35.0;70.0;60.0;287.0;290.0;290.0;2250.0;1512.4958333333334;2132.270833333333;2325.0;17.035897435897436;85.53254437869822;111.51612903225806;45.0;12.0;1.4;140;2.33;145.0;500.0;355.0;rPET;cluster4
72.0;0.3;2.0;90.0;1.0;2.0;10.0;35.0;62.0;60.0;287.0;290.0;290.0;2250.0;1512.4958333333334;2132.270833333333;2325.0;17.035897435897436;85.53254437869822;111.51612903225806;45.0;12.0;1.4;130;2.27;140.0;500.0;355.0;rPET;cluster4
72.0;0.3;2.0;90.0;1.0;2.0;10.0;35.0;62.0;60.0;287.0;290.0;290.0;2300.0;1512.4958333333334;2132.270833333333;2375.0;17.035897435897436;85.53254437869822;111.51612903225806;45.0;12.0;1.4;120;2.2;137.0;500.0;355.0;rPET;cluster4
72.0;0.3;2.0;90.0;1.0;2.0;10.0;35.0;70.0;60.0;287.0;290.0;290.0;2250.0;1512.4958333333334;2132.270833333333;2325.0;17.035897435897436;85.53254437869822;111.51612903225806;45.0;12.0;1.4;129;2.47;144.0;500.0;355.0;rPET;cluster4
48.0;0.4;4.0;60.0;2.0;178.0;17.4;88.5;116.4;120.0;290.0;290.0;285.0;1750.0;1800.0;2100.0;2625.0;14.0;162.0;165.0;50.0;18.0;1.45;182;2.32;29.33;500.0;355.0;TPX;cluster-1
48.0;0.4;4.0;60.0;2.0;178.0;9.0;52.9;70.6;87.8;290.0;290.0;285.0;1750.0;1800.0;2100.0;2625.0;14.0;162.0;165.0;50.0;18.0;1.45;131;2.25;28.0;500.0;355.0;TPX;cluster9
48.0;0.4;4.0;60.0;2.0;178.0;11.5;75.0;90.0;100.0;290.0;290.0;285.0;1750.0;1800.0;2100.0;2620.0;14.0;150.0;150.0;50.0;18.0;1.45;135;2.23;27.3;500.0;355.0;TPX;cluster9
48.0;0.4;4.0;60.0;2.0;2.0;9.0;58.0;101.0;108.0;290.0;290.0;286.0;1325.0;1421.0;1659.0;2070.0;17.035897435897436;155.0;155.0;50.0;19.0;1.3;134;2.22;27.3;500.0;355.0;TPX + Negro;cluster9
48.0;0.4;4.0;90.0;2.5633187772925763;35.612648221343875;14.0;23.0;107.2;70.0;200.0;205.0;210.0;2400.0;1512.4958333333334;2132.270833333333;2540.0;17.035897435897436;85.53254437869822;111.51612903225806;35.0;25.0;1.8;165;0.78;123.82;560.5744680851063;375.3404255319149;TPE Producción;cluster12
48.0;0.4;4.0;90.0;2.5633187772925763;35.612648221343875;14.0;28.0;93.0;70.0;200.0;205.0;210.0;2400.0;1512.4958333333334;2132.270833333333;2560.0;17.035897435897436;85.53254437869822;111.51612903225806;35.0;30.0;1.8;165;0.8;130.0;560.5744680851063;375.3404255319149;TPE Producción;cluster12
48.0;0.4;4.0;90.0;2.5633187772925763;35.612648221343875;14.0;33.0;70.0;70.0;200.0;205.0;210.0;2400.0;1512.4958333333334;2132.270833333333;2560.0;17.035897435897436;85.53254437869822;111.51612903225806;35.0;30.0;1.8;165;0.78;140.0;560.5744680851063;375.3404255319149;TPE Producción;cluster12
48.0;0.4;4.0;90.0;2.5633187772925763;35.612648221343875;14.0;30.0;88.0;70.0;205.0;210.0;215.0;2400.0;1512.4958333333334;2132.270833333333;2560.0;17.035897435897436;85.53254437869822;111.51612903225806;35.0;30.0;1.8;165;0.73;115.0;560.5744680851063;375.3404255319149;TPE Producción;cluster12
48.0;0.4;4.0;90.0;2.5633187772925763;35.612648221343875;14.0;29.0;110.0;70.0;202.0;207.0;212.0;2400.0;1512.4958333333334;2132.270833333333;2560.0;17.035897435897436;85.53254437869822;111.51612903225806;35.0;30.0;1.8;165;0.75;110.0;560.5744680851063;375.3404255319149;TPE Producción;cluster12
48.0;0.4;4.0;90.0;2.5633187772925763;35.612648221343875;14.0;28.0;100.0;70.0;205.0;210.0;215.0;2400.0;1512.4958333333334;2132.270833333333;2560.0;17.035897435897436;85.53254437869822;111.51612903225806;35.0;30.0;1.8;165;0.75;115.0;560.5744680851063;375.3404255319149;TPE Producción;cluster12
48.0;0.4;4.0;90.0;2.5633187772925763;35.612648221343875;14.0;30.0;86.0;70.0;205.0;210.0;215.0;2400.0;1512.4958333333334;2132.270833333333;2560.0;17.035897435897436;85.53254437869822;111.51612903225806;35.0;30.0;1.8;165;0.77;120.0;560.5744680851063;375.3404255319149;TPE Producción;cluster12
72.0;0.6;4.0;60.0;2.5633187772925763;35.612648221343875;26.0;41.0;136.0;135.0;260.0;270.0;280.0;1285.0;1421.0;1969.0;1100.0;17.035897435897436;100.0;111.51612903225806;60.0;23.0;1.25;330;1.03;10.0;560.5744680851063;375.3404255319149;ABS H380;cluster-1
48.0;0.4;4.0;90.0;4.0;2.0;11.5;29.0;43.0;50.0;180.0;185.0;190.0;1400.0;1512.4958333333334;2132.270833333333;2000.0;17.035897435897436;85.53254437869822;111.51612903225806;30.0;25.0;1.4;170;1.16;60.0;850.0;500.0;PHB DAN 04493;cluster5
48.0;0.4;4.0;90.0;4.0;2.0;11.5;29.0;43.0;50.0;180.0;185.0;190.0;2100.0;1512.4958333333334;2132.270833333333;2700.0;17.035897435897436;85.53254437869822;111.51612903225806;30.0;25.0;1.4;130;1.05;43.0;850.0;500.0;PHB DAN 04493;cluster5
48.0;0.4;4.0;90.0;4.0;2.0;13.5;29.0;61.0;50.0;180.0;185.0;190.0;2200.0;1512.4958333333334;2132.270833333333;2800.0;17.035897435897436;85.53254437869822;111.51612903225806;30.0;25.0;1.4;150;1.08;40.0;850.0;500.0;PHB DAN 04493;cluster5
72.0;0.3;2.0;90.0;4.0;2.0;21.0;41.0;190.0;80.0;245.0;250.0;240.0;2600.0;1512.4958333333334;2132.270833333333;2700.0;17.035897435897436;85.53254437869822;111.51612903225806;40.0;18.0;1.5;220;1.95;84.0;850.0;500.0;PLA;cluster1
72.0;0.3;2.0;90.0;1.0;2.0;12.0;54.0;66.0;60.0;295.0;298.0;298.0;2250.0;1512.4958333333334;2132.270833333333;2350.0;17.035897435897436;85.53254437869822;111.51612903225806;45.0;12.0;1.4;150;4.17;60.0;500.0;355.0;rPET BATCH 1;cluster-1
72.0;0.3;2.0;90.0;1.0;2.0;11.9;80.0;67.0;120.0;295.0;298.0;298.0;2778.0;1512.4958333333334;2132.270833333333;2885.0;17.035897435897436;85.53254437869822;111.51612903225806;35.0;12.0;1.4;110;2.18;165.0;500.0;355.0;rPET BATCH 1;cluster4
72.0;0.3;2.0;90.0;1.0;2.0;11.9;52.0;65.0;75.0;295.0;298.0;298.0;2778.0;1512.4958333333334;2132.270833333333;2885.0;17.035897435897436;85.53254437869822;111.51612903225806;35.0;18.0;1.5;130;2.25;155.0;500.0;355.0;rPET BATCH 1;cluster4
72.0;0.3;2.0;90.0;1.0;2.0;11.7;59.0;61.0;80.0;295.0;298.0;298.0;2778.0;1512.4958333333334;2132.270833333333;2885.0;17.035897435897436;85.53254437869822;111.51612903225806;35.0;18.0;1.5;130;2.0;150.0;500.0;355.0;rPET BATCH 1;cluster4
72.0;0.3;2.0;90.0;1.0;2.0;10.7;63.0;54.0;80.0;295.0;298.0;298.0;2778.0;1512.4958333333334;2132.270833333333;2885.0;17.035897435897436;85.53254437869822;111.51612903225806;35.0;18.0;1.5;120;2.2;152.0;500.0;355.0;rPET BATCH 1;cluster4
72.0;0.3;2.0;90.0;1.0;2.0;10.5;68.0;46.0;80.0;295.0;298.0;298.0;2778.0;1512.4958333333334;2132.270833333333;2885.0;17.035897435897436;85.53254437869822;111.51612903225806;35.0;18.0;1.5;118;2.2;153.0;500.0;355.0;rPET BATCH 1;cluster4
72.0;0.3;2.0;90.0;1.0;2.0;11.9;55.0;77.0;85.0;300.0;303.0;303.0;2758.0;1512.4958333333334;2132.270833333333;2885.0;17.035897435897436;85.53254437869822;111.51612903225806;35.0;18.0;1.4;130;2.45;145.0;500.0;355.0;rPET BATCH 1;cluster4
72.0;0.3;2.0;90.0;1.0;2.0;10.0;69.0;72.0;120.0;295.0;300.0;300.0;2758.0;1512.4958333333334;2132.270833333333;2885.0;17.035897435897436;85.53254437869822;111.51612903225806;35.0;15.0;1.5;115;2.47;132.0;500.0;355.0;rPET BATCH 2;cluster4
72.0;0.3;2.0;90.0;1.0;2.0;10.0;60.0;72.0;60.0;295.0;300.0;300.0;2758.0;1512.4958333333334;2132.270833333333;2885.0;17.035897435897436;85.53254437869822;111.51612903225806;50.0;18.0;1.5;105;2.4;130.0;500.0;355.0;rPET BATCH 2;cluster4
72.0;0.3;2.0;90.0;1.0;2.0;10.5;40.0;80.0;60.0;295.0;300.0;300.0;2758.0;1512.4958333333334;2132.270833333333;2885.0;17.035897435897436;85.53254437869822;111.51612903225806;50.0;18.0;1.5;110;2.5;130.0;500.0;355.0;rPET BATCH 2;cluster4
72.0;0.3;2.0;90.0;4.0;2.0;10.5;42.0;80.0;50.0;292.0;295.0;295.0;2250.0;1512.4958333333334;2132.270833333333;2340.0;17.035897435897436;85.53254437869822;111.51612903225806;50.0;18.0;1.5;145;1.95;180.0;500.0;355.0;rPET BATCH 3;cluster-1
72.0;0.3;2.0;90.0;4.0;2.0;10.0;47.0;87.0;75.0;292.0;295.0;295.0;2470.0;1512.4958333333334;2132.270833333333;2540.0;17.035897435897436;85.53254437869822;111.51612903225806;35.0;18.0;1.5;120;2.2;145.0;500.0;355.0;rPET BATCH 3;cluster4
72.0;0.3;2.0;90.0;4.0;2.0;10.0;47.0;84.0;75.0;292.0;295.0;295.0;2490.0;1512.4958333333334;2132.270833333333;2570.0;17.035897435897436;85.53254437869822;111.51612903225806;50.0;18.0;1.5;123;2.32;153.0;500.0;355.0;rPET BATCH 3;cluster4
72.0;0.3;2.0;60.0;3.0;2.0;20.0;80.0;90.0;58.7;270.0;270.0;270.0;2401.0;1512.4958333333334;2132.270833333333;2500.0;16.0;85.53254437869822;111.51612903225806;30.0;20.0;1.3;238;1.21;327.44;500.0;355.0;rPET 30/70;cluster-1
72.0;0.3;2.0;60.0;3.0;2.0;20.0;85.0;110.6;68.5;270.0;270.0;270.0;1702.0;1751.0;2501.0;2920.0;16.0;95.0;115.0;35.0;20.0;1.3;192;1.36;208.42;500.0;355.0;rPET 30/70;cluster-1
72.0;0.3;2.0;60.0;3.0;2.0;20.0;85.0;112.5;65.2;270.0;270.0;270.0;1198.0;1249.0;2299.0;2920.0;16.0;95.0;115.0;35.0;20.0;1.3;200;1.55;110.0;500.0;355.0;rPET 30/70;cluster-1
36.0;0.3;2.0;90.0;2.5633187772925763;35.612648221343875;16.0;29.0;181.0;60.0;255.0;255.0;260.0;2630.0;1512.4958333333334;2132.270833333333;2800.0;14.0;85.53254437869822;111.51612903225806;75.0;20.0;2.0;150;1.68;175.0;560.5744680851063;375.3404255319149;PBS;cluster-1
36.0;0.3;2.0;90.0;2.5633187772925763;35.612648221343875;16.5;32.0;149.0;60.0;255.0;255.0;260.0;2650.0;1512.4958333333334;2132.270833333333;2800.0;14.0;85.53254437869822;111.51612903225806;65.0;20.0;1.6;154;1.68;181.2;560.5744680851063;375.3404255319149;PBS;cluster-1
36.0;0.3;2.0;90.0;2.5633187772925763;35.612648221343875;16.5;31.0;145.0;60.0;255.0;255.0;260.0;2768.0;1512.4958333333334;2132.270833333333;2915.0;13.0;85.53254437869822;111.51612903225806;65.0;20.0;1.5;143;1.79;191.92;560.5744680851063;375.3404255319149;PBS;cluster-1
36.0;0.3;2.0;90.0;2.5633187772925763;35.612648221343875;16.5;32.0;142.0;60.0;255.0;255.0;260.0;2720.0;1512.4958333333334;2132.270833333333;2870.0;12.0;85.53254437869822;111.51612903225806;50.0;20.0;1.4;110;1.62;175.0;560.5744680851063;375.3404255319149;PBS;cluster-1
36.0;0.3;2.0;90.0;2.5633187772925763;35.612648221343875;16.5;45.0;146.0;120.0;255.0;255.0;260.0;2720.0;1512.4958333333334;2132.270833333333;2870.0;12.0;85.53254437869822;111.51612903225806;50.0;20.0;1.4;180;1.48;190.0;560.5744680851063;375.3404255319149;PBS;cluster-1
36.0;0.3;2.0;90.0;2.5633187772925763;35.612648221343875;16.5;31.0;145.0;60.0;255.0;255.0;260.0;2768.0;1512.4958333333334;2132.270833333333;2915.0;12.0;85.53254437869822;111.51612903225806;65.0;20.0;1.4;150;1.65;185.0;560.5744680851063;375.3404255319149;PBS;cluster-1
72.0;0.3;2.0;60.0;3.0;2.0;13.0;77.0;215.0;30.0;222.0;225.0;228.0;900.0;1200.0;1700.0;2665.0;17.035897435897436;75.0;85.0;15.0;18.0;1.3;150;1.6;37.0;500.0;355.0;PLA + 0.1 Silano;cluster5
72.0;0.3;2.0;60.0;3.0;2.0;13.0;100.0;0.0;0.0;214.0;216.0;220.0;900.0;1250.0;1700.0;2665.0;17.035897435897436;75.0;75.0;30.0;18.0;1.3;180;1.05;35.0;500.0;355.0;PLA + 0.1 Silano;cluster5
72.0;0.3;2.0;60.0;3.0;2.0;10.0;100.0;0.0;0.0;214.0;216.0;220.0;900.0;1200.0;1650.0;2620.0;17.035897435897436;75.0;75.0;40.0;18.0;1.3;150;1.0;23.0;500.0;355.0;PLA + 0.1 Silano;cluster5
36.0;0.3;2.0;90.0;2.5633187772925763;35.612648221343875;16.0;32.5;49.0;60.0;245.0;245.0;250.0;2400.0;1512.4958333333334;2132.270833333333;2515.0;14.0;85.53254437869822;111.51612903225806;65.0;20.0;1.3;127;1.83;146.0;560.5744680851063;375.3404255319149;PBS;cluster4
72.0;0.35;4.0;60.0;2.0;2.0;20.0;39.0;80.0;60.0;265.0;270.0;270.0;900.0;1100.0;2700.0;2953.0;17.035897435897436;70.0;100.0;45.0;18.0;1.4;196;3.2;36.22;500.0;355.0;ADVANITE 53001;cluster6
72.0;0.35;2.0;60.0;2.0;2.0;11.9;30.0;185.8;60.0;295.0;300.0;305.0;2700.0;1512.4958333333334;2132.270833333333;2800.0;20.0;85.53254437869822;111.51612903225806;10.0;18.0;1.25;120;2.73;123.67;500.0;355.0;Reclado químico VELOR;cluster4
72.0;0.35;2.0;60.0;2.0;2.0;12.5;30.0;185.8;60.0;295.0;300.0;305.0;2700.0;1512.4958333333334;2132.270833333333;2800.0;20.0;85.53254437869822;111.51612903225806;10.0;18.0;1.25;135;2.67;128.67;500.0;355.0;Reclado químico VELOR;cluster4
72.0;0.35;2.0;60.0;2.0;2.0;12.4;30.0;185.8;60.0;295.0;300.0;305.0;2700.0;1512.4958333333334;2132.270833333333;2800.0;20.0;85.53254437869822;111.51612903225806;10.0;18.0;1.25;134;2.86;133.0;500.0;355.0;Reclado químico VELOR;cluster4
72.0;0.35;2.0;60.0;2.0;2.0;11.9;61.0;128.7;60.0;310.0;315.0;320.0;2700.0;1512.4958333333334;2132.270833333333;2800.0;20.0;85.53254437869822;111.51612903225806;10.0;18.0;1.25;136;2.33;141.0;500.0;355.0;Reclado químico VELOR;cluster4
72.0;0.35;2.0;60.0;2.0;2.0;11.7;65.0;127.0;60.0;310.0;315.0;320.0;2700.0;1512.4958333333334;2132.270833333333;2800.0;20.0;85.53254437869822;111.51612903225806;10.0;18.0;1.25;137;2.43;153.0;500.0;355.0;Reclado químico VELOR;cluster4
72.0;0.35;2.0;60.0;2.0;2.0;11.5;65.0;127.0;60.0;310.0;315.0;320.0;2700.0;1512.4958333333334;2132.270833333333;2800.0;20.0;85.53254437869822;111.51612903225806;10.0;18.0;1.25;135;2.37;155.67;500.0;355.0;Reclado químico VELOR;cluster4
72.0;0.6;4.0;105.0;2.5633187772925763;35.612648221343875;22.0;46.4;22.7;90.0;245.0;245.0;250.0;900.0;1000.0;2300.0;2830.0;17.035897435897436;50.0;77.0;30.0;20.0;2.1;182;1.86;176.67;560.5744680851063;375.3404255319149;PE ASPUN;cluster-1
72.0;0.6;4.0;105.0;2.5633187772925763;35.612648221343875;21.5;46.4;21.2;90.0;245.0;245.0;250.0;900.0;1050.0;2350.0;2910.0;17.035897435897436;50.0;77.0;25.0;20.0;2.1;135;2.07;162.0;560.5744680851063;375.3404255319149;PE ASPUN;cluster4
72.0;0.6;4.0;105.0;2.5633187772925763;35.612648221343875;21.5;46.4;21.2;90.0;245.0;245.0;250.0;600.0;1050.0;2500.0;2920.0;17.035897435897436;50.0;77.0;35.0;20.0;2.1;141;2.18;153.33;560.5744680851063;375.3404255319149;PE ASPUN;cluster4
72.0;0.6;4.0;105.0;2.5633187772925763;35.612648221343875;20.5;46.4;21.2;90.0;245.0;245.0;250.0;600.0;1050.0;2500.0;2920.0;17.035897435897436;50.0;77.0;35.0;20.0;2.1;145;2.17;151.78;560.5744680851063;375.3404255319149;PE ASPUN;cluster4
72.0;0.6;4.0;105.0;2.5633187772925763;35.612648221343875;25.0;48.18;27.6;90.0;245.0;245.0;250.0;800.0;900.0;2700.0;3005.0;17.035897435897436;50.0;77.0;45.0;20.0;2.1;157;2.1;143.0;560.5744680851063;375.3404255319149;PE ASPUN;cluster4
72.0;0.6;4.0;105.0;2.5633187772925763;35.612648221343875;25.0;45.0;27.0;75.0;245.0;245.0;250.0;600.0;1000.0;2550.0;2855.0;14.0;70.0;50.0;35.0;24.0;1.8;170;1.65;161.7;560.5744680851063;375.3404255319149;PE ASPUN;cluster-1
72.0;0.6;4.0;105.0;2.5633187772925763;35.612648221343875;25.0;45.0;32.3;75.0;245.0;245.0;250.0;800.0;900.0;2700.0;3005.0;13.0;35.0;55.0;35.0;22.0;2.1;155;2.15;162.3;560.5744680851063;375.3404255319149;PE ASPUN;cluster4
72.0;0.6;4.0;105.0;2.5633187772925763;35.612648221343875;25.0;45.0;32.3;75.0;245.0;245.0;250.0;1350.0;1400.0;2900.0;3005.0;13.0;50.0;70.0;35.0;22.0;2.1;165;1.91;190.0;560.5744680851063;375.3404255319149;PE ASPUN;cluster-1
72.0;0.6;4.0;105.0;2.5633187772925763;35.612648221343875;22.0;45.0;29.0;75.0;245.0;245.0;250.0;650.0;750.0;2900.0;3020.0;12.0;50.0;70.0;35.0;22.0;2.1;142;2.32;83.56;560.5744680851063;375.3404255319149;PE ASPUN;cluster-1
72.0;0.6;4.0;105.0;2.5633187772925763;35.612648221343875;22.5;45.0;31.0;75.0;245.0;245.0;250.0;650.0;750.0;2900.0;3020.0;12.0;50.0;70.0;35.0;22.0;2.1;150;2.22;101.89;560.5744680851063;375.3404255319149;PE ASPUN;cluster2
72.0;0.6;4.0;105.0;2.0;2.0;22.5;47.0;16.3;87.4;218.0;215.0;220.0;500.0;700.0;1950.0;2135.0;10.0;50.0;70.0;42.0;22.0;1.9;200;1.3;110.67;850.0;500.0;SABIC M200024;cluster-1
72.0;0.6;4.0;105.0;2.0;2.0;22.5;35.0;28.7;36.6;218.0;215.0;220.0;650.0;850.0;2250.0;2940.0;10.0;55.0;75.0;10.0;20.0;1.9;166;2.1;124.33;850.0;500.0;SABIC M200056;cluster2
72.0;0.6;4.0;105.0;2.0;2.0;20.0;35.0;20.7;65.0;218.0;215.0;220.0;650.0;730.0;2000.0;2835.0;10.0;65.0;85.0;20.0;20.0;1.9;135;2.49;65.67;850.0;500.0;SABIC M200056;cluster-1
72.0;0.6;4.0;105.0;2.0;2.0;22.5;40.0;51.9;85.0;218.0;215.0;220.0;650.0;730.0;2000.0;2835.0;10.0;65.0;85.0;45.0;20.0;1.9;170;2.0;110.0;850.0;500.0;SABIC M200056;cluster2
72.0;0.6;4.0;105.0;2.0;2.0;22.5;40.0;56.0;64.2;218.0;215.0;220.0;650.0;730.0;2000.0;2610.0;10.0;65.0;85.0;45.0;20.0;1.9;190;1.85;103.93;850.0;500.0;SABIC M200056;cluster-1
72.0;0.6;4.0;105.0;2.0;2.0;30.0;45.0;74.9;56.1;218.0;215.0;220.0;650.0;730.0;2250.0;2610.0;8.0;65.0;85.0;55.0;20.0;1.9;200;2.2;123.68;850.0;500.0;SABIC M200056;cluster1
72.0;0.6;4.0;105.0;2.0;2.0;30.0;45.0;74.9;56.1;218.0;215.0;220.0;650.0;730.0;2350.0;3000.0;8.0;65.0;85.0;55.0;20.0;1.9;196;2.27;112.67;850.0;500.0;SABIC M200056;cluster1
72.0;0.3;2.0;90.0;2.0;2.0;20.0;44.0;58.0;70.0;235.0;240.0;240.0;2500.0;1512.4958333333334;2132.270833333333;2600.0;17.035897435897436;85.53254437869822;111.51612903225806;40.0;20.0;1.65;235;2.1;85.0;500.0;355.0;PLA + CaCO3;cluster1
72.0;0.3;2.0;90.0;2.0;2.0;19.0;42.0;52.0;70.0;235.0;240.0;240.0;2500.0;1512.4958333333334;2132.270833333333;2600.0;17.035897435897436;85.53254437869822;111.51612903225806;40.0;20.0;1.65;230;2.05;85.0;500.0;355.0;PLA + CaCO3;cluster1
72.0;0.3;2.0;90.0;2.0;2.0;18.0;40.0;46.0;70.0;235.0;240.0;240.0;2500.0;1512.4958333333334;2132.270833333333;2600.0;17.035897435897436;85.53254437869822;111.51612903225806;40.0;20.0;1.65;215;2.1;85.0;500.0;355.0;PLA + CaCO3;cluster1
72.0;0.3;2.0;90.0;2.0;2.0;18.0;42.0;52.0;70.0;235.0;240.0;240.0;2500.0;1512.4958333333334;2132.270833333333;2600.0;17.035897435897436;85.53254437869822;111.51612903225806;40.0;20.0;1.65;220;1.9;80.0;500.0;355.0;PLA + CaCO3;cluster1
72.0;0.2;2.0;60.0;2.0;2.0;14.0;52.01126865671642;150.0;70.0;259.1542288557214;140.11641791044778;290.0;2809.0;1512.4958333333334;2132.270833333333;2970.0;17.035897435897436;85.53254437869822;111.51612903225806;39.583541147132166;19.83084577114428;1.5065989847715735;145;1.71;236.0;500.0;355.0;rPET;cluster-1
72.0;0.2;2.0;60.0;2.0;2.0;13.0;52.01126865671642;150.0;70.0;259.1542288557214;140.11641791044778;295.0;2866.0;1512.4958333333334;2132.270833333333;2970.0;17.035897435897436;85.53254437869822;111.51612903225806;39.583541147132166;19.83084577114428;1.5065989847715735;131;2.15;143.71;500.0;355.0;rPET;cluster4
72.0;0.3;2.0;30.0;3.0;2.0;14.0;58.7;109.3;100.0;285.0;290.0;295.0;2810.0;1512.4958333333334;2132.270833333333;2960.0;17.035897435897436;85.53254437869822;111.51612903225806;20.0;18.0;1.3;140;2.8;140.0;500.0;355.0;rPET;cluster4
72.0;0.3;2.0;90.0;2.0;2.0;18.0;40.0;50.0;70.0;235.0;240.0;240.0;2500.0;1512.4958333333334;2132.270833333333;2600.0;17.035897435897436;85.53254437869822;111.51612903225806;40.0;20.0;1.65;200;1.9;90.0;500.0;355.0;PLA + CaCO3;cluster1
72.0;0.3;2.0;90.0;2.0;2.0;19.5;43.0;50.0;70.0;235.0;240.0;240.0;2530.0;1512.4958333333334;2132.270833333333;2630.0;17.035897435897436;85.53254437869822;111.51612903225806;40.0;20.0;1.65;220;1.7;95.0;500.0;355.0;PLA + CaCO3;cluster1
72.0;0.3;2.0;90.0;2.0;2.0;19.5;41.0;50.0;70.0;235.0;240.0;240.0;2550.0;1512.4958333333334;2132.270833333333;2650.0;17.035897435897436;85.53254437869822;111.51612903225806;40.0;20.0;1.65;220;1.7;100.0;500.0;355.0;PLA + CaCO3;cluster-1
72.0;0.3;2.0;90.0;2.0;2.0;13.0;70.0;69.3;90.7;290.0;295.0;295.0;2800.0;1512.4958333333334;2132.270833333333;2923.0;13.0;85.53254437869822;111.51612903225806;39.583541147132166;18.0;1.5;133;2.16;128.0;500.0;355.0;MP1924 + 0.3 TiO2;cluster4
72.0;0.3;2.0;90.0;2.0;2.0;14.0;45.0;154.8;111.2;305.0;305.0;305.0;2780.0;1512.4958333333334;2132.270833333333;2923.0;22.0;85.53254437869822;111.51612903225806;10.0;16.0;1.6;136;2.62;130.67;500.0;355.0;MP1925 + 0.3 TiO2;cluster4
72.0;0.3;2.0;90.0;2.0;2.0;14.5;45.0;169.2;115.4;305.0;305.0;305.0;2740.0;1512.4958333333334;2132.270833333333;2840.0;16.0;85.53254437869822;111.51612903225806;10.0;16.0;1.5;148;2.9;147.0;500.0;355.0;MP1925 + 0.3 TiO2;cluster4
