Date;Test;Material;Nº holes / Nº filaments;Diameter (mm);L/D;Filter (um);Sand quantity (cm);Sand size (um);Support;Vpump (rpm);Vext (rpm);TE1 (°C);TE2 (°C);TE3 (°C);TE4 (°C);TD(°C);PD(bar);PE(bar);VTO (m/min);VG1(m/min);VG2(m/min);VG3(m/min);VG4(m/min);Vwinder (m/min);Winder tension (N);Tg1(°C);Tg2(°C);Tg3(°C);Quench (%);Spin. F (rmp);Height (m);Count (dtex);Tenacity (g/den);Elongation (%)
02/03/2021;P21-30;COPET GP001-EASTMAN;36;0.4;4/1;60;;;4;10;23.9;280;285;285;290;295;95.2;69.1;968;1005;1701;1751;1780;1845;;85;110;110;20;24;1.4;155;0.54;44.94
03/03/2021;P21-34;COPET GP001-EASTMAN;48;0.4;4/1;60;2;500-850;2;18;38.58;280;280;280;285;285;99.6;73.5;949;999;1751;1810;1834;1895;17;85;100;80;30;24;1.5;2801;1.41;62.04
03/03/2021;P21-35;COPET GP001-EASTMAN;48;0.4;4/1;60;2;500-850;2;10.7;30.2;280;280;280;285;285;79.1;75;949;999;1751;1810;1834;1895;14;85;100;80;30;24;1.5;170;1.64;64.69
03/03/2021;P21-36;COPET GP001-EASTMAN;48;0.4;4/1;60;2;500-850;2;10.7;30.7;280;280;280;285;285;79.1;75;949;999;1909;1961;1991;2060;14;85;100;90;30;24;1.5;160;1.67;73.79
03/03/2021;P21-37;COPET GP001-EASTMAN;48;0.4;4/1;60;2;500-850;2;10.7;30.7;280;280;280;285;285;79.1;75;949;999;1989;2132;2167;2230;14;85;100;90;30;24;1.5;140;1.99;44.83
10/03/2021;P21-38;PLA 6100D NATUREWORKS;36;0.3;2/1;60;;;;15;50;225;215;220;230;235;8;75;2600;2700;2820;2975;2960;3055;21;;;;20;20;1.3;135;2.08;55.33
10/03/2021;P21-39;PLA 6100D NATUREWORKS;36;0.3;2/1;60;;;;15;43;225;215;220;230;235;35;75;2600;2700;2820;2975;2960;3050;21;;;;20;20;1.3;135;2.3;50.3
30/03/2021;P21-40;PET + 3% Antivirico SUKANO;72;0.3;2/1;34;3;355-500;2;20;64;275;280;285;285;290;91.1;75;2695;2765;2765;2695;2695;2780;18;;;;24;20;1.5;218;2.28;92.61
30/03/2021;P21-41;PET + 3% Antivirico SUKANO;72;0.3;2/1;34;3;355-500;2;18;58.4;275;280;285;285;290;87.8;75;2695;2765;2765;2695;2695;2780;16;;;;24;20;1.5;200;2.37;97.11
01/04/2021;P21-42;PET + 3% Antivirico SUKANO;72;0.3;2/1;60;3;355-500;2;20;58.94;270;280;284;285;285;91.3;76.8;2695;2765;2765;2695;2695;2790;16;;;;20;24;1.4;215;2.37;101.72
01/04/2021;P21-43;PET + 3% Antivirico SUKANO;72;0.3;2/1;60;3;355-500;2;16;56;270;280;284;285;285;87.8;72;2695;2765;2765;2695;2695;2790;16;;;;20;24;1.4;170;2.47;96.89
01/04/2021;P21-44;PET + 3% Antivirico SUKANO;72;0.3;2/1;60;3;355-500;2;16;80;250;260;265;270;270;25;60;2695;2765;2765;2695;2695;2790;16;;;;20;24;1.4;170;2.06;123.89
14/05/2021;P21-53;PET + 1% Bactiblock 101 R4.47;72;0.3;2/1;178;2;355-500;2;20;65;280;285;285;290;290;81.3;75;2499;2599;2649;2651;2651;2740;;;;;30;24;1.35;220;1.7;120
14/05/2021;P21-54;PET + 1% Bactiblock 101 R4.47;72;0.3;2/1;178;2;355-500;2;20;80.1;270;276;278;280;280;40.9;51.2;2201;2361;2379;2289;2299;2370;;;;;30;26;1.35;250;1.38;204
24/05/2021;P21-55;PP HS61R;12;0.5;4/1;;;;2;20;44;195;195;200;200;200;0;75;1252;1549;1900;1991;1971;2000;25;;;;60;22;2.25;210;2.33;226.67
24/05/2021;P21-56;PP HS61R;12;0.5;4/1;;;;2;27;44;195;195;200;200;200;0;75;1252;1549;1900;1991;1971;2000;25;;;;60;22;2.25;290;1.68;223.5
24/05/2021;P21-57;PP HS61R;12;0.5;4/1;;;;2;27;44;195;195;200;200;200;0;75;1252;1951;2450;2651;2558;2595;25;;;;60;22;2.25;220;2.22;96.17
24/05/2021;P21-58;PP HS61R;12;0.5;4/1;;;;2;30;44;195;195;200;200;200;0;75;1252;1951;2450;2651;2558;2595;25;;;;60;22;2.25;240;1.83;62.83
24/05/2021;P21-59;PP HS61R;12;0.5;4/1;;;;2;33;44;195;195;200;200;200;3.6;75;1252;1951;2450;2651;2558;2595;25;;;;60;22;2.25;270;2.4;89.58
24/05/2021;P21-60;PP HS61R;12;0.5;4/1;;;;2;33;58.5;195;195;200;200;200;3.1;75;1252;2099;2349;2651;2558;2595;25;;;;80;24;2.25;270;2.02;98.25
01/06/2021;P21-61;PP HS61R;12;0.5;4/1;178;2;500-800;2;33;60;205;205;210;215;215;53;75;1252;2099;2349;2661;2558;2595;;;;;90;24;2.25;270;1.54;90.33
01/06/2021;P21-62;PP HS61R;12;0.5;4/1;178;2;500-800;2;33;60;190;200;210;210;210;34;75;1399;2489;2501;2661;2558;2595;;;;;100;22;2.25;240;1.41;108.6
10/06/2021;P21-63;PP 561R;72;0.35;4/1;178;;;;35;63;190;200;210;210;210;16;75;1800;2489;2501;2661;2558;2595;;;;;60;22;1.5;290;2.36;166.5
10/06/2021;P21-64;PP 561R;72;0.35;4/1;178;;;;50;83;190;200;210;210;210;3;75;1599;2501;2551;2700;2602;2640;;60;;;80;22;2.25;410;2.74;165.27
15/06/2021;P21-65;PP H561R;36;0.35;4/1;178;;;;25;50;190;200;210;210;210;0;75;1852;2099;2349;2680;2548;2580;;;;;70;22;2.25;210;3.18;126.33
15/06/2021;P21-66;PP H561R;36;0.35;4/1;178;;;;29;58;190;200;210;210;210;0;75;1852;2099;2349;2680;2548;2580;;;;;70;22;2.25;240;3.05;122.75
22/06/2021;P21-68;PP H561R;12;0.5;4/1;60;;300-800;2;29;62;205;220;225;230;235;18.9;70;1252;2099;2349;2661;2558;2590;16;;;;95;24;2.25;245;1.91;96.81
22/06/2021;P21-69;PP H561R;12;0.5;4/1;60;;300-800;2;29;65;210;220;225;225;220;18;70;1252;2099;2349;2661;2558;2590;20;;;;95;24;2.25;225;2.04;102.67
22/06/2021;P21-70;PP H561R;12;0.5;4/1;60;;300-800;2;30;65;210;220;225;225;220;17.4;70;1252;2099;2349;2661;2558;2590;20;;;;95;24;2.25;230;1.84;86.44
22/06/2021;P21-71;PP H561R;12;0.5;4/1;60;;300-800;2;31;66;210;220;225;225;220;27.5;70;1252;2099;2349;2661;2558;2590;24;;;;95;24;2.25;240;1.99;117.28
23/06/2021;P21-73;rPET + CO2 Pure;72;0.3;2/1;60;;;;18.6;59;275;280;285;285;285;25.6;70;1500;1650;2550;2563;2617;2700;20;90;105;125;30;22;1.35;205;2.9;62.93
23/06/2021;P21-74;rPET + CO2 Pure;72;0.3;2/1;60;;;;20;60;275;280;285;285;285;29;70;1500;1650;2550;2563;2617;2700;20;90;105;125;30;22;1.35;220;2.9;62.93
23/06/2021;P21-75;rPET + CO2 Pure;72;0.3;2/1;60;;;;22;60;275;280;285;285;285;37.9;70;1500;1650;2700;2700;2725;2810;20;90;105;125;30;22;1.35;233;2.6;46
13/07/2021;P21-77;PA B33L;36;0.4;4/1;34;;;;23;38;255;265;275;275;280;105;75;2925;3000;3000;2990;2925;3020;10;;;;70;25;1.4;200;2.88;80.56
13/07/2021;P21-78;PA B33L;36;0.4;4/1;34;;;;23;38;255;265;275;275;280;110;75;2802;2896;2905;2832;2832;2910;12;;;;70;25;1.4;200;2.97;89.22
13/07/2021;P21-79;PA B33L;36;0.4;4/1;34;;;;19;33;255;265;275;275;280;98;75;2431;2516;2525;2465;2460;2530;12;;;;70;23;1.4;180;2.88;89.89
14/07/2021;P21-83;PA6 PENTABATC;36;0.4;4/1;60;;;;24;70;250;260;260;260;260;13.5;86.5;2800;2960;3000;3050;3060;3160;11;65;65;;35;25;1.4;190;3.97;83.11
14/07/2021;P21-84;PA6 PENTABATC;36;0.4;4/1;60;;;;30;73.7;250;260;260;260;260;26.5;85;2800;2960;3000;3050;3060;3170;30;65;65;;35;25;1.4;230;3.67;81.67
14/07/2021;P21-86;PA6 PENTABATC;36;0.4;4/1;60;;;;30;73.8;250;260;260;260;260;26.1;87.8;2800;2960;3000;3220;3235;3345;30;66;65;;50;30;1.4;230;3.67;73.06
15/07/2021;P21-87;PA6 H24;36;0.4;4/1;60;;;;30;63.9;235;240;245;260;260;32.5;85;2700;2959;2994;3218;3233;3315;27;65;65;;50;30;1.4;230;3.47;67.44
15/07/2021;P21-89;PA6 B27;36;0.4;4/1;60;;;;30;58;260;270;275;275;270;82;85;2700;2959;2994;3218;3233;3315;27;65;65;;50;30;1.4;230;3.3;62.33
15/07/2021;P21-90;PA6 B27;36;0.4;4/1;60;;;;25;61.48;265;275;280;275;270;87.7;86.9;2700;2959;2994;3218;3233;3315;27;65;65;;50;30;1.4;200;3.64;74.4
15/07/2021;P21-91;PA6 B27;36;0.4;4/1;60;;;;25;64;275;285;290;275;270;83;86.9;2700;2959;2994;3218;3233;3315;27;65;65;;50;30;1.4;200;3.39;71.3
21/07/2021;P21-92;PET + Avanza O 0.3.%;72;0.3;2/1;60;;;;24;69.6;275;285;285;285;285;9.5;70;2560;2660;2665;2600;2600;2670;20;;;;20;24;1.35;257;1.9;94.5
25/08/2021;P21-93;rPET + CO2 Pure 3%;72;0.3;2/3;178;;80-100;2;22;58.12;275;280;285;285;280;3.1;70.6;1500;1650;2700;2700;2724;2810;18;90;105;125;30;22;1.35;240;2152;53.42
25/08/2021;P21-94;rPET + CO2 Pure 3%;72;0.3;2/3;178;;80-100;2;22;84;275;280;285;280;280;0.3;70;1500;1650;2700;2700;2724;2810;18;90;105;125;30;22;1.35;235;1.2;46.22
25/08/2021;P21-95;rPET + CO2 Pure 3%;72;0.3;2/3;178;;80-100;2;22;78.25;270;270;275;275;280;0;72.6;1500;1650;2300;2500;2700;2795;18;90;105;125;30;22;1.35;240;1.14;61.9
30/08/2021;P21-97;rPET + CO2 Pure 2.5%;72;0.3;2/1;178;2;355-500;2;22;68;260;265;270;270;272;17;60;1500;1650;2150;2548;2714;2795;21;90;110;125;30;24;1.35;240;1.32;44.33
31/08/2021;P21-98;rPET + CO2 Pure 2.5%;72;0.3;2/1;178;2;500-850;2;22;68;260;265;270;270;275;2;60;1500;1650;2150;2548;2715;2795;20;90;110;125;30;26;1.3;240;1.51;55.72
08/09/2021;P21-100;PES + 1% BB101 R4.47;72;0.4;2/1;178;2;355-500;2;20;79;260;270;275;275;275;3;60;2240;2361;2355;2289;2299;2370;;;;;30;24;1.3;260;1.52;165
15/09/2021;P21-102;PA B33L;36;0.3;2/1;60;2;500-800;2;6;50;285;295;300;295;285;88;51;582;809;1505;2196;2191;2240;;75;102;140;40;10;1.3;160;4.38;43.83
16/09/2021;P21-103;PA H24;;;;60;;;;14;75;240;245;250;255;275;90;60;1898;2441;2700;2895;2915;2985;;75;80;;30;10;1.3;120;3.53;61.33
16/09/2021;P21-104;PA H24;;;;60;;;;10;68;240;245;250;255;275;78;60;1898;2441;2700;2895;2915;2975;;75;80;;30;10;1.3;95;3.56;52.83
16/09/2021;P21-105;PA H24;;;;60;;;;15;78;250;255;260;260;275;78;60;1898;2441;2700;2895;2915;2975;;75;80;;35;10;1.3;125;3.8;80.17
16/09/2021;P21-106;PA H24;;;;60;;;;10;80;250;255;260;260;275;86;53;1262;1906;2105;2382;2406;2500;;75;80;;45;8;1.3;110;2.96;54.33
16/09/2021;P21-107;PA H24;;;;60;;;;10;80;250;255;260;260;275;86;53;1262;1906;2105;2382;2406;2500;;75;80;;45;12;1.3;110;3.6;72.67
16/09/2021;P21-108;PA H24;;;;60;;;;10;80;250;255;260;260;275;86;53;1262;1906;2105;2440;2406;2500;;75;80;;45;12;1.3;110;3.68;61.67
14/10/2021;P21-109;PP H561R;36;0.35;4/1;60;;;;29;64;220;230;235;235;230;54;75;1252;2099;2349;2680;2548;2580;;;;;60;22;2.25;240;3.23;141.33
14/10/2021;P21-110;PP H561R;36;0.35;4/1;60;;;;29.5;64;220;220;225;225;220;60;75;1898;2001;2450;2602;2548;2610;;;;;60;22;2.25;240;1.04;135.54
19/10/2021;P21-111;PLA LUMINY L130;36;0.3;2/1;60;3;355-500;2;15;42;225;215;220;230;235;13.3;75;2600;2700;2820;2980;2930;3050;16;;;;20;20;1.3;135;2.22;47.4
19/10/2021;P21-112;PLA LUMINY L130;36;0.3;2/1;60;3;355-500;2;20;44;225;215;220;230;235;31;75;2600;2700;2820;2980;2930;3050;16;;;;20;20;1.3;180;2.25;51.87
20/10/2021;P21-113;PLA LUMINY L130;72;0.3;2/1;60;1;180-250;2;18;40;225;215;220;230;240;63;75;2620;2750;2820;2950;2930;3010;22;;;;15;20;1.3;180;2.09;43.7
20/10/2021;P21-114;PLA LUMINY L130;72;0.3;2/1;60;1;180-250;2;22;45;225;215;220;230;240;87;75;2620;2750;2820;2950;2930;3010;22;;;;15;20;1.3;210;2.18;49.8
20/10/2021;P21-115;PLA LUMINY L130;72;0.3;2/1;60;1;180-250;2;24;48;225;215;220;230;245;125;75;2620;2750;2820;2950;2930;3010;22;;;;15;20;1.3;230;2.22;50.43
21/10/2021;P21-116;PLA LUMINY L130;72;0.3;2/1;60;3;355-500;2;27;49;225;215;220;230;235;27;75;2620;2750;2820;2950;2930;3010;24;;;;70;20;1.3;250;2.18;53.63
26/10/2021;P21-119;PLA L130;24;0.3;2/1;60;3;350-500;2;10;46.8;225;230;230;235;240;58;75;1526;1600;2685;2802;2861;2955;;70;90;110;20;20;1.3;100;2.84;27.04
26/10/2021;P21-120;PLA L130;24;0.3;2/1;60;3;350-500;2;8;49.4;225;230;230;235;240;49.6;75;1624;1701;2685;2802;2861;2955;;70;90;110;20;18;1.3;79;2.92;27.5
26/10/2021;P21-121;PLA L130;24;0.3;2/1;60;3;350-500;2;5;45.6;225;230;230;235;240;34.8;75;1825;1900;2685;2802;2861;2955;;70;90;110;20;18;1.3;48;2.87;24
09/11/2021;P21-126;SPH16;72;0.25;2/1;60;2;355-500;2;13;65;250;250;255;255;260;61;80;2610;2750;2740;2750;2695;2780;21;;;;40;22;1.65;135;2.72;71.78
09/11/2021;P21-127;SPH16;72;0.25;2/1;60;2;355-500;2;13;25.6;255;260;260;265;265;49.7;80;2050;2125;2150;2090;2080;2780;15;;;;30;22;1.5;165;0.86;97.68
10/11/2021;P21-128;PP HS61R;48;0.2;;60;;;;28;62;215;225;235;240;350;0;80;1149;1225;1799;2494;2348;2430;;60;80;90;80;25;2.4;240;3.49;82.33
10/11/2021;P21-129;PP HS61R;48;0.2;;60;;;;35;70;215;225;235;240;350;0;80;1149;1225;1799;2494;2348;2440;;60;80;90;80;25;2.4;300;3.27;86.67
10/11/2021;P21-130;PP HS61R;48;0.2;;60;;;;28;73;215;225;235;240;350;0;80;1149;1225;1799;2494;2348;2440;;60;80;90;80;25;2.4;240;3.58;90.49
17/11/2021;P21-132;PET + 15% SPH16;72;0.35;4/1;60;2;355-500;2;15;40;275;280;280;285;290;68.5;70;;2690;2725;2690;2680;2765;19;;;;25;22;1.3;165;2.11;121.85
17/11/2021;P21-134;PET + 15% SPH16;72;0.35;4/1;60;2;355-500;2;12.5;42;275;280;280;285;290;56;70;;2690;2725;2690;2680;2765;19;;;;25;22;1.3;130;2.22;116.94
17/11/2021;P21-135;PET + 15% SPH16;72;0.35;4/1;60;2;355-500;2;14.5;54;275;280;280;285;290;49;70;;1200;1300;2400;2650;2680;20;80;90;120;25;22;1.3;155;2.61;68.87
17/11/2021;P21-136;PET + 15% SPH16;72;0.35;4/1;60;2;355-500;2;14.5;54;275;280;280;285;290;49;70;800;850;2400;2675;2675;2760;20;80;90;120;25;22;1.3;155;3.21;36.94
29/11/2021;P21-137;PBT + 15% SPH16W;72;0.35;4/1;60;2;355-500;2;13;59;245;250;255;260;265;34;70;2651;2751;2751;2695;2695;2780;;;;;25;22;1.3;135;1.8;72.28
29/11/2021;P21-138;PBT + 15% SPH16W;72;0.35;4/1;60;2;355-500;2;14;50;245;250;255;260;265;41;70;1100;1249;2700;2700;2641;2720;;75;85;115;25;22;1.3;158;3;22.72
01/12/2021;P21-140;PBT + 3% Octil;72;0.35;4/1;60;2;355-500;2;13;30;260;270;275;275;275;38.4;70;2680;2750;2750;2685;2690;2780;12;;;;10;22;1.2;137;0.75;93.5
01/12/2021;P21-141;PBT + 3% Octil;72;0.35;4/1;60;2;355-500;2;13;32;260;270;275;275;275;38.4;70;2450;2525;2550;2490;2499;2580;12;;;;10;20;1.2;142;0.8;90.5
02/12/2021;P21-142;PBT + 15% MB;72;0.35;4/1;60;4;500-850;2;14;28;265;270;275;275;275;48.8;70;800;950;2350;2400;2320;2390;10;65;80;115;20;20;1.3;164;1.98;18.72
02/12/2021;P21-143;PBT + 15% MB;72;0.35;4/1;60;4;500-850;2;13.8;29;265;270;275;275;275;46.8;70;900;1050;2450;2460;2406;2490;16;65;80;115;20;20;1.3;159;1.86;26.4
02/12/2021;P21-144;PBT + 15% MB;72;0.35;4/1;60;4;500-850;2;11.5;74.6;250;255;260;260;265;47.8;70;2950;3000;3000;2955;2950;3046;10;;;;20;20;1.3;115;2.18;68.44
02/12/2021;P21-145;PBT + 15% MB;72;0.35;4/1;60;4;500-850;2;11;84;250;260;270;270;275;59;70;2850;2900;2926;2860;2860;2955;12;;;;20;20;1.3;107;2.01;27.33
20/12/2021;P21-147;TPX;72;0.4;4/1;60;;;;18;70;265;270;275;280;290;47;50;2152;2251;2284;2230;2211;2285;;;;;40;20;1.1;158;1.3;22.5
20/12/2021;P21-148;TPX;72;0.4;4/1;60;;;;11;77;270;280;285;290;295;25;50;1052;1091;1085;1061;1066;1125;;;;;40;18;1.1;200;1.33;49.11
20/12/2021;P21-149;TPX;72;0.4;4/1;60;;;;7;66;270;280;285;290;295;16;50;636;675;675;660;675;695;;;;;40;16;1.1;235;1.27;65.39
20/12/2021;P21-150;TPX;72;0.4;4/1;60;;;;14;75;270;280;285;290;295;29;50;783;900;1499;2201;2171;2245;;120;160;145;40;16;1.1;130;4.26;26.28
20/12/2021;P21-151;TPX;72;0.4;4/1;60;;;;16;71;265;275;280;285;295;32;50;783;900;1499;2201;2171;2245;;120;160;145;40;16;1.1;150;3.92;25.28
21/12/2021;P21-152;PET + 3% Zeol Ag;72;0.3;2/1;178;2;355-500;178;25;87;255;260;265;270;270;103;50;1800;1990;2000;2000;1980;2020;14;;;;20;24;1;370;0.8;215.44
22/12/2021;P21-154;LOWMELT 53001;72;0.3;2/1;178;3;355-500;178;20;52.8;240;260;265;270;275;102.8;65;800;900;2600;2950;2930;3055;21;70;85;115;30;22;1.3;185;2.61;34.94
12/01/2022;P22-01;PA H24;48;0.4;4/1;60;;;;12;80;255;260;265;256;275;90;55;1800;1751;2001;2440;2406;2500;;;;;45;12;1.3;130;3.52;76.06
12/01/2022;P22-02;PA H24;48;0.4;4/1;60;;;;12;72;250;255;265;256;275;90;55;1687;1751;2251;2440;2406;2500;;;;;45;14;1.3;125;3.41;81.72
27/01/2022;P22-03;TPX DX350;72;0.4;4/1;60;;;;14;68;265;275;280;285;285;42;50;1100;1249;1751;2201;2176;2245;;130;160;140;20;18;1.1;125;3.7;23.5
03/02/2022;P22-05;ADUANITE S3001;72;0.3;2/1;178;;;;21;47;250;260;265;270;270;93;65;800;980;2700;2950;2940;3050;;70;85;115;45;20;1.3;195;2.75;27.94
03/02/2022;P22-06;ADUANITE S3001;72;0.3;2/1;178;;;;21;47;250;260;265;270;270;100;65;800;980;2700;2950;2940;3050;;70;85;100;45;20;1.3;195;2.94;31.17
09/02/2022;P22-07;TPX DX350;72;0.4;4/1;60;;;;14;56.64;260;265;270;275;290;48.4;60.3;1100;1249;1751;2201;2176;2245;18;130;160;150;15;18;1.05;130;3.5;21.22
14/02/2022;P22-08;100%MB SP16H;72;0.35;4/1;60;2;355-500;2;13;60;260;265;275;275;275;58;70;2100;2200;2550;2489;2499;2570;20;;;;15;20;1.2;155;1.5;96
14/02/2022;P22-09;100%MB SP16H;72;0.35;4/1;60;2;355-500;2;12.8;46;260;265;270;275;275;56.6;75;2200;2300;2450;2505;2500;2560;15;;;;15;20;1.2;145;1.53;112
14/02/2022;P22-10;100%MB SP16H;72;0.35;4/1;60;2;355-500;2;12.6;44.7;260;265;270;275;275;69.1;75;2200;2300;2450;2505;2500;2560;15;;;;15;20;1.2;143;1.48;114.22
14/02/2022;P22-11;100%MB SP16H;72;0.35;4/1;60;2;355-500;2;13.8;41.56;260;265;270;275;275;88.3;75.4;900;1100;2200;2470;2406;2490;15;60;77;115;15;20;1.2;158;2.67;40.87
16/02/2022;P22-12;PBT + 15% SPH16W;72;0.35;4/1;60;2;355-500;2;12;77;255;260;265;275;275;53;50;2825;2900;2926;2860;2860;2955;;;;;15;20;1.2;120;2;65
22/02/2022;P22-15;PP + 10% Talco;72;0.35;4/1;60;2;355-500;2;20.6;47.24;200;210;225;230;230;104.4;63.9;719;950;1300;1750;1760;1835;;65;80;80;90;15;2.25;240;1.2;197
22/02/2022;P22-18;PP + Talco + Verde;72;0.35;4/1;60;2;355-500;2;20.1;53;200;210;225;230;230;103;65;750;900;1550;1960;1950;2010;22;70;80;80;90;17;2.25;220;1.16;100.78
23/02/2022;P22-19;Pruebas PP Amarilleamiento;72;0.6;4/1;178;;;;33;94.32;240;260;275;280;280;32.1;66.1;523;550;1600;1858;1820;1882;;70;135;125;60;12;2.1;330;3.72;80.3
23/02/2022;P22-23;Pruebas PP Amarilleamiento;72;0.6;4/1;178;;;;36;94.32;240;260;275;280;280;32.1;66.1;523;550;1600;1960;1910;1980;;70;135;125;60;12;2.1;340;3.17;61
28/02/2022;P22-26;PP + Talco + Rojo;12;0.5;4/1;178;;;178;21.5;56;210;210;225;230;230;125;65;750;900;1550;1960;1950;2010;;60;70;80;90;17;2.25;220;1.33;144.79
02/03/2022;P22-27;PP + Talco + Verde;12;0.5;4/1;178;;;178;21.5;54;200;210;230;230;230;170;65;750;1000;1550;1960;1950;2010;;60;70;80;90;20;2.25;220;1.28;162.83
09/03/2022;P22-28;PA + CNT PA Nanocyl PA (H24);48;0.4;2/1;60;;;90;23;60;235;245;253;250;250;65;65;2800;2950;3000;2920;2900;3030;18;;;;30;15;1.25;200;3.14;87.39
09/03/2022;P22-29;PA + CNT PA Nanocyl PA (H24);48;0.4;2/1;60;;;90;23;59;235;245;253;250;250;77;65;3685;2950;3000;3750;3740;3860;18;;;;30;15;1.25;165;3.4;68.1
21/03/2022;P22-33;rPET;75;0.3;2/1;90;;;;24;63;270;280;290;290;290;118;60;750;800;1500;2550;2485;2560;;85;100;130;30;18;1.3;300;2.7;27
21/03/2022;P22-33*;rPET;75;0.3;2/1;90;;;;25;62;270;280;290;290;295;115.4;65;700;750;1500;2515;2485;2565;;85;100;130;30;18;1.3;290;2.9;27
21/03/2022;P22-34;rPET 2% HIPS;75;0.3;2/1;90;;;;25.2;63;275;285;285;285;295;115.7;60;700;750;1300;2515;2485;2565;;85;100;130;30;18;1.3;300;2.52;27.2
21/03/2022;P22-35;rPET 0.5% HIPS;75;0.3;2/1;90;;;;25.1;63;275;285;285;285;290;115.7;60;875;900;1300;2500;2485;2565;;85;100;130;30;18;1.3;300;2.2;43.25
21/03/2022;P22-36;rPET 0.5% HIPS;75;0.3;2/1;90;;;;25;63;275;285;285;285;290;115.7;60;700;750;1300;2500;2485;2565;;85;100;130;30;18;1.3;300;2.9;25.22
22/03/2022;P22-37;rPET 0.5% HIPS;75;0.3;2/1;90;;;;25;62;275;285;285;285;290;126;58;765;820;1375;2515;2485;2565;;85;100;130;40;18;1.3;300;2.43;28.67
24/03/2022;P22-38;PHB 2450 mod;48;0.4;4/1;90;4;500-855;2;6.5;53;165;170;175;185;185;0;50;850;915;960;955;970;1000;25;;;;20;20;1.3;200;0.9;64
24/03/2022;P22-39;PHB 2450 mod;48;0.4;4/1;90;4;500-855;2;9;58;165;170;175;185;185;0;50;850;1420;1470;1435;1440;1500;25;;;;20;16;1.3;175;0.8;54
24/03/2022;P22-40;PHB 2450 mod;48;0.4;4/1;90;4;500-855;2;12;58;165;170;175;185;185;0;50;850;1939;1980;1942;1932;2000;20;;;;20;16;1.3;168;0.92;59
24/03/2022;P22-41;PHB 2450 mod;48;0.4;4/1;90;4;500-855;2;4;53;165;170;175;185;185;0;50;500;540;560;580;580;600;20;;;;20;11;1.3;235;0.48;80
24/03/2022;P22-42;PHB 2450 mod;48;0.4;4/1;90;4;500-855;2;14;59;165;170;175;185;185;31;50;1350;1425;1850;1930;1995;2075;20;45;60;90;20;15;1.3;195;1.3;33
24/03/2022;P22-43;PHB 2450 mod;48;0.4;4/1;90;4;500-855;2;14;59;165;170;175;185;185;32.2;50;1350;1425;1850;1995;1976;2055;20;45;60;70;20;15;1.3;190;1.4;34
24/03/2022;P22-44;PHB 2450 mod;48;0.4;4/1;90;4;500-855;2;14;54.5;165;170;175;185;185;41.5;50;1350;1425;1850;1995;1976;2055;20;45;60;70;20;15;1.3;198;1.2;30
31/03/2022;P22-45;TPX DX350;72;0.4;4/1;;;;;15;70;270;275;280;285;290;45.5;50;1081;1170;1600;2100;2050;2125;12;130;160;150;15;20;1.1;135;3.47;25.44
31/03/2022;P22-47;TPX DX350;72;0.4;4/1;;;;;14.6;68;270;275;280;285;290;48;50;1200;1350;1650;2100;2050;2125;12;130;160;150;15;20;1.1;130;2.9;26.78
11/04/2022;P22-53;TCP - ET;12;0.5;4/1;178;;;;14;34.7;210;220;230;240;240;134.6;62.8;800;850;865;900;935;985;;;;;80;18;2.3;390;0.83;360
11/04/2022;P22-54;TCP - ET;12;0.5;4/1;178;;;;10;30.5;210;220;230;240;240;120;60;800;850;865;900;935;985;;;;;80;18;2.3;270;0.8;330
11/04/2022;P22-55;TCP - ET;12;0.5;4/1;178;;;;14;34;210;220;230;240;250;163;60;1950;850;865;1965;1981;2060;;;;;80;18;2.3;180;1.16;261
11/04/2022;P22-56;TCP - ET;12;0.5;4/1;178;;;;14;34;210;220;230;240;250;163;60;600;700;1400;1650;1610;1650;;80;100;;80;18;2.3;275;1.29;208
11/04/2022;P22-57;TCP - ET;12;0.5;4/1;178;;;;14;34;210;220;230;240;250;163;60;600;700;1799;1790;1775;1820;;80;100;;80;20;2.3;250;1.41;176
13/04/2022;P22-58;TPX;72;0.4;4/1;60;;;;14;68;265;275;280;285;288;52.9;50;750;1000;1375;1750;1735;1775;;140;160;145;15;18;1.15;155;2.8;21.5
13/04/2022;P22-59;TPX;72;0.4;4/1;60;;;;14;68;265;275;280;285;288;52.9;50;950;1150;1390;1750;1735;1775;;140;160;145;15;18;1.15;130;2.26;19.11
13/04/2022;P22-60;TPX;72;0.4;4/1;60;;;;12.5;68;265;275;280;285;288;52.9;50;1160;1300;1450;1750;1735;1775;;140;160;145;15;18;1.15;130;2.4;23
13/04/2022;P22-61;TPX;72;0.4;4/1;60;;;;12.5;68;275;285;285;290;288;52.9;50;1160;1300;1450;1750;1735;1775;;140;160;145;15;18;1.15;130;1.7;17
10/05/2022;P22-62;TPX;72;0.4;4/1;60;;;;15;69;270;275;285;290;300;56;50;1150;1350;1600;2100;2050;2120;;125;150;140;15;20;1.1;135;3.23;21.17
10/05/2022;P22-63;TPX;72;0.4;4/1;60;;;;14.5;69;270;275;285;290;300;53;50;1150;1350;1600;2100;2050;2120;;125;150;140;15;20;1.1;130;2.7;21.83
10/05/2022;P22-64;TPX;72;0.4;4/1;60;;;;14.5;69;270;275;285;290;300;48.3;50;1150;1350;1600;2100;2050;2120;;125;150;140;15;20;1.1;130;2.5;23.61
10/05/2022;P22-65;TPX;72;0.4;4/1;60;;;;14.5;69;270;275;285;290;300;45.8;50;1150;1350;1600;2100;2050;2120;;125;150;140;15;20;1.1;130;2.31;23.72
23/05/2022;P22-68;PA H24;;0.2;;60;;;;12;75;245;250;255;260;265;151;50;1262;1906;2105;2440;2406;2500;;75;80;;30;20;1.3;125;3.58;59.1
31/05/2022;P22-70;TPX DX350;72;0.35;4/1;60;;;;15;65;260;270;280;290;290;49.1;50;1325;1375;1600;2080;2050;2125;;135;160;150;15;20;1.1;130;3.03;20.75
31/05/2022;P22-71;TPX DX350;72;0.35;4/1;60;;;;15;65;260;270;280;290;295;49.1;50;1290;1375;1600;2080;2050;2125;;135;160;150;15;20;1.1;130;2.75;21.67
01/06/2022;P22-73;rPET + PTT;72;0.3;2/1;60;;;60;15;83;245;255;260;270;265;35;50;1950;;;2000;1985;2050;;;;;15;18;1.2;220;1.35;173
01/06/2022;P22-74;rPET + PTT;72;0.3;2/1;60;;;60;15;83;245;255;260;270;265;68.5;50;2190;;;2201;2190;2280;;;;;15;24;1;210;1.28;171
02/06/2022;P22-75;PHB 2450 mod;48;0.4;4/1;90;;;;8;50;165;170;175;185;185;5.7;50;850;;;955;970;1000;;;;;20;18;1.3;230;0.98;80
02/06/2022;P22-76;PHB 2450 mod Blanco 2%;48;0.4;4/1;90;;;;8;56;165;170;175;185;185;0;50;850;;;955;970;1000;;;;;20;18;1.3;225;0.74;85
02/06/2022;P22-77;PHB 2450 mod Azul 2%;48;0.4;4/1;90;;;;8;48;165;170;175;185;185;0;50;850;;;955;970;1000;;;;;20;18;1.3;225;0.75;74
06/06/2022;P22-79;PES + MNV;72;0.4;2/1;90;2;500-850;2;18;80;260;275;280;285;290;55;40;2250;2400;2500;2550;2500;2595;22;;;;15;20;1;210;1.55;145
06/06/2022;P22-80;PES + MNV;72;0.4;2/1;90;2;500-850;2;21;75;255;265;270;280;285;49;40;2250;2400;2500;2550;2500;2595;22;;;;15;20;1;250;1.66;157
06/06/2022;P22-81;PES + MNV;72;0.4;2/1;90;2;500-850;2;21;80;255;265;270;280;285;32;40;2250;2400;2500;2550;2500;2595;22;;;;15;20;1;250;1.16;165
07/06/2022;P22-82;PP + FR;72;0.4;4/1;90;;;;16;41.2;200;215;220;230;230;36.3;60;750;900;2100;2152;2025;2085;30;65;80;110;50;18;1.5;150;3.36;24.55
07/06/2022;P22-84;PP + FR;72;0.4;4/1;90;;;;16;40.5;200;215;220;230;230;27.1;60;800;950;2150;2200;2025;2090;10;65;80;110;60;20;1.94;150;2.27;20.44
07/06/2022;P22-85;PP + FR;72;0.4;4/1;90;;;;16;80;210;230;240;245;250;32.7;40;800;950;2150;2200;2040;2135;10;65;80;110;80;20;2.2;150;2.9;87
09/06/2022;P22-86;rPET tejidos + rPET;72;0.3;2/1;60;;;60;15;56;250;255;260;265;265;73.9;50;2190;;;2200;2191;2275;16;;;;30;22;1.3;205;1.53;149.1
09/06/2022;P22-87;rPET tejidos + rPET;72;0.3;2/1;60;;;60;15;56;250;255;260;265;265;73.9;50;2150;;;2190;2190;2275;16;;;;30;22;1.3;205;1.53;149.1
09/06/2022;P22-88;rPET tejidos + rPET;72;0.3;2/1;60;;;60;18;55;250;255;260;265;265;84;50;2890;;;2910;2905;3000;16;;;;30;24;1.3;187;1.76;111
14/06/2022;P22-90;PA;48;0.4;2/1;105;;;;23;77;240;245;250;250;250;78.1;55;3683;;;3750;3740;3860;;;;;40;24;1.25;150;4.11;64.5
14/06/2022;P22-91;PA;48;0.4;2/1;105;;;;23;64;240;245;250;250;250;70;55;3683;;;3750;3740;3860;;;;;50;18;1.25;150;3.56;62.56
14/06/2022;P22-92;PA;48;0.4;2/1;105;;;;23;60;235;240;240;245;245;87;55;3683;;;3750;3740;3860;;;;;40;18;1.5;160;3.51;69
20/06/2022;P22-93;TPC - ET LG;12;0.5;4/1;178;;;;10;30;215;220;230;240;250;81;60;700;800;2050;2180;2150;2210;;80;100;120;80;20;1.3;136;1.66;99.67
20/06/2022;P22-94;TPC - ET LG;12;0.5;4/1;178;;;;12;35;215;220;230;240;250;95;70;1250;1500;2650;2750;2450;2710;4;85;100;115;80;20;1.3;130;1.56;104
20/06/2022;P22-95;TPC - ET LG;12;0.5;4/1;178;;;;12;35;215;220;230;240;250;98;70;1300;1499;2801;3052;2739;3050;4;85;100;115;80;20;1.3;120;1.9;88.5
20/06/2022;P22-96;TPC - ET LG;12;0.5;4/1;178;;;;12;35;215;220;230;240;250;99;70;1700;1799;3000;3399;3199;3360;3;85;100;115;80;20;1.3;105;1.77;104.2
28/06/2022;P22-97;PEBAX MV 1074 SA;36;0.4;4/1;178;;;;12;29;200;210;215;220;225;92;70;1900;2000;2070;2100;2000;;;;;;80;20;2.3;190;1.66;195
04/07/2022;P22-98;A + rPET;72;0.3;2/1;60;;;60;18;56;250;255;260;260;265;107;50;2890;;;2910;2905;2990;;;;;30;24;1.3;185;2.19;105
04/07/2022;P22-99;A + rPET;72;0.3;2/1;60;;;60;16;55.5;250;255;260;260;265;97.2;50;2890;;;2910;2905;2990;;;;;30;24;1.3;165;2.09;107
05/07/2022;P22-100;A + rPET;36;0.3;2/1;90;;;;16;68;260;265;270;270;274;135;60;2890;;;2910;2905;2990;;;;;30;24;1.3;155;1.8;121.2
05/07/2022;P22-101;A + rPET;36;0.3;2/1;90;;;;16;68;260;265;270;270;274;135;60;2890;;;2900;2900;3000;;;;;30;24;1.3;155;1.8;122
07/07/2022;P22-102;A + rPET 50/50;72;0.3;2/1;90;;;;14;44;250;255;260;265;260;99.2;50;2010;;;2049;2070;;16;;;;30;22;1.3;200;1.48;146.3
07/07/2022;P22-103;A + rPET 50/50;72;0.3;2/1;90;;;;14;53;250;255;260;265;260;105;50;2308;;;2348;2318;;16;;;;30;24;1.3;175;1.63;131.8
11/07/2022;P22-104;TPX DX350;72;0.35;4/1;60;;;;15;46;260;270;280;290;295;39.2;50;1290;1375;1600;2123;2050;2120;;135;160;150;15;20;1.1;130;2.46;20.5
11/07/2022;P22-105;TPX DX350 0.5% Blanco;72;0.35;4/1;60;;;;15;46;260;270;280;290;295;39.2;50;1290;1375;1600;2123;2050;2120;;135;160;150;15;20;1.1;130;2.2;22
11/07/2022;P22-107;TPX DX350 0.66% Negro;72;0.35;4/1;60;;;;15;41;260;270;280;290;295;29;50;1450;1600;1784;2118;2050;2120;;135;160;150;15;20;1.1;130;2.2;21
13/07/2022;P22-108;ADUANITE S3001;72;0.35;4/1;178;;;;21;41;250;265;265;270;265;64.4;65;850;1030;2550;2950;2850;2940;;70;80;100;45;20;1.3;205;2.76;23.94
13/07/2022;P22-109;ADUANITE S3001;72;0.35;4/1;178;;;;21;40.5;240;250;260;260;265;79.5;65;850;1030;2575;2980;2850;2945;;70;85;100;45;18;1.3;205;3.02;26.17
13/07/2022;P22-110;ADUANITE S3001;72;0.35;4/1;178;;;;21;39;240;250;260;260;265;91.6;65;900;1100;2700;2975;2850;2945;;75;89;100;45;18;1.3;205;3.02;27.8
13/07/2022;P22-111;ADUANITE S3001;72;0.35;4/1;178;;;;21;43;255;260;265;270;270;76.5;65;900;1100;2700;2975;2850;2945;;75;89;100;45;18;1.3;200;2.74;32.2
18/07/2022;P22-112;ADUANITE S3001;72;0.35;4/1;178;;;;21;44;255;260;265;270;270;82.7;65;900;1100;2700;2975;2850;2940;;70;80;100;45;18;1.3;195;3.1;35.22
21/07/2022;P22-113;ZK6HF;48;0.4;4/1;178;;;;16;24;250;260;265;270;280;120;75;1981;1100;1499;1991;1991;2055;20;;;;15;22;;200;1.05;20.56
21/07/2022;P22-114;ZK6HF;48;0.4;4/1;178;;;;15;24;250;260;265;270;280;103;75;2494;1100;1499;2499;2499;2585;20;;;;15;22;;150;1.13;17.5
21/07/2022;P22-115;ZK6HF;48;0.4;4/1;178;;;;15;24;250;270;275;280;290;88;75;1448;1600;1751;2010;1951;2025;20;90;130;120;25;20;;180;0.95;12
26/07/2022;P22-116;ZK6HF ;72;0.6;4/1;178;;;;15;21;255;260;265;270;290;0.7;22;1981;;;1991;1991;2055;23;;;;15;22;1.5;185;1.11;19
27/07/2022;P22-117;20180 rPETD/rPET;48;0.3;2/1;90;;;;24;51;260;265;270;270;275;37.2;50;2690;;;2710;2710;2800;;;;;50;20;;270;1.6;133
27/07/2022;P22-118;20180 rPETD/rPET;48;0.3;2/1;90;;;;22;51;260;265;270;270;275;33.5;50;2690;;;2710;2710;2800;;;;;30;20;;240;1.81;142
27/07/2022;P22-119;20180 rPETD/rPET;48;0.3;2/1;90;;;;20;51;260;265;270;270;275;49.6;50;2500;;;2520;2514;2600;;;;;30;20;;240;1.62;149
07/09/2022;P22-120;rPET DEC + rPET;36;0.3;2/1;90;4;355-500;2;20;47;260;;;;280;131;60;2950;;;3000;3000;3100;36;;;;50;20;1.3;200;1.71;139.2
07/09/2022;P22-121;rPET DEC + rPET;36;0.3;2/1;90;4;355-500;2;20;48;260;;;;280;146.8;60;2880;;;2900;2900;3000;24;;;;30;20;1.3;205;1.76;146.5
07/09/2022;P22-122;rPET DEC + rPET;36;0.3;2/1;90;4;355-500;2;14;43.7;260;;;;280;113.4;60;2880;;;2900;2900;3000;18;;;;30;20;1.3;140;1.7;136.3
07/09/2022;P22-123;rPET DEC + rPET;36;0.3;2/1;90;4;355-500;2;13;42;260;;;;280;95;60;2880;;;2900;2900;3000;18;;;;30;10;1.15;130;1.76;140.8
07/09/2022;P22-124;rPET DEC + rPET;36;0.3;2/1;90;4;355-500;2;8.5;38;260;;;;280;64;60;2880;;;2900;2900;3000;18;;;;30;10;1.15;90;1.67;119.7
08/09/2022;P22-125;rPET DEC + rPET (50%/50%);36;0.3;2/1;90;4;355-500;2;12;30;250;260;265;265;260;96;60;2866;;;2900;2900;3000;;;;;50;20;1.8;120;1.34;143
28/09/2022;P22-126;PHB DANIMER;96;0.3;2/1;30;1;355-500;2;14;26;165;180;190;195;195;98;70;1301;1424;1850;2025;1976;2040;25;44;75;72;30;16;1.3;180;1.7;24
28/09/2022;P22-128;PHB DANIMER;96;0.3;2/1;30;1;355-500;2;19.5;28;165;180;190;200;200;106;70;2100;2224;2700;2827;2763;2840;15;45;80;72;30;18;1.3;180;1.55;32
06/10/2022;P22-129;ZK5HF PMMA;48;0.4;4/1;90;;;;14;25;255;260;270;280;280;57;75;1976;;;2000;1995;2055;18;;;;25;19;1.36;180;0.95;24.4
06/10/2022;P22-130;ZK5HF PMMA;48;0.4;4/1;90;;;;17;29;255;260;270;275;278;63;75;2485;;;2499;2494;2575;17;;;;25;16;1.4;180;1.05;24
06/10/2022;P22-131;ZK6HF PMMA;48;0.4;4/1;90;;;;17;42;260;270;275;275;280;39.7;75;2485;;;2499;2795;2575;17;;;;25;16;1.35;178;1;21
11/10/2022;P22-132;PP + 07%Amarillo + 2%UV 792930;72;0.4;4/1;60;;;;16;37;220;230;240;245;260;43.5;60;802;949;1951;2201;2083;2180;19;65;80;120;80;16;2.1;140;3.23;77.33
11/10/2022;P22-133;PP + 07%Amarillo + 2%UV 792930;72;0.4;4/1;60;;;;16;37;220;230;240;245;260;43.5;60;602;749;1951;2201;2093;2180;19;65;80;120;80;16;2.1;140;3.44;67.44
11/10/2022;P22-134;PP + 07%Amarillo + 2%UV 792930 + 4%FR LXR935;72;0.4;4/1;60;;;;16;40;220;230;240;245;260;40.2;60;602;749;1951;2201;2083;2165;19;65;80;120;80;16;2.1;140;3.52;63.89
11/10/2022;P22-135;PP + 07%Rojo + 2%UV 792930;72;0.4;4/1;60;;;;16.5;36;220;230;240;245;260;56;60;602;749;1951;2201;2083;2165;19;65;80;120;80;16;2.1;140;3.27;54.4
11/10/2022;P22-136;PP + 07%Rojo + 2%UV 792930 + 4% FR LXR935;72;0.4;4/1;60;;;;16.5;55;220;230;240;245;260;50;60;602;749;1951;2201;2083;2165;19;65;80;120;80;16;2.1;140;3.37;76.4
17/10/2022;P22-137;rPET + 2% Amarillo;72;0.3;2/1;178;2;355-500;2;22;62;275;285;285;295;295;145;60;699;749;1350;2429;2499;2580;;90;100;130;85;16;1.4;250;2.6;30
17/10/2022;P22-138;rPET + 2% Amarillo;72;0.3;2/1;178;2;355-500;2;22;62;275;285;285;295;295;140;60;699;749;1500;2753;2665;2760;;90;100;130;85;16;1.4;250;3;26
08/11/2022;P22-139;rPET;72;0.3;2/1;90;3;355-500;2;14;44;265;275;280;285;390;110.3;70;2690;;;2710;2730;2800;;;;;30;18;1.3;145;2.3;104
08/11/2022;P22-140;rPET;72;0.3;2/1;90;3;355-500;2;13;49;265;275;280;285;390;100.8;70;2690;;;2710;2730;2800;;;;;30;18;1.3;137;2.4;120
08/11/2022;P22-141;rPET;72;0.3;2/1;90;3;355-500;2;12.5;62;270;280;285;290;390;98;70;2690;;;2710;2730;2800;;;;;30;18;1.3;135;2.35;115
16/11/2022;P22-142;rPET Batch 1;72;0.3;2/1;60;3;355-500;2;14;58;270;275;285;290;295;114.4;70;2700;;;2720;2735;2800;;;;;30;20;1.3;150;2.62;114.8
16/11/2022;P22-143;rPET Batch 1;72;0.3;2/1;60;3;355-500;2;12;58.4;270;275;285;290;295;99.2;70;2700;;;2720;2735;2800;;;;;30;20;1.3;130;2.59;115
21/11/2022;P22-144;TPE + 10% Plastificante;48;0.4;4/1;90;;;;14;33;190;195;200;205;210;28;70;2401;;;2401;2436;2520;;;;;40;23;1.3;170;0.64;130
21/11/2022;P22-145;TPE + 10% Plastificante;48;0.4;4/1;90;;;;14;33;190;195;200;205;210;28;70;2700;;;2724;2749;2850;;;;;80;25;1.8;150;0.7;114.8
29/11/2022;P22-146;rPET DECATHLON;36;0.3;2/1;90;4;355-500;2;14;54;250;260;265;265;260;171;60;2866;;;2900;2900;3000;;;;;40;20;1.5;135;1.6;118.8
30/11/2022;P22-147;rPET 50/50;36;0.3;2/1;90;3;355-500;2;14;62;260;265;270;270;270;91.8;60;2866;;;2900;2900;3000;;;;;60;20;1.55;140;1.45;130.8
30/11/2022;P22-148;rPET 50/50;36;0.3;2/1;90;3;355-500;2;13.5;61;260;265;270;270;272;86.5;60;2866;;;2900;2900;3000;;;;;60;20;1.55;135;1.45;133.9
30/11/2022;P22-149;rPET 50/50;36;0.3;2/1;90;3;355-500;2;13;67;260;265;270;270;272;80.8;60;2866;;;2900;2900;3000;;;;;60;20;1.55;130;1.49;140
12/12/2022;P22-150;100% NEGOMBO SIN COLOR;72;0.3;2/1;60;;;;15;70;250;260;260;265;270;46.2;60;2866;;;2900;2900;3000;20;;;;60;20;1.3;150;1.72;104
19/12/2022;P22-151;PEF 75:25 (0560:0491);48;0.4;2/1;90;6;355-500;178;25;50;240;250;255;260;265;200;50;2886;;;2910;2895;2990;21;;;;40;15;1.5;270;2.2;143.4
19/12/2022;P22-152;PEF 75:25 (0560:0491);48;0.4;2/1;90;6;355-500;178;26.5;50;240;250;255;260;265;222;50;2886;;;2910;2895;2990;21;;;;40;15;1.5;295;2.15;142
19/12/2022;P22-153;PEF 75:25 (0560:0491);48;0.4;2/1;90;6;355-500;178;30.5;52;240;250;255;265;270;217;50;3390;;;3414;3405;3500;21;;;;50;16;1.6;290;2.31;131.4
19/12/2022;P22-154;PEF 75:25 (0560:0491);48;0.4;2/1;90;6;355-500;178;35;36;240;250;255;270;275;201;50;3890;;;3895;3885;4000;21;;;;70;16;1.6;295;2.31;108.3
20/12/2022;P22-155;PEF 75:25 (0560:0491);48;0.4;2/1;90;2;355-500;178;17;40.8;240;250;255;260;260;170;50;3903;;;3898;3883;4000;12;;;;50;16;1.6;135;2.87;97
20/12/2022;P22-156;PEF 75:25 (0560:0491);48;0.4;2/1;90;2;355-500;178;13.6;38;240;250;255;260;260;170;50;3395;;;3898;3399;3500;12;;;;50;16;1.6;125;2.54;83.5
20/12/2022;P22-157;PEF 75:25 (0560:0491);48;0.4;2/1;90;2;355-500;178;13.6;35;240;250;255;260;260;153;50;3395;;;3898;3399;3500;12;;;;50;16;1.6;120;2.43;93.2
21/12/2022;P22-158;PET + PEF;48;0.4;2/1;90;1;355-500;;13;32;270;280;285;285;290;230;80;3230;650;1750;2152;2005;2070;17;120;130;140;40;10;1.6;200;3.03;38.4
21/12/2022;P22-159;PET + PEF;48;0.4;2/1;90;1;355-500;;12;45;270;275;280;285;285;230;80;2900;650;1750;2910;2895;2995;13;120;130;140;50;15;1.6;125;2.85;86.2
21/12/2022;P22-160;PET + PEF;48;0.4;2/1;90;1;355-500;;12;45;275;285;290;290;290;230;80;2900;650;1750;2910;2895;2995;13;120;130;140;50;15;1.6;125;3.08;94.44
21/12/2022;P22-161;PET + PEF;48;0.4;2/1;90;1;355-500;;13;35;275;285;290;290;290;230;80;2900;650;1750;2910;2895;2995;13;120;130;140;50;15;1.6;135;2.9;93.5
29/12/2022;P22-162;30/70 (Color/rPET);36;0.3;2/1;90;3;355-500;178;13;61;268;273;280;275;278;76;60;2876;;;2900;2900;3005;;;;;30;16;1.5;130;1.64;141.3
17/01/2023;P23-02;PES SEMI-MAT;48;0.3;2/1;60;4;355-500;2;20;62;280;290;295;295;295;267;60;3000;;;3008;3003;3100;;;;;40;30;1.1;190;2.32;132.1
17/01/2023;P23-03;PES GRAFENO 5000 ppm;48;0.3;2/1;60;4;355-500;2;20;55;280;290;295;295;295;344;60;3000;;;3008;3003;3100;;;;;40;30;1.1;190;2.44;120.7
17/01/2023;P23-04;PES GRAFENO 10000 ppm;48;0.3;2/1;60;4;355-500;2;20;71;265;270;275;280;285;201;60;3000;;;3008;3003;3100;;;;;40;30;1.1;195;1.94;128.2
18/01/2023;P23-05;PE PURELL GA7760 + 4% Aditivo;72;0.4;4/1;105;2;500-850;2;28;44;200;200;200;200;205;347;60;500;720;1000;1100;1052;1050;2;60;40;;80;30;2.1;170;0.41;292.8
18/01/2023;P23-06;PE PURELL GA7760 + 4% Aditivo;72;0.4;4/1;105;2;500-850;2;33;44;200;200;200;200;205;347;60;500;720;1000;1100;1052;1050;2;60;40;;80;30;2.1;460;0.71;371
18/01/2023;P23-07;PE PURELL GA7760 + 4% Aditivo;72;0.6;4/1;105;2;500-850;2;42;57;200;200;200;200;205;336;60;550;800;1900;2200;2150;2180;2;60;50;50;100;30;2.1;415;1.47;147
18/01/2023;P23-08;PE PURELL GA7760 + 4% Aditivo;72;0.6;4/1;105;2;500-850;2;42;57;200;200;200;200;205;343;60;550;800;1900;2171;2150;2085;2;40;40;50;100;30;2.1;415;1.57;180.3
18/01/2023;P23-09;PE PURELL GA7760 + 4% Aditivo;72;0.6;4/1;105;2;500-850;2;42;57;200;200;200;200;205;343;60;550;800;1900;2171;1981;2045;22;40;40;50;100;30;2.1;415;1.51;170.3
18/01/2023;P23-10;PE PURELL GA7760 + 4% Aditivo;72;0.6;4/1;105;2;500-850;2;42;57;200;200;200;200;205;343;60;550;800;1900;2171;1981;2045;22;40;40;35;100;30;2.1;415;1.46;176
18/01/2023;P23-11;PE PURELL GA7760 + 4% Aditivo;72;0.6;4/1;105;2;500-850;2;42;57;200;200;200;200;205;343;60;550;800;1900;2171;1981;2045;22;40;40;70;100;30;2.1;415;1.28;192.3
18/01/2023;P23-12;PE PURELL GA7760 + 4% Aditivo;72;0.6;4/1;105;2;500-850;2;42;59;200;200;200;200;205;245;60;550;800;2350;2600;2350;2430;17;40;40;70;100;30;2.1;320;1.88;120
02/02/2023;P23-15;NEGOMBO WHITE 30% + rPET 70%;36;0.3;2/1;90;3;500-850;178;13;45;270;275;280;275;280;203;60;2876;;;2925;2930;3031;;;;;40;16;1.5;130;2.08;115
02/02/2023;P23-16;NEGOMBO WHITE 30% + rPET 70%;36;0.3;2/1;90;3;500-850;178;13;45;275;278;280;285;285;167;60;2876;;;2949;2974;3045;;;;;40;16;1.5;130;2.02;130
07/02/2023;P23-18;BATCH 2;36;0.3;2/1;90;3;355-500;2;14;40;275;280;290;295;298;200;75;2949;;;2978;2964;3065;20;;;;40;16;1.5;140;2.15;129
07/02/2023;P23-19;BATCH 2;36;0.3;2/1;90;3;355-500;2;13;40;275;280;290;295;298;200;75;2949;;;2978;2964;3065;20;;;;40;16;1.5;125;2.2;130
07/02/2023;P23-20;BATCH 2;36;0.3;2/1;90;3;355-500;2;13.5;40;275;280;290;290;295;207;75;2955;;;2978;2960;3070;12;;;;40;16;1.5;130;2.11;130
08/02/2023;P23-21;BATCH 2;72;0.3;2/1;90;1;355-500;2;13.5;46;280;290;295;295;305;139;95;2954;;;2970;2960;3068;16;;;;40;20;1.35;135;2.22;126
08/02/2023;P23-22;BATCH 2;72;0.3;2/1;90;1;355-500;2;13.2;45;280;290;295;300;305;130;95;2954;;;2970;2960;3068;16;;;;40;20;1.35;130;2.15;126
08/02/2023;P23-23;BATCH 2;72;0.3;2/1;90;1;355-500;2;13;46;280;290;295;300;300;139;95;2880;;;2915;2900;3000;18;;;;40;20;1.3;130;2.3;130
08/02/2023;P23-24;BATCH 2;72;0.3;2/1;90;1;355-500;2;13;46;280;290;295;300;300;139;95;2900;;;2930;2895;3000;18;;;;30;20;1.3;130;2.3;133
09/02/2023;P23-26;TPX DX350;48;0.4;4/1;60;;;;10;51;275;285;290;290;285;47;80;1600;1650;1960;2350;2250;2330;;135;160;140;30;15;1.4;85;2;20
09/02/2023;P23-27;TPX DX350;48;0.4;4/1;60;;;;10.21;53;275;285;290;290;285;37;80;1600;1650;1960;2350;2250;2330;;135;160;140;30;15;1.4;88;2.05;22
09/02/2023;P23-28;TPX DX350;48;0.4;4/1;60;;;;9.5;51;275;285;290;290;285;42;80;920;1070;1638;2108;2044;2120;;135;160;140;30;12;1.4;88;3.54;25.7
09/02/2023;P23-29;TPX DX350;48;0.4;4/1;60;;;;9.5;51;275;285;290;290;285;42;80;950;1100;1670;2108;2044;2124;13;135;160;140;30;12;1.4;90;3.3;25.7
09/02/2023;P23-30;TPX DX350;48;0.4;4/1;60;;;;9.5;51;275;285;290;290;285;42;80;960;1100;1680;2108;2044;2124;13;135;160;140;30;12;1.4;90;3.37;26.4
01/03/2023;P23-32;NEGOMBO BLACK 30% + rPET 70%;72;0.3;2/1;90;3;355-500;178;13;46;268;273;280;275;278;32;60;2851;;;2861;2861;;;;;;20;16;1.5;130;1.78;138.5
01/03/2023;P23-33;NEGOMBO BLACK 30% + rPET 70%;72;0.3;2/1;90;3;355-500;178;13;46;268;273;280;275;278;29;60;3101;;;3125;3125;3230;;;;;30;16;1.5;123;1.72;123
01/03/2023;P23-34;NEGOMBO BLACK 30% + rPET 70%;72;0.3;2/1;90;3;355-500;178;14;53;270;275;283;278;278;29;60;2875;;;2940;2940;3040;;;;;30;16;1.5;130;1.78;132
02/03/2023;P23-36;rPET;72;0.4;2/1;90;3;355-500;2;24;45;285;295;300;300;297;251;120;3037;;;3057;3027;3130;;;;;50;25;;230;2.78;120
02/03/2023;P23-37;rPET;72;0.4;2/1;90;3;355-500;2;22;43;285;295;300;300;297;243;100;3037;;;3057;3027;3130;;;;;50;24;;210;2.43;105
14/03/2023;P23-38;TPX 350;48;0.4;4/1;60;2;355-500;2;11;65;275;285;290;290;286;32;120;1599;1799;2125;2612;2543;2650;;150;160;140;30;20;1.4;85;1.8;20
14/03/2023;P23-39;TPX 350;48;0.4;4/1;60;2;355-500;2;11.2;65;275;285;290;290;286;32;120;1599;1799;2125;2612;2543;2650;;150;160;140;30;20;1.4;85;2.25;22
14/03/2023;P23-40;TPX 350;48;0.4;4/1;60;2;355-500;2;12;92.6;275;285;290;290;286;32;120;1648;1826;2215;2675;2602;2700;;150;160;140;30;20;1.4;88;2.23;23.6
14/03/2023;P23-41;TPX 350;48;0.4;4/1;60;2;355-500;2;9.5;87;275;285;290;290;288;17.1;120;980;1124;1695;2108;2045;2134;;160;160;150;15;18;1.4;91;3.42;27.5
14/03/2023;P23-42;TPX 350;48;0.4;4/1;60;2;355-500;2;9.5;87;275;285;290;290;288;17.1;120;990;1140;1700;2108;2045;2134;;160;160;150;30;18;1.4;90;3.48;28.2
14/03/2023;P23-43;TPX 350;48;0.4;4/1;60;2;355-500;2;9.4;82;275;285;290;290;285;23;120;890;1050;1650;2020;1945;2035;;160;165;150;30;16;1.4;90;3.44;28.9
14/03/2023;P23-44;TPX 350;48;0.4;4/1;60;2;355-500;2;9.5;82;275;285;290;290;285;23;120;1800;1920;1970;2220;1985;2075;;160;165;150;30;16;1.4;88;1.4;25
16/03/2023;P23-45;LLDPE ASPUN (RESINEX);72;0.6;4/1;105;;;;26;70;250;260;265;265;265;70;95;323;476;601;724;709;740;;55;60;70;70;15;2.05;685;0.36;445
16/03/2023;P23-46;LLDPE ASPUN (RESINEX);72;0.6;4/1;105;;;;30;53;215;220;225;225;225;145;120;641;670;2350;2602;2274;2370;;50;50;72;85;25;2.3;240;1.72;250
16/03/2023;P23-47;LLDPE ASPUN (RESINEX);72;0.6;4/1;105;;;;30;53;215;220;225;225;225;145;120;650;670;2350;2700;2375;2475;;50;50;72;85;25;2.3;230;1.84;234
16/03/2023;P23-48;LLDPE ASPUN (RESINEX);72;0.6;4/1;105;;;;30;53;215;220;225;225;225;145;120;650;670;2710;3000;2800;2900;;50;50;72;85;25;2.3;195;2.1;156
16/03/2023;P23-49;LLDPE ASPUN (RESINEX);72;0.6;4/1;105;;;;22;53;215;220;225;225;225;190;140;650;699;2200;2500;2450;2520;;50;62;77;5;20;2.3;170;1.81;196
06/04/2023;P23-50;TPX 350;48;0.4;4/1;60;2;355-500;178;15;88;275;285;290;290;285;50;120;1648;1826;2215;2675;2577;2680;;158;185;150;30;20;1.4;110;2.26;22.17
06/04/2023;P23-51;TPX 350;48;0.4;4/1;60;2;355-500;178;17.4;89;275;285;290;290;285;65.3;120;1648;1826;2215;2675;2577;2680;;158;185;150;30;20;1.4;131;2.14;23.11
26/04/2023;P23-52;PLA + 0.1 Silano;48;0.4;2/1;60;1;355-500;178;11;50;210;215;220;225;225;0;40;850;900;1800;2050;2050;2109;;70;100;131;30;18;1.35;160;1.12;32.6
26/04/2023;P23-53;PLA + 0.1 Silano;48;0.4;2/1;60;1;355-500;178;13;55;210;215;220;225;225;0;40;850;900;1300;2350;2500;2573;;70;100;131;30;18;1.35;150;1.92;37.7
04/05/2023;P23-54;rPET;72;0.3;2/1;90;1;355-500;178;13;79;280;285;290;290;290;104.4;70;2900;;;2915;2895;3000;14;;;;30;20;1.3;130;2.45;111.22
04/05/2023;P23-55;rPET;72;0.3;2/1;90;1;355-500;178;13;79;280;288;292;295;295;104.2;105;2810;;;2817;2793;2920;14;;;;30;18;1.3;133;2.58;124.42
23/05/2023;P23-58;PLA;72;0.3;2/1;90;2;355-500;2;28.8;48;98.3;80;225;230;240;245;240;2950;;;3100;3100;3080;;;;;40;20;1.5;260;2.1;65.67
23/05/2023;P23-59;PLA;72;0.3;2/1;90;2;355-500;2;28;51;100;80;230;235;245;250;240;3050;;;3080;3062;3172;;;;;40;18;1.5;240;2.32;71.17
23/05/2023;P23-60;PLA;72;0.3;2/1;90;2;355-500;2;23;48.5;83.1;80;230;235;245;250;240;2700;;;2719;2705;2800;;;;;40;18;1.5;230;2;78
23/05/2023;P23-61;PLA;72;0.3;2/1;90;2;355-500;2;23.5;47;82.2;80;230;235;245;250;240;2600;;;2620;2605;2700;;;;;40;18;1.5;235;2.05;84.4
23/05/2023;P23-62;PLA;72;0.3;2/1;90;2;355-500;2;24.5;48;83.6;80;230;235;245;250;240;2600;;;2620;2605;2700;;;;;40;18;1.5;250;1.94;78.4
23/05/2023;P23-63;PLA;72;0.3;2/1;90;2;355-500;2;21;45;76;80;230;235;245;250;240;2600;;;2625;2615;2700;;;;;40;18;1.5;210;2.11;85.3
24/05/2023;P23-64;PHB DAN 04493;48;0.4;4/1;90;4;355-500;178;12;20;90;50;165;170;175;180;185;1500;;;1800;1950;2000;;;;;30;20;1.4;165;1.28;55.6
24/05/2023;P23-65;PHB DAN 04493;48;0.4;4/1;90;4;355-500;178;15;22;188;50;165;170;175;180;185;2100;;;2150;2123;2000;;;;;40;20;1.55;200;0.93;58.4
24/05/2023;P23-66;PHB DAN 04493;48;0.4;4/1;90;4;355-500;178;14;21;162;50;165;170;175;180;185;2100;;;2150;2142;2000;;;;;35;20;1.55;180;0.8;43.3
24/05/2023;P23-67;PHB DAN 04493;48;0.4;4/1;90;4;355-500;178;13.5;20;156;50;165;170;175;180;185;2130;;;2150;2132;2222;;;;;20;16;1.4;165;1;47.5
24/05/2023;P23-68;PHB DAN 04493;48;0.4;4/1;90;4;355-500;178;13.5;20;156;50;165;170;175;180;185;2130;;;2150;2132;2222;;;;;10;16;1.4;165;1.01;43
24/05/2023;P23-69;PHB DAN 04493;48;0.4;4/1;90;4;355-500;178;13.5;20;156;50;165;170;175;180;185;2130;;;2150;2132;2222;;;;;13;16;1.4;165;0.73;36
24/05/2023;P23-70;PHB DAN 04493;48;0.4;4/1;90;4;355-500;178;12;23;102;50;170;175;180;185;190;1500;;;1800;1950;2000;;;;;20;20;1.4;178;1.4;51
24/05/2023;P23-71;PHB DAN 04493;48;0.4;4/1;90;4;355-500;178;12;23;66;50;170;175;180;185;190;1400;;;1800;1950;2000;;;;;20;20;1.4;170;1.38;46
24/05/2023;P23-72;PHB DAN 04493;48;0.4;4/1;90;4;355-500;178;11.5;23;40;50;170;175;180;185;190;1400;;;1800;1950;2000;;;;;20;20;1.4;160;1.49;46
24/05/2023;P23-73;PHB DAN 04493;48;0.4;4/1;90;4;355-500;178;11.7;24;44;50;170;175;185;190;195;1350;1425;1850;1930;1995;2075;;40;60;70;20;20;1.4;168;1.36;38
24/05/2023;P23-75;PHB DAN 04493;48;0.4;4/1;90;4;355-500;178;11.7;24;56;50;170;175;185;190;195;1700;1850;2150;2350;2450;2540;;50;65;75;20;20;1.4;141;1.4;30
24/05/2023;P23-76;PHB DAN 04493;48;0.4;4/1;90;4;355-500;178;11.2;25;19.5;50;173;178;188;198;198;1400;;;1800;1950;2000;;;;;20;20;1.4;168;1.16;48
24/05/2023;P23-77;PHB DAN 04493;48;0.4;4/1;90;4;355-500;178;11.5;26;19.5;50;173;178;188;198;198;1350;;;2000;2040;2000;;;;;20;20;1.4;166;1.2;40
24/05/2023;P23-78;PHB DAN 04493;48;0.4;4/1;90;4;355-500;178;11.5;26;36;50;170;175;185;190;195;1400;;;1980;2040;2060;;;;;20;20;1.4;170;1.27;43
24/05/2023;P23-79;PHB DAN 04493;48;0.4;4/1;90;4;355-500;178;11.5;23;32;50;170;175;185;190;195;1400;;;1800;1950;2000;;;;;20;20;1.4;165;1.3;40
24/05/2023;P23-80;PHB DAN 04493;48;0.4;4/1;90;4;355-500;178;11.5;23;54;50;170;175;180;185;195;1400;;;1800;1950;2000;;;;;20;20;1.4;167;1.24;41
24/05/2023;P23-82;PHB DAN 04493;48;0.4;4/1;90;4;355-500;178;11.5;23;35.8;50;170;175;180;185;195;1400;;;1800;1950;2000;;;;;30;25;1.4;174;1.3;42
30/05/2023;P23-83;rPET 30/70;72;0.25;2/1;60;3;355-500;2;18;85;42.2;70;262;270;275;275;280;2401;;;2421;2401;2490;15;;;;30;18;1.5;220;1.46;205
30/05/2023;P23-84;rPET 30/70;72;0.25;2/1;60;3;355-500;2;18;85;42.2;70;262;270;275;275;275;2401;;;2421;2401;2490;15;;;;30;18;1.5;225;1.47;201
30/05/2023;P23-85;rPET 30/70;72;0.25;2/1;60;3;355-500;2;19.4;85;52;70;262;270;275;275;275;2600;;;2621;2605;2695;15;;;;30;18;1.5;219;1.47;183.92
30/05/2023;P23-86;rPET 30/70;72;0.25;2/1;60;3;355-500;2;20;85;55.5;70;262;270;275;275;275;2800;;;2821;2800;2895;15;;;;50;20;1.5;205;1.66;167
30/05/2023;P23-87;rPET 30/70;72;0.25;2/1;60;3;355-500;2;19.2;80;57.3;70;260;270;275;275;275;2600;;;2617;2602;2695;15;;;;30;20;1.5;215;1.58;177.36
30/05/2023;P23-88;rPET 30/70;72;0.25;2/1;60;3;355-500;2;19.2;80;57.3;70;260;270;275;275;275;2600;;;2617;2602;2695;15;;;;40;20;1.5;210;1.61;186.5
30/05/2023;P23-89;rPET 30/70;72;0.25;2/1;60;3;355-500;2;19.2;80;57.3;70;260;270;275;275;275;2600;;;2617;2602;2695;15;;;;20;20;1.5;210;1.68;188.63
31/05/2023;P23-90;rPET;72;0.3;2/1;60;3;355-500;2;14.8;48;88.6;70;275;280;285;290;290;768;821;1374;2514;2485;2555;;89;97;115;40;18;1.3;175;3.45;37.61
31/05/2023;P23-91;rPET;72;0.3;2/1;60;3;355-500;2;12.6;54;75.4;50;285;295;300;295;295;768;821;1374;2514;2485;2555;;88;130;140;40;18;1.3;150;3.5;38
31/05/2023;P23-92;rPET;72;0.3;2/1;60;3;355-500;2;12.6;56;49.2;50;285;295;295;290;290;792;818;1375;2485;2455;2530;;88;130;140;40;18;1.3;150;3.4;24
31/05/2023;P23-93;rPET;72;0.3;2/1;60;3;355-500;2;12.6;53;70.8;50;285;300;300;295;290;792;818;1404;2504;2445;2520;;88;130;140;40;18;1.3;150;3.27;27.53
07/06/2023;P23-94;PLA + 0.1 Silano;48;0.4;2/1;60;1;355-500;178;13;80;0;45;225;225;225;230;230;851;975;1451;2450;2450;2520;14;80;110;95;35;18;1.2;152;1.27;35.78
07/06/2023;P23-95;PLA + 0.1 Silano;48;0.4;2/1;60;1;355-500;178;13;73;0;40;225;225;225;230;230;900;1026;1799;2626;2651;2730;15;78;95;96;15;18;1.2;147;1.62;35.87
20/06/2023;P23-105;rPET;72;0.3;2/1;90;1;355-500;2;13;60;70;105;280;288;292;295;295;2773;;;2817;2802;;;;;;25;18;1.5;135;2.43;128
20/06/2023;P23-106;rPET;72;0.3;2/1;90;1;355-500;2;11.9;60;76;105;280;288;292;295;295;2773;;;2783;2778;2885;15;;;;35;15;1.3;128;2.47;136.75
20/06/2023;P23-107;rPET;72;0.2;2/1;90;1;355-500;2;11.9;59;100.6;105;280;288;292;295;295;2773;;;2783;2778;2885;15;;;;35;15;1.3;128;2.42;136.32
20/06/2023;P23-108;rPET;72;0.3;2/1;90;4;355-500;2;11.9;59;87.5;125;280;288;292;295;295;2773;;;2783;2778;2885;15;;;;30;15;1.3;129;2.4;137
03/07/2023;P23-109;COPET;72;0.25;2/1;60;;;2;14;28;168.7;70;230;235;240;240;240;2201;;;2230;2220;2300;21;;;;35;15;1.05;190;1.32;172
03/07/2023;P23-110;COPET;72;0.25;2/1;60;;;2;14;30;162;70;230;235;240;240;240;2400;;;2430;2420;2500;21;;;;35;15;1.05;170;1.43;166.42
03/07/2023;P23-111;COPET;72;0.25;2/1;60;;;2;14;28;172;70;230;235;240;240;240;2900;;;2930;2920;3010;10;;;;35;18;1.05;145;1.85;133.58
03/07/2023;P23-112;COPET;72;0.25;2/1;60;;;2;24;42;373;70;230;235;240;240;240;2900;;;2930;2920;3010;18;;;;35;18;1.4;230;1.91;146.08
03/07/2023;P23-113;COPET;72;0.25;2/1;60;7;355-500;2;33;72;267;70;230;235;240;240;240;2900;;;2930;2920;3010;18;;;;35;18;1.6;328;1.69;158
03/07/2023;P23-113;COPET;72;0.3;2/1;90;7;355-500;2;43;84;389;70;230;235;240;240;240;2900;;;2930;2920;3010;18;;;;35;18;1.6;429;1.65;160
05/07/2023;P23-116;PP + 0.25% ROSA BENGALA;48;4;4/1;;;;;20;48;63;93;235;245;250;255;260;650;750;1550;2150;2015;2075;;55;65;75;40;18;2.1;200;4.03;98.16
11/07/2023;P23-118;PS 454N;48;0.4;4/1;90;;;;22;50;112.6;106;250;260;265;265;265;1650;1750;1950;2000;1970;2040;22;60;70;100;50;24;1.7;257;0.97;26.98
11/07/2023;P23-119;PS 454N;48;0.4;4/1;90;;;;22;50;109;103;250;260;265;265;265;1986;1750;1950;2000;1981;2045;22;60;70;100;40;20;2;257;0.76;34.3
12/07/2023;P23-120;ADVANITE 53001;72;0.35;4/1;178;;;;21;44;135.3;115.7;255;260;265;270;270;900;1100;2700;2975;2850;2940;;70;80;100;45;18;1.3;207;2.68;42.58
12/07/2023;P23-121;ADVANITE 53001;72;0.35;4/1;178;;;;20;40;148;90;255;260;265;270;270;900;1100;2700;2975;2850;2955;;76;80;100;30;18;1.3;190;2.84;35.42
12/07/2023;P23-122;ADVANITE 53001;72;0.35;4/1;178;;;;20.5;40;136;90;255;265;240;275;275;1050;1100;2780;3000;2850;2955;;76;80;100;45;18;1.3;200;1.7;26
12/07/2023;P23-123;ADVANITE 53001;72;0.35;4/1;178;;;;20;40;134.8;89.1;255;265;240;275;275;1050;1100;2780;3000;2850;2955;17;76;80;100;45;18;1.3;192;2.77;46.11
12/07/2023;P23-124;ADVANITE 53001;72;0.35;4/1;178;;;;20;40;134.8;89.1;255;265;240;275;275;900;950;2780;3000;2850;2953;18;76;80;100;45;18;1.3;192;3.11;37.02
13/07/2023;P23-125;CORE - TPE;36;0.5;4/1;90;;;;10.5;26;72;90;195;200;205;210;235;352;449;500;548;548;565;;;;;70;16;2.2;685;0.45;458
17/07/2023;P23-127;rPET;72;0.3;2/1;90;1;355-500;2;11.9;50;102;121;280;288;292;295;295;2773;;;2783;2778;2885;;;;;25;18;1.3;131;2.43;129
17/07/2023;P23-129;rPET;72;0.3;2/1;90;1;355-500;2;11.9;38;76;60;280;283;287;290;290;2250;;;2264;2250;2325;;;;;45;12;1.4;150;2.37;148
17/07/2023;P23-130;rPET;72;0.3;2/1;90;1;355-500;2;11;35;70;60;280;283;287;290;290;2250;;;2264;2250;2325;;;;;45;12;1.4;140;2.33;145
17/07/2023;P23-131;rPET;72;0.3;2/1;90;1;355-500;2;10;35;62;60;280;283;287;290;290;2250;;;2264;2250;2325;;;;;45;12;1.4;130;2.27;140
17/07/2023;P23-132;rPET;72;0.3;2/1;90;1;355-500;2;10;35;62;60;280;283;287;290;290;2300;;;2315;2300;2375;;;;;45;12;1.4;120;2.2;137
17/07/2023;P23-134;rPET;72;0.3;2/1;90;1;355-500;2;10;35;70;60;280;283;287;290;290;2250;;;2264;2250;2325;;;;;45;12;1.4;129;2.47;144
24/07/2023;P23-135;2QPET;;;;;;;;11.9;38;78.6;60;280;288;292;295;295;2773;;;2783;2778;2885;;;;;40;15;1.3;125;2.45;132.3
24/07/2023;P23-137;2QPET;;;;;;;;11.9;67;75.7;120;285;293;279;300;300;2778;;;2802;2778;2885;20;;;;40;12;1.3;132;2.31;149.7
24/07/2023;P23-138;2QPET;;;;;;;;11.9;59;71.4;120;283;291;295;298;298;2778;;;2802;2778;2885;20;;;;35;12;1.3;133;2.28;150.3
31/07/2023;P23-139;TPX;48;0.4;4/1;60;2;355-500;178;17.4;88.5;116.4;120;280;285;290;290;285;1750;1800;2100;2655;2550;2625;14;162;200;165;50;18;1.45;182;2.32;29.33
31/07/2023;P23-140;TPX;48;0.4;4/1;60;2;355-500;178;9;52.9;70.6;87.8;280;285;290;290;285;1750;1800;2100;2655;2550;2625;14;162;200;165;50;18;1.45;131;2.25;28
31/07/2023;P23-141;TPX;48;0.4;4/1;60;2;355-500;178;11.5;75;90;100;280;285;290;290;285;1750;1800;2100;2655;2550;2620;14;150;170;150;50;18;1.45;135;2.23;27.3
03/08/2023;P23-144;TPX + Negro;48;0.4;4/1;60;2;355-500;2;9;58;101;108;280;285;290;290;286;1325;1421;1659;2098;2000;2070;;155;201;155;50;19;1.3;134;2.22;27.3
08/08/2023;P23-145;TPE Producción;48;0.4;4/1;90;;;;14;23;107.2;70;195;195;200;205;210;2400;;;2425;2450;2540;;;;;35;25;1.8;165;0.78;123.82
08/08/2023;P23-146;TPE Producción;48;0.4;4/1;90;;;;14;28;93;70;195;195;200;205;210;2400;;;2425;2450;2560;;;;;35;30;1.8;165;0.8;130
08/08/2023;P23-147;TPE Producción;48;0.4;4/1;90;;;;14;33;70;70;195;195;200;205;210;2400;;;2425;2450;2560;;;;;35;30;1.8;165;0.78;140
08/08/2023;P23-148;TPE Producción;48;0.4;4/1;90;;;;14;30;88;70;200;200;205;210;215;2400;;;2425;2450;2560;;;;;35;30;1.8;165;0.73;115
08/08/2023;P23-149;TPE Producción;48;0.4;4/1;90;;;;14;29;110;70;197;197;202;207;212;2400;;;2425;2450;2560;;;;;35;30;1.8;165;0.75;110
08/08/2023;P23-150;TPE Producción;48;0.4;4/1;90;;;;14;28;100;70;200;200;205;210;215;2400;;;2425;2450;2560;;;;;35;30;1.8;165;0.75;115
08/08/2023;P23-151;TPE Producción;48;0.4;4/1;90;;;;14;30;86;70;200;200;205;210;215;2400;;;2425;2450;2560;;;;;35;30;1.8;165;0.77;120
07/09/2023;P23-156;ABS H380;72;0.6;4/1;60;;;;26;41;136;135;240;250;260;270;280;1285;1421;1969;1986;1591;1100;;100;105;;60;23;1.25;330;1.03;10
12/09/2023;P23-157;PHB DAN 04493;48;0.4;4/1;90;4;500-850;2;11.5;29;43;50;170;175;180;185;190;1400;;;1800;1950;2000;;;;;30;25;1.4;170;1.16;60
12/09/2023;P23-158;PHB DAN 04493;48;0.4;4/1;90;4;500-850;2;11.5;29;43;50;170;175;180;185;190;2100;;;2500;2650;2700;;;;;30;25;1.4;130;1.05;43
12/09/2023;P23-159;PHB DAN 04493;48;0.4;4/1;90;4;500-850;2;13.5;29;61;50;170;175;180;185;190;2200;;;2600;2750;2800;;;;;30;25;1.4;150;1.08;40
13/09/2023;P23-160;PLA;72;0.3;2/1;90;4;500-850;2;21;41;190;80;230;235;245;250;240;2600;;;2625;2615;2700;;;;;40;18;1.5;220;1.95;84
18/09/2023;P23-161;rPET BATCH 1;72;0.3;2/1;90;1;355-500;2;12;54;66;60;283;291;295;298;298;2250;;;2264;2250;2350;;;;;45;12;1.4;150;4.17;60
18/09/2023;P23-162;rPET BATCH 1;72;0.3;2/1;90;1;355-500;2;11.9;80;67;120;283;291;295;298;298;2778;;;2800;2778;2885;;;;;35;12;1.4;110;2.18;165
18/09/2023;P23-163;rPET BATCH 1;72;0.3;2/1;90;1;355-500;2;11.9;52;65;75;283;291;295;298;298;2778;;;2800;2778;2885;;;;;35;18;1.5;130;2.25;155
18/09/2023;P23-164;rPET BATCH 1;72;0.3;2/1;90;1;355-500;2;11.7;59;61;80;283;291;295;298;298;2778;;;2800;2778;2885;;;;;35;18;1.5;130;2;150
18/09/2023;P23-165;rPET BATCH 1;72;0.3;2/1;90;1;355-500;2;10.7;63;54;80;283;291;295;298;298;2778;;;2800;2778;2885;;;;;35;18;1.5;120;2.2;152
18/09/2023;P23-166;rPET BATCH 1;72;0.3;2/1;90;1;355-500;2;10.5;68;46;80;283;291;295;298;298;2778;;;2800;2778;2885;;;;;35;18;1.5;118;2.2;153
18/09/2023;P23-167;rPET BATCH 1;72;0.3;2/1;90;1;355-500;2;11.9;55;77;85;288;296;300;303;303;2758;;;2802;2778;2885;;;;;35;18;1.4;130;2.45;145
19/09/2023;P23-168;rPET BATCH 2;72;0.3;2/1;90;1;355-500;2;10;69;72;120;285;290;295;300;300;2758;;;2802;2778;2885;;;;;35;15;1.5;115;2.47;132
19/09/2023;P23-169;rPET BATCH 2;72;0.3;2/1;90;1;355-500;2;10;60;72;60;285;290;295;300;300;2758;;;2802;2778;2885;;;;;50;18;1.5;105;2.4;130
19/09/2023;P23-170;rPET BATCH 2;72;0.3;2/1;90;1;355-500;2;10.5;40;80;60;285;290;295;300;300;2758;;;2802;2778;2885;;;;;50;18;1.5;110;2.5;130
20/09/2023;P23-171;rPET BATCH 3;72;0.3;2/1;90;4;355-500;2;10.5;42;80;50;282;288;292;295;295;2250;;;2279;2260;2340;;;;;50;18;1.5;145;1.95;180
20/09/2023;P23-172;rPET BATCH 3;72;0.3;2/1;90;4;355-500;2;10;47;87;75;282;288;292;295;295;2470;;;2485;2475;2540;;;;;35;18;1.5;120;2.2;145
20/09/2023;P23-173;rPET BATCH 3;72;0.3;2/1;90;4;355-500;2;10;47;84;75;282;288;292;295;295;2490;;;2900;2495;2570;;;;;50;18;1.5;123;2.32;153
26/09/2023;P23-174;rPET 30/70;72;0.3;2/1;60;3;355-500;2;20;80;90;58.7;260;265;270;270;270;2401;;;2421;2401;2500;16;;;;30;20;1.3;238;1.21;327.44
26/09/2023;P23-175;rPET 30/70;72;0.3;2/1;60;3;355-500;2;20;85;110.6;68.5;260;265;270;270;270;1702;1751;2501;2778;2822;2920;16;95;145;115;35;20;1.3;192;1.36;208.42
26/09/2023;P23-176;rPET 30/70;72;0.3;2/1;60;3;355-500;2;20;85;112.5;65.2;260;265;270;270;270;1198;1249;2299;2822;2832;2920;16;95;145;115;35;20;1.3;200;1.55;110
17/10/2023;P23-179;PBS;36;0.3;2/1;90;;;;16;29;181;60;235;245;255;255;260;2630;;;2700;2700;2800;14;;;;75;20;2;150;1.68;175
17/10/2023;P23-181;PBS;36;0.3;2/1;90;;;;16.5;32;149;60;235;245;255;255;260;2650;;;2700;2700;2800;14;;;;65;20;1.6;154;1.68;181.2
24/10/2023;P23-183;PBS;36;0.3;2/1;90;;;;16.5;31;145;60;235;245;255;255;260;2768;;;2812;2812;2915;13;;;;65;20;1.5;143;1.79;191.92
24/10/2023;P23-184;PBS;36;0.3;2/1;90;;;;16.5;32;142;60;235;245;255;255;260;2720;;;2768;2768;2870;12;;;;50;20;1.4;110;1.62;175
24/10/2023;P23-185;PBS;36;0.3;2/1;90;;;;16.5;45;146;120;235;245;255;255;260;2720;;;2768;2768;2870;12;;;;50;20;1.4;180;1.48;190
24/10/2023;P23-186;PBS;36;0.3;2/1;90;;;;16.5;31;145;60;235;245;255;255;260;2768;;;2812;2812;2915;12;;;;65;20;1.4;150;1.65;185
27/11/2023;P23-187;PLA + 0.1 Silano;72;0.3;2/1;60;3;355-500;2;13;77;215;30;215;218;222;225;228;900;1200;1700;2582;2577;2665;;75;105;85;15;18;1.3;150;1.6;37
27/11/2023;P23-188;PLA + 0.1 Silano;72;0.3;2/1;60;3;355-500;2;13;100;0;0;210;212;214;216;220;900;1250;1700;2582;2600;2665;;75;90;75;30;18;1.3;180;1.05;35
27/11/2023;P23-189;PLA + 0.1 Silano;72;0.3;2/1;60;3;355-500;2;10;100;0;0;210;212;214;216;220;900;1200;1650;2500;2530;2620;;75;90;75;40;18;1.3;150;1;23
11/01/2024;P24-01;PBS;36;0.3;2/1;90;;;;16;32.5;49;60;225;235;245;245;250;2400;;;2450;2440;2515;14;;;;65;20;1.3;127;1.83;146
23/01/2024;P24-03;ADVANITE 53001;72;0.35;4/1;60;2;355-500;2;20;39;80;60;255;260;265;270;270;900;1100;2700;2975;2850;2953;;70;80;100;45;18;1.4;196;3.2;36.22
29/01/2024;P24-04;Reclado químico VELOR;72;0.35;2/1;60;2;355-500;2;11.9;30;185.8;60;285;290;295;300;305;2700;;;2725;2715;2800;20;;;;10;18;1.25;120;2.73;123.67
29/01/2024;P24-05;Reclado químico VELOR;72;0.35;2/1;60;2;355-500;2;12.5;30;185.8;60;285;290;295;300;305;2700;;;2725;2715;2800;20;;;;10;18;1.25;135;2.67;128.67
29/01/2024;P24-06;Reclado químico VELOR;72;0.35;2/1;60;2;355-500;2;12.4;30;185.8;60;285;290;295;300;305;2700;;;2725;2715;2800;20;;;;10;18;1.25;134;2.86;133
29/01/2024;P24-08;Reclado químico VELOR;72;0.35;2/1;60;2;355-500;2;11.9;61;128.7;60;300;305;310;315;320;2700;;;2725;2715;2800;20;;;;10;18;1.25;136;2.33;141
29/01/2024;P24-09;Reclado químico VELOR;72;0.35;2/1;60;2;355-500;2;11.7;65;127;60;300;305;310;315;320;2700;;;2725;2715;2800;20;;;;10;18;1.25;137;2.43;153
29/01/2024;P24-10;Reclado químico VELOR;72;0.35;2/1;60;2;355-500;2;11.5;65;127;60;300;305;310;315;320;2700;;;2725;2715;2800;20;;;;10;18;1.25;135;2.37;155.67
05/02/2024;P24-11;PE ASPUN;72;0.6;4/1;105;;;;22;46.4;22.7;90;235;240;245;245;250;900;1000;2300;2800;2750;2830;;50;62;77;30;20;2.1;182;1.86;176.67
05/02/2024;P24-12;PE ASPUN;72;0.6;4/1;105;;;;21.5;46.4;21.2;90;235;240;245;245;250;900;1050;2350;2850;2835;2910;;50;62;77;25;20;2.1;135;2.07;162
05/02/2024;P24-13;PE ASPUN;72;0.6;4/1;105;;;;21.5;46.4;21.2;90;235;240;245;245;250;600;1050;2500;2900;2886;2920;;50;62;77;35;20;2.1;141;2.18;153.33
05/02/2024;P24-14;PE ASPUN;72;0.6;4/1;105;;;;20.5;46.4;21.2;90;235;240;245;245;250;600;1050;2500;2900;2886;2920;;50;62;77;35;20;2.1;145;2.17;151.78
05/02/2024;P24-15;PE ASPUN;72;0.6;4/1;105;;;;25;48.18;27.6;90;235;240;245;245;250;800;900;2700;3052;2915;3005;;50;62;77;45;20;2.1;157;2.1;143
05/02/2024;P24-16;PE ASPUN;72;0.6;4/1;105;;;;25;45;27;75;235;240;245;245;250;600;1000;2550;2876;2750;2855;14;70;60;50;35;24;1.8;170;1.65;161.7
05/02/2024;P24-17;PE ASPUN;72;0.6;4/1;105;;;;25;45;32.3;75;235;240;245;245;250;800;900;2700;3052;2915;3005;13;35;45;55;35;22;2.1;155;2.15;162.3
05/02/2024;P24-18;PE ASPUN;72;0.6;4/1;105;;;;25;45;32.3;75;235;240;245;245;250;1350;1400;2900;3100;2915;3005;13;50;60;70;35;22;2.1;165;1.91;190
05/02/2024;P24-22;PE ASPUN;72;0.6;4/1;105;;;;22;45;29;75;235;240;245;245;250;650;750;2900;3100;2930;3020;12;50;60;70;35;22;2.1;142;2.32;83.56
05/02/2024;P24-23;PE ASPUN;72;0.6;4/1;105;;;;22.5;45;31;75;235;240;245;245;250;650;750;2900;3100;2930;3020;12;50;60;70;35;22;2.1;150;2.22;101.89
07/02/2024;P24-24;SABIC M200024;72;0.6;4/1;105;2;500-850;2;22.5;47;16.3;87.4;217;220;218;215;220;500;700;1950;2150;2040;2135;10;50;60;70;42;22;1.9;200;1.3;110.67
07/02/2024;P24-25;SABIC M200056;72;0.6;4/1;105;2;500-850;2;22.5;35;28.7;36.6;217;220;218;215;220;650;850;2250;2925;2875;2940;10;55;65;75;10;20;1.9;166;2.1;124.33
07/02/2024;P24-26;SABIC M200056;72;0.6;4/1;105;2;500-850;2;20;35;20.7;65;217;220;218;215;220;650;730;2000;2775;2750;2835;10;65;75;85;20;20;1.9;135;2.49;65.67
07/02/2024;P24-28;SABIC M200056;72;0.6;4/1;105;2;500-850;2;22.5;40;51.9;85;217;220;218;215;220;650;730;2000;2740;2700;2835;10;65;75;85;45;20;1.9;170;2;110
07/02/2024;P24-29;SABIC M200056;72;0.6;4/1;105;2;500-850;2;22.5;40;56;64.2;217;220;218;215;220;650;730;2000;2600;2520;2610;10;65;75;85;45;20;1.9;190;1.85;103.93
07/02/2024;P24-31;SABIC M200056;72;0.6;4/1;105;2;500-850;2;30;45;74.9;56.1;217;220;218;215;220;650;730;2250;2900;2800;2610;8;65;75;85;55;20;1.9;200;2.2;123.68
07/02/2024;P24-32;SABIC M200056;72;0.6;4/1;105;2;500-850;2;30;45;74.9;56.1;217;220;218;215;220;650;730;2350;3000;2900;3000;8;65;75;85;55;20;1.9;196;2.27;112.67
27/02/2024;P24-35;PP HP 561R;;;;;;;;18;41;82.6;90;215;220;225;230;240;1400;1450;2100;2500;2450;2530;;40;45;50;40;18;;165;3.97;116
27/02/2024;P24-36;PP HP 561R;;;;;;;;18;41;84.4;90;215;220;225;230;240;1400;1450;2100;2540;2450;2500;20;45;55;65;40;18;;152;4.25;125.44
27/02/2024;P24-37;PP HP 561R + 5% SETAS;;;;;;;;18;50;75.8;90;215;220;225;230;240;1400;1450;2100;2500;2430;2480;12;45;55;65;40;18;;155;4.49;139.56
27/02/2024;P24-38;PP HP 561R + 5% FUNDCHEM;;;;;;;;18;44.7;83.2;90;215;220;225;230;240;1400;1450;2100;2500;2430;2480;12;45;55;65;40;18;;153;4.1;126.86
02/04/2024;P24-41;PLA + CaCO3;72;0.3;2/1;90;2;355-500;2;20;44;58;70;225;230;235;240;240;2500;;;2520;2520;2600;;;;;40;20;1.65;235;2.1;85
02/04/2024;P24-42;PLA + CaCO3;72;0.3;2/1;90;2;355-500;2;19;42;52;70;225;230;235;240;240;2500;;;2520;2520;2600;;;;;40;20;1.65;230;2.05;85
02/04/2024;P24-43;PLA + CaCO3;72;0.3;2/1;90;2;355-500;2;18;40;46;70;225;230;235;240;240;2500;;;2520;2520;2600;;;;;40;20;1.65;215;2.1;85
02/04/2024;P24-44;PLA + CaCO3;72;0.3;2/1;90;2;355-500;2;18;42;52;70;225;230;235;240;240;2500;;;2520;2520;2600;;;;;40;20;1.65;220;1.9;80
24/04/2024;P24-45;rPET;72;0.2;2/1;60;2;355-500;2;14;;150;70;275;;;;290;2809;;;2830;2810;2970;;;;;;;;145;1.71;236
24/04/2024;P24-46;rPET;72;0.2;2/1;60;2;355-500;2;13;;150;70;275;;;;295;2866;;;2880;2860;2970;;;;;;;;131;2.15;143.71
30/04/2024;P24-49;rPET;72;0.3;2/1;30;3;355-500;2;14;58.7;109.3;100;275;280;285;290;295;2810;;;2822;2812;2960;;;;;20;18;1.3;140;2.8;140
02/05/2024;P24-50;PLA + CaCO3;72;0.3;2/1;90;2;355-500;2;18;40;50;70;225;230;235;240;240;2500;;;2520;2520;2600;;;;;40;20;1.65;200;1.9;90
02/05/2024;P24-52;PLA + CaCO3;72;0.3;2/1;90;2;355-500;2;19.5;43;50;70;225;230;235;240;240;2530;;;2550;2550;2630;;;;;40;20;1.65;220;1.7;95
02/05/2024;P24-53;PLA + CaCO3;72;0.3;2/1;90;2;355-500;2;19.5;41;50;70;225;230;235;240;240;2550;;;2570;2570;2650;;;;;40;20;1.65;220;1.7;100
13/05/2024;P24-58;MP1924 + 0.3 TiO2;72;0.3;2/1;90;2;355-500;2;13;70;69.3;90.7;280;290;290;295;295;2800;;;2851;2837;2923;13;;;;;18;1.5;133;2.16;128
13/05/2024;P24-59;MP1925 + 0.3 TiO2;72;0.3;2/1;90;2;355-500;2;14;45;154.8;111.2;295;300;305;305;305;2780;;;2842;2837;2923;22;;;;10;16;1.6;136;2.62;130.67
13/05/2024;P24-60;MP1925 + 0.3 TiO2;72;0.3;2/1;90;2;355-500;2;14.5;45;169.2;115.4;295;300;305;305;305;2740;;;2778;2758;2840;16;;;;10;16;1.5;148;2.9;147
