material,PROC_N_holes_ N_filaments,PROC_Diameter(mm),PROC_L,PROC_D,PROC_Vpump(rpm),PROC_Vext(rpm),PROC_TE1(C),PROC_TE2(C),PROC_TE3(C),PROC_TE4(C),PROC_TD(C),PROC_Pd(bar),PROC_Pe(bar),PROC_VTO(m/min),PROC_VG1(m/min),PROC_VG2(m/min),PROC_VG3(m/min),PROC_VG4(m/min),PROC_Vwinder (m/min),HIDDEN_PROC_Tension,HIDDEN_PROC_TG1(C),HIDDEN_PROC_TG2(C),HIDDEN_PROC_TG3(C),HIDDEN_PROC_Quench(pc),HIDDEN_PROC_Spin(rpm),PERF_Count(dtex),PERF_Tenacity(g/den),PERF_Elongation (pc)
PET HAC,72,0.3,2,1,19,40,285,290,295,,300,,,2560,2580,3125,3390,3360,3550,,,,,,,150,3.8,30
PP HP 561R,12,0.5,4,1,33,58.5,195,195,200,,200,,,1252,2099,2349,2661,2558,2590,,,,,,,270,2.02,98.25
PLA L130,36,0.3,2,1,20,44,225,215,220,,235,,,2600,2700,2820,2980,2960,3050,,,,,,,180,2.25,51.87
CoPET,72,0.3,2,1,21,47,250,265,265,,270,,,800,980,2700,2950,2940,3050,,,,,,,195,2.94,31.17
PP HP 561S,72,0.6,4,1,33,80,230,230,235,,240,,,525,560,1770,2120,2010,2080,,,,,,,330,3.72,80.3
PTT,36,0.3,2,1,32,37,250,260,265,,270,,,2201,2364,2421,2499,2475,2560,,,,,,,370,1.93,110
PA B33L,36,0.4,4,1,19,33,255,265,275,,280,,,2431,2516,2525,2465,2460,2530,,,,,,,180,2.55,90
PA H24,72,0.2,4,1,10,80,250,255,260,,265,,,1262,1906,2105,2382,2406,2500,,,,,,,110,2.96,54
COPET GP001-EAST,36,0.4,4,1,10,23.4,280,285,285,290,295,95.2,69.1,968,1005,1701,1751,1780,1845,,85,110,110,20,24,155,0.54,44.94
COPET GP001-EAST,48,0.4,4,1,18,38.58,280,280,280,285,285,99.6,73.5,949,999,1751,1810,1834,1895,,85,100,80,30,24,280,1.4,62.04
COPET GP001-EAST,48,0.4,4,1,10.7,30.2,280,280,280,285,285,79.1,75,949,999,1751,1810,1834,1895,17,85,100,80,30,24,170,1.64,64.69
COPET GP001-EAST,48,0.4,4,1,10.7,30.7,280,280,280,285,285,79.1,75,949,999,1904,1961,1991,2060,14,85,100,90,30,24,160,1.67,73.79
COPET GP001-EAST,48,0.4,4,1,10.8,30.7,280,280,280,285,285,79.1,75,949,999,1989,2132,2167,2230,14,85,100,90,30,24,140,1.99,44.83
PLA BLOOD Natureworks,36,0.3,2,1,15,50,225,215,220,230,235,8,75,2600,2700,2820,2975,2960,3055,21,,,,20,20,135,2.08,55.35
PLA BLOOD Natureworks,36,0.3,2,1,15,43,225,215,220,230,235,35,75,2600,2700,2820,2975,2960,3050,21,,,,20,20,135,2.3,50.3
PET + 3pc SORANO Antivirico,72,0.3,2,1,20,64,275,280,285,285,290,91.1,75,2695,2765,2765,2695,2695,2780,19,,,,24,20,218,2.28,92.61
PET + 3pc SORANO Antivirico,72,0.3,2,1,18,58.4,275,280,285,285,290,87.8,75,2695,2765,2765,2695,2695,2780,16.5,,,,24,20,200,2.37,97.11
PET + 3pc SORANO Antivirico,72,0.3,2,1,20,58.94,270,280,284,285,285,91.3,76.8,2695,2765,2765,2695,2695,2780,16,,,,20,24,215,2.37,101.72
PET + 3pc SORANO Antivirico,72,0.3,2,1,16,56,270,280,284,285,285,87.8,72,2695,2765,2765,2695,2695,2780,16,,,,20,24,170,2.47,96.89
PET + 3pc SORANO Antivirico,72,0.3,2,1,16,85,250,260,265,270,280,25,60,2695,2765,2765,2695,2695,2780,16,,,,20,24,170,2.06,123.89
PET + 1pc Bactiblock 101 R4.47,72,0.3,2,1,20,65,280,285,285,290,290,81.3,75,2499,2599,2649,2651,2651,2740,,,,,30,24,220,1.7,120
PET + 1pc Bactiblock 101 R4.47,72,0.3,2,1,20,80.1,270,276,278,280,280,40.4,51.2,2201,2361,2379,2289,2299,2370,,,,,30,26,250,1.38,204
PP HP 561R,12,0.5,4,1,20,44,195,195,200,200,200,0,75,1252,1549,1800,1991,1971,2000,25,,,,60,22,210,2.33,226.67
PP HP 561R,12,0.5,4,1,27,44,195,195,200,200,200,0,75,1252,1549,1800,1991,1971,2000,25,,,,60,22,290,1.68,223.5
PP HP 561R,12,0.5,4,1,27,44,195,195,200,200,200,0,75,1252,1951,2450,2651,2558,2595,25,,,,60,22,220,2.11,96.17
PP HP 561R,12,0.5,4,1,30,44,195,195,200,200,200,0,75,1252,1951,2450,2651,2558,2595,25,,,,60,22,240,1.83,62.83
PP HP 561R,12,0.5,4,1,33,44,195,195,200,200,200,3.6,75,1252,1951,2450,2651,2558,2595,25,,,,60,22,270,2.4,89.58
PP HP 561R,12,0.5,4,1,33,58.5,195,195,200,200,200,3.1,75,1252,2099,2349,2651,2558,2595,,,,,89,24,270,2.02,98.25
PP HP 561R,12,0.5,4,1,33,60,205,205,210,215,215,53,75,1252,2099,2349,2661,2556,2595,,,,,90,24,270,1.54,90.33
PP HP 561R,12,0.5,4,1,33,60,190,200,210,210,210,34,75,1399,2489,2501,2661,2558,2595,,,,,100,22,240,1.41,108.6
PP HP 561R,42,0.35,4,1,35,63,190,200,210,210,210,16,75,1800,2489,2501,2661,2558,2595,,,,,60,22,290,2.36,166.5
PP HP 561R,42,0.35,4,1,50,85,190,200,210,210,210,3,75,1599,2501,2551,2700,2602,2640,,60,,,80,,410,2.74,165.27
PP HP 561R,36,0.35,4,1,25,50,190,200,210,210,210,0,75,1252,2099,2349,2680,2548,2580,,,,,90,22,210,3.18,126.33
PP HP 561R,36,0.35,4,1,29,58,190,200,210,210,210,0,75,1252,2099,2349,2680,2548,2580,,,,,90,22,240,3.05,122.75
PP HP 561R,12,0.5,4,1,29,62,205,220,225,250,235,18.9,70,1252,2099,2349,2661,2558,2590,18,,,,95,24,245,1.91,96.69
PP HP 561R,12,0.5,4,1,29,65,210,220,225,225,220,18,70,1252,2099,2349,2661,2558,2590,21,,,,95,24,225,3.04,102.69
PP HP 561R,12,0.5,4,1,30,65,210,220,225,225,220,17.4,70,1252,2099,2349,2661,2558,2590,21,,,,95,24,230,1.84,86.44
PP HP 561R,12,0.5,4,1,31,66,210,220,225,225,220,27.5,70,1252,2099,2349,2661,2558,2590,25,,,,95,24,240,1.99,117.28
rPET+CO2Pure,72,0.3,2,1,18.6,59,275,280,275,285,285,25.6,70,1500,1650,2550,2563,2617,2700,20,90,105,125,30,22,205,2.9,62.93
rPET+CO2Pure,72,0.3,2,1,20,60,275,280,275,285,285,29,70,1500,1650,2700,2700,2725,,,,,,,,233,2.6,46
rPET+CO2Pure,72,0.3,2,1,22,60,275,280,275,285,285,37.9,70,1500,1650,2700,2700,2725,2810,,,,,,,233,1.41,34
PA B33L,36,0.4,4,1,23,38,255,265,275,275,280,105,75,2925,3000,3000,2990,2925,3020,10,,,,70,25,200,2.88,80.56
PA B33L,36,0.4,4,1,23,38,255,265,275,275,280,110,75,2802,2896,2905,2832,2832,2910,12,,,,70,25,200,2.97,89.22
PA B33L,36,0.4,4,1,19,33,255,265,275,275,280,98,75,2431,2516,2525,2465,2460,2530,12,,,,70,23,180,2.88,89.89
PA6 PEMTABATC,36,0.4,4,1,24,70,250,260,260,260,260,13.5,86.5,2800,2960,3000,3050,3060,3160,29,65,65,,55,25,190,3.97,83.11
PA6 PEMTABATC,36,0.4,4,1,30,73.7,250,260,260,260,260,26.5,85,2800,2960,3000,3050,3060,3170,30,65,65,,55,25,230,3.67,81.67
PA6 PEMTABATC,36,0.4,4,1,30,73.8,250,260,260,260,260,26.1,87.8,2800,2960,3000,3220,3235,3345,30,66,66,,55,25,227,3.67,73.06
PA H24,36,0.4,4,1,30,63.9,235,240,245,260,260,32.5,85,2700,2959,2994,3218,3233,3315,27,65,65,,50,30,230,3.47,67.44
PA B27,36,0.4,4,1,30,58,260,270,275,275,270,82,85,2700,2959,2994,3218,3233,3315,27,65,65,,50,30,230,3.3,62.33
PA B28,36,0.4,4,1,25,61.48,265,275,280,275,270,87.7,86.9,2700,2959,2994,3218,3233,3315,27,65,65,,50,30,200,3.64,74.4
PA B29,36,0.4,4,1,25,64,275,285,280,275,270,83,86.9,2700,2959,2994,3218,3233,3315,27,65,65,,50,30,200,3.39,71.3
PET + 0.3pc Antivirico,72,0.3,2,1,24,69.6,275,285,285,285,285,9.5,70,2560,2660,2665,2600,2600,2670,23,,,,20,24,257,1.9,94.5
rPET+CO2Pure .3pc,72,0.3,2,1,22,58.12,275,280,285,285,280,3.1,70.6,1500,1650,2700,2700,2724,2810,19,90,105,125,30,22,240,2.52,53.42
rPET+CO2Pure .3pc,72,0.3,2,1,22,84,275,280,285,280,280,0.3,70,1500,1650,2700,2700,2724,2810,19,90,105,125,30,22,235,1.2,46.22
rPET+CO2Pure .3pc,72,0.3,2,1,22,78.25,270,270,275,275,280,0,72.6,1500,1650,2300,2500,2700,2795,19,90,105,125,30,22,240,1.14,61.9
rPET+CO2Pure 2.5pc,72,0.3,2,1,22,68,260,265,270,270,272,17,60,1500,1650,2150,2548,2714,2795,21,90,110,125,30,24,240,1.32,44.33
rPET+CO2Pure 2.5pc,72,0.4,2,1,22,68,260,265,270,270,275,2,60,1500,1650,2150,2548,2715,2795,20,90,110,125,30,26,240,1.51,55.72
PET + 1pc Bactiblock 101 R4.47,72,0.4,2,1,20,79,260,270,275,275,275,3,60,2240,2361,2355,2289,2299,2340,,,,,30,24,260,1.52,165
PA B33L,36,0.3,2,1,6,50,285,295,300,295,285,88,31,582,809,1505,2196,2191,2240,,75,105,140,40,10,160,4.38,43.83
PP HP 561R,36,0.35,4,1,29,64,220,230,235,235,230,54,75,1252,2099,2349,2680,2548,2580,,,,,60,22,240,3.23,141.33
PP HP 561R,36,0.35,4,1,29.5,64,220,220,225,225,220,60,75,1898,2001,2450,2602,2548,2610,,,,,60,22,240,1.04,135.54
PLA LUMINY L130,36,0.3,2,1,15,42,225,215,220,230,235,13.3,75,2600,2700,2820,2980,2960,3050,16,,,,20,20,135,2.22,47.4
PLA LUMINY L130,36,0.3,2,1,20,44,225,215,220,230,235,31,75,2600,2700,2820,2980,2960,3050,16,,,,20,20,180,2.25,51.87
PLA LUMINY L130,72,0.3,2,1,18,40,225,215,220,230,240,63,75,2620,2750,2820,2950,2950,3010,22,,,,15,20,180,2.09,43.7
PLA LUMINY L130,72,0.3,2,1,22,45,225,215,220,230,240,87,75,2620,2750,2820,2950,2950,3010,22,,,,15,20,210,2.18,49.8
PLA LUMINY L130,72,0.3,2,1,24,48,225,215,220,230,245,125,75,2620,2750,2820,2950,2950,3010,22,,,,15,20,230,2.22,50.43
PLA LUMINY L130,72,0.3,2,1,27,49,225,215,220,230,235,27,75,2620,2750,2820,2950,2930,3010,24,,,,70,20,250,2.18,53.63
PLA LUMINY L130,24,0.3,2,1,10,46.8,225,230,230,235,240,58,75,1526,1670,2685,2802,2861,2959,,70,90,110,20,20,100,2.84,27.04
PLA LUMINY L130,24,0.3,2,1,8,49.4,225,230,235,235,240,49.6,75,1624,1701,2685,2802,2861,2959,,70,90,110,20,18,79,2.92,27.5
PLA LUMINY L130,24,0.3,2,1,5,45.6,225,230,235,235,240,34.8,75,1825,1900,2685,2802,2861,2959,,70,90,110,20,18,48,2.87,24
PHB DANIMER,48,0.4,4,1,14,56,165,170,175,180,190,0,40,1850,1925,1950,1990,1980,2075,21.5,,,,20,20,190,,
SPH16,72,0.25,2,1,13,65,250,250,255,255,260,61,80,2610,2750,2740,2750,2675,2780,21,,,,40,22,135,2.72,71.78
SPH16,72,0.25,2,1,13,25.6,255,260,260,265,265,49.7,80,2050,2125,2150,2090,2080,,15,,,,30,22,165,0.86,97.68
PP HP 561R,48,0.2,4,1,28,62,215,225,235,240,240,0,80,1149,1225,1799,2494,2348,2430,,60,70,90,80,25,240,,82.33
PP HP 561R,48,0.2,4,1,35,70,215,225,235,240,240,0,80,1149,1225,1799,2494,2348,2440,,60,70,90,80,25,300,,86.67
PET+15pc SPH16,72,0.35,4,1,15,40,275,280,280,285,290,68.5,70,,2690,2725,2690,2680,2765,19,,,,25,22,165,2.11,121.85
PET+15pc SPH16,72,0.35,4,1,12.5,42,275,280,280,285,290,56,70,,2690,2725,2690,2680,2765,19,,,,25,22,130,2.22,116.94
PET+15pc SPH16,72,0.35,4,1,14.5,54,275,280,280,285,290,49,70,,1200,1300,2400,2650,2680,,80,90,120,25,22,155,2.61,68.87
PET+15pc SPH16,72,0.35,4,1,14.5,54,275,280,280,285,290,49,70,800,850,2400,2675,2675,2760,20,80,90,120,25,22,155,3.21,36.94
PET+15pc SPH16W,72,0.35,4,1,13,59,245,250,255,260,265,34,70,2651,2751,2751,2695,2695,2780,,,,,25,22,135,1.8,72.28
PET+15pc SPH16W,72,0.35,4,1,14,50,245,250,255,260,265,41,70,1100,1249,2700,2700,2641,2720,,,,,25,22,138,3,22.72
PBT+3pc,72,0.35,4,1,13,30,260,270,275,275,275,38.4,70,2680,2750,2750,2685,2690,2780,12,,,,10,22,137,0.75,93.5
PBT+3pc,72,0.35,4,1,13,32,260,270,275,275,275,38.4,70,2450,2525,2550,2490,2499,2580,12,,,,10,20,142,0.8,90.5
PBT+15pcMB,72,0.35,4,1,14,28,265,270,275,275,275,48.8,70,800,950,2350,2400,2320,2390,10,65,80,115,20,20,164,1.98,18.72
PBT+15pcMB,72,0.35,4,1,13.8,29,265,270,275,275,275,46.8,70,900,1050,2450,2460,2406,2490,16,65,80,115,20,20,159,1.86,26.4
PBT+15pcMB,72,0.35,4,1,11.5,74.6,250,255,260,260,265,47.8,70,2950,3000,3000,2955,2950,3046,10,,,,,,115,2.18,68.44
PBT+15pcMB,72,0.35,4,1,11,84,250,260,270,270,275,59,70,2850,2900,2920,2860,2860,2955,12,,,,,,107,2.01,67.33
TPX,72,0.4,4,1,18,70,265,270,275,280,290,47,50,2152,2251,2284,2230,2211,2285,,,,,40,20,158,1.3,22.5
TPX,72,0.4,4,1,11,77,270,280,285,290,295,25,50,1052,1091,1085,1061,1066,1125,,,,,40,18,200,1.38,49.11
TPX,72,0.4,4,1,7,66,270,280,285,290,295,16,,636,675,675,660,675,695,,,,,,16,235,1.27,65.39
TPX,72,0.4,4,1,14,75,270,280,285,290,295,29,,783,900,1497,2201,2171,2245,,130,160,140,,16,130,4.26,26.28
TPX,72,0.4,4,1,16,71,265,275,280,285,,32,,783,900,1497,2201,2171,2245,,130,160,140,,16,150,3.92,25.28
PET+3pc ZEOL AG,72,0.3,2,1,25,87,255,260,265,270,270,103,50,1800,1990,2000,2000,1980,2020,14,,,,20,24,370,0.8,215.44
LOW MELT 53001,72,0.3,2,1,15,47,225,260,265,270,275,85.4,65,800,900,2600,2950,2930,3055,21,75,85,115,30,22,145,,
LOW MELT 53001,72,0.3,2,1,20,52.8,240,260,265,270,275,102.8,65,800,900,2600,2950,2930,3055,21,70,85,115,30,22,185,2.61,34.94
PD H24,48,0.4,4,1,12,80,255,260,265,256,275,90,55,1800,1751,2001,2440,2406,2500,,,,,45,12,130,3.52,76.08
PD H24,48,0.4,4,1,12,72,250,255,265,256,275,90,55,1687,1751,2131,2440,2406,2500,,,,,45,14,125,3.41,81.72
TPX DX350,72,0.4,4,1,14,68,265,275,280,285,285,42,50,1100,1249,1751,2201,2176,2245,,180,160,140,20,18,125,3.7,23.5
ADVANITE 53001,72,0.3,2,1,21,47,250,260,265,270,270,93,65,800,980,2700,2950,2940,3050,,70,85,115,45,20,195,2.75,27.94
ADVANITE 53001,72,0.3,2,1,21,47,250,265,265,270,270,100,65,800,980,2700,2950,2940,3050,,70,80,100,45,20,195,2.94,31.17
TPX DX350,72,0.4,4,1,14,56.64,260,265,270,275,290,48.4,60.3,1100,1249,1751,2201,2176,2245,18,130,160,150,15,18,130,3.5,21.22
TPX DX350,72,0.4,4,1,14,56.64,260,265,270,275,274,48.4,60.3,1100,1249,1751,2215,2176,2245,10,130,160,150,15,18,130,3.47,23.29
SPH16,72,0.35,4,1,13,60,260,265,275,275,275,50,70,2100,2200,2550,2489,2499,2570,20,,,,15,20,155,1.5,96
SPH16,72,0.35,4,1,12.8,46,260,265,270,275,275,56.6,75,2200,2300,2450,2505,2500,2560,15,,,,15,20,145,1.53,112
SPH16,72,0.35,4,1,12.6,48.7,260,265,270,275,275,69.1,75,2200,2300,2450,2505,2500,2560,15,,,,15,20,143,1.48,114.22
SPH16,72,0.35,4,1,13.8,41.56,260,265,270,275,275,88.3,75.4,900,1100,2200,2470,2406,2490,15,60,78,115,15,20,158,2.67,40.87
PBT+15pc SPH16W,72,0.35,4,1,12,77,255,260,265,275,275,53,50,2825,2900,2926,2860,2860,2955,,,,,15,20,120,2,65
PP AMARILLAMIENTO,72,0.6,4,1,38,94.32,240,260,275,280,280,32.2,66.1,523,550,1600,1858,1820,1882,,70,135,125,60,12,330,3.72,80.8
PP AMARILLAMIENTO,72,0.6,4,1,36,94.32,240,260,275,280,280,32.2,66.1,523,550,1600,1960,1980,1980,,70,135,125,60,12,340,347,61
PP+TALCO+R070,12,0.5,4,1,21.5,56,210,210,225,230,230,125,65,750,900,1550,1960,1950,2010,,60,70,80,90,17,220,1.33,144.68
PP+TALCO+VERDE,12,0.5,4,1,21.5,54,200,210,230,230,230,170,65,750,1000,1550,1960,1950,2010,,60,70,80,90,20,220,1.28,162.83
PA+CNT PA NANOCYL,48,0.4,2,1,23,60,235,245,250,250,250,65,65,2800,2950,3000,2920,2900,3030,18,,,,30,15,200,3.14,87.39
PA+CNT PA NANOCYL,48,0.4,2,1,23,59,235,245,250,250,250,77,65,3685,2950,3000,3750,3740,3860,18,,,,30,15,165,3.4,68.11
rPET,72,0.3,2,1,24,63,270,280,290,290,290,118,60,750,800,1500,2550,2485,2560,,85,100,130,30,18,300,2.7,27
rPET,72,0.3,2,1,25,62,270,280,290,290,295,115.4,65,700,750,1500,2515,2485,2565,,85,100,130,30,18,290,2.9,27
rPET,72,0.3,2,1,25.2,63,275,285,285,285,295,115.7,60,700,750,1300,2515,2485,2565,,85,100,130,30,18,300,2.54,27.2
rPET,72,0.3,2,1,25.1,63,275,285,285,285,290,115.7,60,875,900,1300,2500,2485,2565,,85,100,130,30,18,300,2.2,43.25
rPET,72,0.3,2,1,25,63,275,285,285,285,290,115.7,60,700,750,1300,2500,2485,2565,,85,100,130,30,18,300,2.9,25.22
rPET,72,0.3,2,1,25,62,275,285,285,285,290,126,58,765,820,1375,2515,2485,2565,,85,100,130,40,18,300,2.43,28.67
PHB 2450 MOEL,48,0.4,4,1,6.5,53,165,170,175,185,185,0,50,850,915,960,955,970,1000,25,,,,20,20,200,0.9,64
PHB 2450 MOEL,48,0.4,4,1,9,58,165,170,175,185,185,0,50,850,1420,1470,1435,1440,1500,25,,,,20,16,175,0.8,54
PHB 2450 MOEL,48,0.4,4,1,12,58,165,170,175,185,185,0,50,850,1939,1980,1942,1932,2000,20,,,,20,16,168,0.92,59
PHB 2450 MOEL,48,0.4,4,1,4,53,165,170,175,185,185,0,50,500,540,560,580,580,600,20,,,,,11,235,0.48,80
PHB 2450 MOEL,48,0.4,4,1,14,59,165,170,175,185,185,31,50,1350,1425,1850,1930,1995,2075,,45,60,90,,15,195,1.3,33
PHB 2450 MOEL,48,0.4,4,1,14,59,165,170,175,185,185,32.2,50,1350,1425,1850,1995,1976,2055,,45,60,70,,,190,1.4,34
PHB 2450 MOEL,48,0.4,4,1,14,54.5,165,170,175,185,185,41.5,50,1350,1425,1850,1995,1976,2055,,,,,,,198,1.2,30
TPX DX350,72,0.4,4,1,15,70,270,275,280,285,290,45.5,50,1081,1170,1600,2100,2050,2115,12,130,160,150,15,20,135,3.47,25.44
TPX DX350,72,0.4,4,1,14.6,68,270,275,280,285,290,48,50,1200,1350,1650,2100,2050,2125,12,130,160,150,15,20,130,2.9,26.78
UNNAMED,48,0.3,2,1,5,32,250,265,270,275,270,114,50,699,,,739,734,800,,,,,,15,190,1.91,103.9
UNNAMED,48,0.4,2,1,15,48,240,250,255,260,260,84,50,1480,,,1600,1590,1650,,,,,,15,300,1.68,176.3
UNNAMED,48,0.4,2,1,25,48.2,240,250,255,260,260,133.5,51,2592,,,2602,2547,2685,,,,,,15,290,2.2,130.8
TPC-ET,12,0.5,4,1,14,34.7,210,220,230,240,240,134.6,62.8,800,850,865,900,935,985,,,,,80,18,390,0.83,360
TPC-ET,12,0.5,4,1,10,30.5,210,220,230,240,240,120,60,800,850,865,900,935,985,,,,,80,18,270,0.8,330
TPC-ET,12,0.5,4,1,14,34,210,220,230,240,250,163,60,1950,,,1965,1981,2060,,,,,80,18,180,1.16,261
TPC-ET,12,0.5,4,1,,,210,220,230,240,250,,,600,700,1400,1650,1610,1650,,,,,80,18,275,1.29,208
TPC-ET,12,0.5,4,1,14,34,210,220,230,240,250,,,600,700,1799,1790,1775,1820,,,,,80,20,250,1.41,176
TPX,72,0.4,4,1,14,68,265,275,280,285,288,52.9,50,750,1000,1375,1750,1735,1775,,140,160,145,15,18,155,2.8,21.5
TPX,72,0.4,4,1,14,68,265,275,280,285,288,52.9,50,950,1110,1390,1750,1735,1775,,140,160,145,15,18,130,2.26,19.11
TPX,72,0.4,4,1,14,68,265,275,280,285,288,52.9,50,1160,1300,1450,1750,1735,1775,,140,160,145,15,18,130,2.4,23
TPX,72,0.4,4,1,14,68,275,285,285,290,288,52.9,50,1160,1300,1450,1750,1735,1775,,140,160,145,15,18,130,1.7,17
TPX,72,0.4,4,1,15,69,20,275,285,290,300,56,50,1150,1350,1600,2100,2050,2120,,125,150,140,15,20,135,3.23,21.17
TPX,72,0.4,4,1,15,69,20,275,285,290,300,53,50,1150,1350,1600,2100,2050,2120,,125,150,140,15,20,130,2.7,21.83
TPX,72,0.4,4,1,15,69,20,275,285,290,300,48.3,50,1150,1350,1600,2100,2050,2120,,125,150,140,15,20,130,2.5,23.61
TPX,72,0.4,4,1,15,69,20,275,285,290,300,45.8,50,1150,1350,1600,2100,2050,2120,,125,150,140,15,20,130,2.31,23.72
TPX DX350,72,0.35,4,1,15,65,260,270,280,290,290,49.1,50,1325,1375,1600,2080,2050,2125,,195,160,150,15,20,130,3.03,20.75
TPX DX350,72,0.35,4,1,15,65,260,270,280,290,295,49.1,50,1290,1375,1600,2080,2050,2125,,195,160,150,15,20,130,2.74,21.67
rPET,72,0.3,2,1,15,83,245,255,260,270,265,35,50,1950,,,2000,1985,2050,,,,,15,18,220,1.35,173
rPET,72,0.3,2,1,15,83,245,255,260,270,265,68.5,50,2190,,,2201,2190,2280,,,,,15,24,210,1.28,171
PHB 2450 MOEL,48,0.4,4,1,8,50,165,170,175,185,185,57,50,850,,,955,970,1000,,,,,20,18,230,0.98,80
PET,72,0.4,2,1,18,80,260,275,280,285,290,55,40,2250,2400,2500,2550,2500,2595,22,,,,15,20,210,1.55,145
PET,72,0.4,2,1,21,75,255,265,270,280,285,49,40,,2400,2500,2550,2500,2595,22,,,,,,250,1.66,157
PET,72,0.4,2,1,21,80,255,265,270,280,285,32,40,,2400,2500,2550,2500,2595,22,,,,,,250,1.16,165
PP+7R,72,0.4,4,1,16,41.2,200,215,220,230,230,36.3,60,750,900,2100,2152,2025,2085,30,65,80,110,50,18,150,3.3,24.55
PP+7R,72,0.4,4,1,16,40.5,200,215,220,230,230,27,60,800,950,2150,2200,2025,2090,10,65,80,110,60,20,150,2.27,26.44
PP+7R,72,0.4,4,1,16,80,210,230,240,245,250,32.7,40,800,950,2150,2200,2040,2135,10,65,80,110,80,20,150,2.9,87
Rpet tejidos+Rpet,72,0.3,2,1,15,56,250,255,260,265,265,73.9,50,2190,,,2200,2191,2275,16,,,,30,22,205,1.53,149.1
Rpet tejidos+Rpet,72,0.3,2,1,15,56,250,255,260,265,265,73.9,50,2150,,,2190,2180,2275,16,,,,30,24,205,1.53,149.1
Rpet tejidos+Rpet,72,0.3,2,1,18,55,250,255,260,265,265,84,50,2890,,,2910,2905,3000,16,,,,,24,187,1.76,111
PA,48,0.4,2,1,23,77,240,245,250,250,250,78.1,55,3683,,,3750,3740,3860,,,,,40,24,150,4.11,64.5
PA,48,0.4,2,1,23,64,240,245,250,250,250,70,55,3683,,,3750,3740,3860,,,,,50,18,150,3.56,62.56
PA,48,0.4,2,1,23,60,235,240,240,245,245,87,55,3683,,,3750,3740,3860,,,,,40,18,160,3.51,69
TPC-ET,12,0.5,4,1,10,30,215,220,230,240,250,81,60,700,800,2050,2180,2150,2210,,80,100,120,80,20,136,1.66,99.67
TPC-ET,12,0.5,4,1,10,30,215,220,230,240,250,81,60,700,800,2050,2200,2130,2230,,80,100,115,80,20,140,1.65,102
TPC-ET,12,0.5,4,1,12,35,215,220,230,240,250,95,70,1250,1500,2650,2750,2450,2710,4,85,100,115,80,20,130,1.56,104
TPC-ET,12,0.5,4,1,12,35,215,220,230,240,250,98,70,1200,1499,2801,3052,2739,3050,,85,100,115,80,20,130,1.4,88.5
TPC-ET,12,0.5,4,1,12,35,215,220,230,240,250,99,70,1700,1799,3000,3399,3199,3360,3,85,100,115,80,20,105,1.77,104.2
PEBAX MV 1074 SA,36,0.4,4,1,12,29,200,210,215,220,225,92,70,1900,2000,2070,2100,2000,,,,,,80,20,190,1.66,195
A + rPET,72,0.3,2,1,18,56,250,255,260,260,265,107,50,2890,,,2910,2905,2990,,,,,30,24,185,2.19,105
A + rPET,36,0.3,2,1,16,68,260,265,270,270,274,135,60,2890,,,2910,2905,2990,,,,,30,24,155,1.8,121.2
A + rPET,36,0.3,2,1,16,68,260,265,270,270,274,135,60,2890,,,2900,2900,3000,,,,,30,24,155,1.8,122
A + rPET,72,0.3,2,1,14,44,250,255,260,265,260,99.2,50,2010,,,2049,2020,,16,,,,30,22,200,1.48,146.3
A + rPET,72,0.3,2,1,14,53,250,255,260,265,260,105,50,2308,,,2348,2318,,16,,,,30,24,175,1.63,131.8
TPX DX350,72,0.35,4,1,15,46,260,270,280,290,295,39.2,50,1290,1375,1600,2123,2050,2120,,135,160,150,15,20,130,1.46,20.5
TPX DX350,72,0.35,4,1,15,41,260,270,280,290,295,29,50,1450,1600,1784,2118,2050,2120,,135,160,150,15,5,130,2,21
ADVANITE S3001,72,0.35,4,1,21,41,250,265,265,270,265,64.4,65,850,1030,2550,2950,2850,2940,,70,80,100,45,20,205,2.76,23.94
ADVANITE S3001,72,0.35,4,1,21,40.5,240,250,260,260,265,79.5,65,850,1030,2575,2980,2850,2945,,70,85,100,45,18,205,3.02,26.17
ADVANITE S3001,72,0.35,4,1,21,39,240,250,260,260,265,91.6,65,900,1100,2700,2975,2850,2945,,75,89,100,45,18,205,3.02,27.8
ADVANITE S3001,72,0.35,4,1,21,43,255,260,265,270,270,76.5,65,900,1100,2700,2975,2850,2945,,75,89,100,45,18,200,2.74,32.2
ADVANITE S3001,72,0.35,4,1,21,44,255,260,265,270,270,82.7,65,900,1100,2700,2975,2850,2940,,70,80,100,45,18,195,3.1,35.22
ZK6 HF,48,0.4,4,1,16,24,250,260,265,270,280,120,75,1981,,1499,1991,1991,2065,20,,,,15,22,200,1.05,20.56
ZK6 HF,48,0.4,4,1,15,24,250,260,265,270,280,103,75,2494,,1499,2499,2499,2585,20,,,,15,22,180,1.13,17.5
ZK6 HF,48,0.4,4,1,15,24,260,270,275,280,290,88,75,1448,1600,1751,2010,1951,2025,20,90,130,110,25,20,180,0.95,12
ZK6 HF,72,0.6,4,1,15,21,255,260,265,270,290,70,22,1981,,,1991,1991,2055,23,,,,15,22,185,1.11,14
rPETD/rPET 20/80,48,0.3,2,1,24,51,260,265,270,270,275,37.2,50,2690,,,2710,2710,2800,,,,,50,20,270,1.6,133
rPETD/rPET 20/80,48,0.3,2,1,22,51,260,265,270,270,275,33.5,50,2690,,,2710,2710,2800,,,,,30,20,240,1.81,142
rPETD/rPET 20/80,48,0.3,2,1,20,51,260,265,270,270,275,49.6,50,2500,,,2520,2514,2600,,,,,30,20,240,1.62,149
rPETD/rPET 20/80,36,0.3,2,1,20,47,260,,,,280,131,60,2950,,,3000,3000,3100,36,,,,50,20,200,1.71,139.2
rPETD/rPET 20/80,36,0.3,2,1,20,48,260,,,,280,146.8,60,2880,,,2900,2900,3000,24,,,,30,20,205,1.76,146.5
rPETD/rPET 20/80,36,0.3,2,1,14,43.7,260,,,,280,113.4,60,2880,,,2900,2900,3000,18,,,,30,20,140,1.7,136.3
rPETD/rPET 20/80,36,0.3,2,1,13,42,260,,,,280,95,60,2880,,,2900,2900,3000,18,,,,30,10,130,1.76,140.8
rPETD/rPET 20/80,36,0.3,2,1,8.5,38,260,,,,280,64,60,2880,,,2900,2900,3000,18,,,,30,10,90,1.67,119.7
rPETPEC/rPET 50/50,36,0.3,2,1,12,30,250,260,265,265,260,96,60,2866,,,2900,2900,3000,,,,,50,20,120,1.34,143
PHB DANIMER,96,0.3,2,1,14,26,165,180,190,195,195,98,90,1301,1424,1850,2025,1976,2040,25,44,75,72,30,16,180,1.7,24
PHB DANIMER,96,0.3,2,1,19.5,28,165,180,190,195,195,106,70,2100,2224,2700,2827,2763,2840,15,45.45,80,72,30,18,180,1.55,32
ZK5HF PMMA,48,0.4,4,1,14,25,255,260,270,280,280,57,75,1476,,,2000,1995,2055,18,,,,25,19,180,0.95,24.4
ZK5HF PMMA,48,0.4,4,1,17,29,255,260,270,280,278,63,75,2485,,,2499,2494,2575,17,,,,25,16,180,1.05,14
ZK5HF PMMA,48,0.4,4,1,17,42,260,270,275,275,280,34.7,75,2485,,,2499,2495,2575,17,,,,25,16,178,1,21
ZK5HF PMMA,48,0.4,4,1,17,33,260,270,275,275,280,34.7,75,2485,,,2499,2495,2575,17,,,,25,16,179,1.18,24
PP COLOR ADDITVE UV,72,0.4,4,1,16,37,220,230,240,245,260,43.5,60,802,949,1951,2201,2083,2180,19,65,80,120,80,16,140,3.23,77.33
PP COLOR ADDITVE UV,72,0.4,4,1,16,37,220,230,240,245,260,43.5,60,602,744,1951,2201,2093,2180,19,65,80,120,80,16,140,3.44,67.44
PP COLOR ADDITVE UV,72,0.4,4,1,16,40,220,230,240,245,260,40.2,60,602,744,1951,2201,2083,2165,19,65,80,120,80,16,140,3.52,63.89
PP COLOR ADDITVE UV,72,0.4,4,1,16.5,36,220,230,240,245,260,56,60,602,744,1951,2201,2083,2165,19,65,80,120,80,16,140,3.27,54.4
PP COLOR ADDITVE UV,72,0.4,4,1,16.5,55,220,230,240,245,260,50,60,602,744,1951,2201,2083,2165,19,65,80,120,80,16,146,3.37,76.4
rPET+2pc COLOR AMARILLO,72,0.3,2,1,22,62,275,285,285,295,295,145,60,699,749,1350,2429,2499,2580,,90,100,130,85,16,250,2.6,30
rPET+2pc COLOR AMARILLO,72,0.3,2,1,22,62,275,285,285,295,295,140,60,699,749,1500,2753,2665,2760,,90,100,130,85,16,250,2.3,26
rPET,72,0.3,2,1,14,44,265,275,280,285,290,110.3,70,2690,,,2710,2730,2800,,,,,30,18,145,2.3,104
rPET,72,0.3,2,1,13,49,265,275,280,285,290,100.8,70,2690,,,2710,2730,2800,,,,,30,18,137,2.4,120
rPET,72,0.3,2,1,12.5,62,270,280,285,290,290,98,70,2690,,,2710,2730,2800,,,,,30,18,135,2.35,115
rPET,72,0.3,2,1,14,58,270,275,285,290,295,114.4,70,2700,,,2720,2735,2800,,,,,30,20,150,2.62,114.8
rPET,72,0.3,2,1,12,58.4,270,275,285,290,295,99.2,70,2700,,,2720,2735,2800,,,,,30,20,130,2.59,115
TPE+10pc PLASTIFICANTE,48,0.4,4,1,14,33,190,195,200,205,210,28,70,2401,,,2401,2436,2520,,,,,40,23,170,0.64,130
TPE+10pc PLASTIFICANTE,48,0.4,4,1,14,33,190,195,200,205,210,28,70,2700,,,2724,2749,2850,,,,,80,25,150,0.7,114.8
rPET DECATHLON,36,0.3,2,1,14,54,250,260,265,265,260,171,60,2866,,,2900,2900,3000,,,,,40,20,135,1.6,118.8
rPET 50/50,36,0.3,2,1,14,62,260,265,270,270,270,91.5,60,2866,,,2800,2900,3000,,,,,60,20,140,1.45,130.8
rPET 50/50,36,0.3,2,1,13.5,61,260,265,270,270,272,86.5,60,2866,,,2800,2900,3000,,,,,60,20,135,1.45,133.9
rPET 50/50,36,0.3,2,1,13,67,260,265,270,270,272,80.8,60,2866,,,2800,2900,3000,,,,,60,20,130,1.49,140
NEGOMBO,72,0.3,2,1,15,70,250,260,260,265,270,46.2,60,2866,,,2900,2900,3000,,,,,60,20,150,1.72,104
PET,48,0.4,2,1,25,50,240,250,255,260,265,200,50,2886,,,2910,2895,2990,21,,,,40,15,270,2.2,143.4
PET,48,0.4,2,1,26.5,50,240,250,255,260,265,222,50,2886,,,2910,2895,2990,21,,,,40,15,295,2.15,142
PET,48,0.4,2,1,30.5,52,240,250,255,265,270,217,50,3390,,,3414,3405,3500,21,,,,50,16,290,2.31,134.4
PET,48,0.4,2,1,35,56,240,250,255,270,275,201,50,3890,,,3815,3885,4000,21,,,,70,16,295,2.31,108.3
PEF,48,0.4,2,1,17,40.8,240,250,255,260,260,170,50,3903,,,3898,3883,4000,12,,,,50,16,135,2.87,97
PEF,48,0.4,2,1,13.6,38,240,250,255,260,260,170,50,3395,,,,3399,3500,12,,,,50,16,125,2.54,83.5
PEF,48,0.4,2,1,13.6,35,240,250,255,260,260,153,50,3395,,,,3399,3500,12,,,,50,16,120,2.43,93.2
PET+PEF,48,0.4,2,1,13,32,270,280,285,285,290,230,80,323,650,1750,2102,2005,2070,17,120,130,140,40,10,200,3.03,38.4
PET+PEF,48,0.4,2,1,12,45,270,275,280,285,285,130,80,2900,,,2910,2885,2995,13,,,,50,15,125,2.85,86.2
PET+PEF,48,0.4,2,1,12,45,275,285,290,290,290,130,80,2900,,,2910,2885,2995,13,,,,50,15,125,3.08,94.44
PET+PEF,48,0.4,2,1,13,35,275,285,290,290,290,130,80,2900,,,2910,2885,2995,13,,,,50,15,135,2.9,93.5
rPET,36,0.3,2,1,13,61,268,273,280,275,278,76,60,2876,,,2900,2900,3005,,,,,30,16,130,1.64,141.3
PET SEMI-MAT GRAPHENE,48,0.3,2,1,20,62,280,290,295,295,295,267,60,3000,,,3008,3003,3100,,,,,40,30,140,2.32,132.1
PET SEMI-MAT GRAPHENE,48,0.3,2,1,20,55,280,290,295,295,295,344,60,3000,,,3008,3003,3100,,,,,40,30,140,2.44,120.7
PET SEMI-MAT GRAPHENE,48,0.3,2,1,20,71,265,270,275,280,285,201,60,3000,,,3008,3003,3100,,,,,40,30,145,1.94,182.2
PE PURELL,72,0.4,4,1,28,44,200,200,200,200,205,347,60,500,720,1000,1100,1052,1050,2.2,60,40,,80,30,170,0.41,292.8
PE PURELL,72,0.4,4,1,42,59,200,200,200,200,205,345,60,500,800,2350,2600,2350,2430,17,40,40,70,80,30,320,1.88,120
NEGOMBO,36,0.3,2,1,13,45,270,275,280,275,280,203,60,2876,,,2925,2930,3091,,,,,40,16,130,2.08,115
NEGOMBO,36,0.3,2,1,13,45,275,278,280,285,285,167,60,2876,,,2949,2974,3045,,,,,40,16,130,2.02,130
NEGOMBO,36,0.3,2,1,14,40,275,280,290,295,298,200,75,2949,,,2978,2964,3065,20,,,,40,16,140,2.15,129
NEGOMBO,36,0.3,2,1,13.5,40,275,280,290,290,295,207,75,2955,,,2978,2960,3065,12,,,,40,16,130,2.11,130
NEGOMBO,72,0.3,2,1,13.5,46,280,290,295,295,305,139,75,2954,,,2970,2960,3068,16,,,,40,20,135,2.22,126
NEGOMBO,72,0.3,2,1,13.2,45,280,290,295,305,305,130,75,2954,,,2970,2960,3068,16,,,,40,20,130,2.15,126
NEGOMBO,72,0.3,2,1,13,46,280,290,295,305,300,139,75,2880,,,2915,2900,3000,18,,,,40,20,130,2.3,130
NEGOMBO,72,0.3,2,1,13,46,280,290,295,305,300,139,75,2900,,,2930,2895,3000,18,,,,30,20,130,2.3,133
TPX DX350,48,0.4,4,1,10,51,275,285,290,290,285,47,80,1600,1650,1960,2350,2250,2330,,135,160,140,30,15,85,2,20
TPX DX350,48,0.4,4,1,10.2,53,275,285,290,290,285,37,80,1600,1650,1960,2350,2250,2330,,135,160,140,30,15,88,2.05,72
TPX DX350,48,0.4,4,1,19.5,51,275,285,290,290,285,42,80,920,1070,1638,2108,2044,2120,,135,160,140,30,12,88,3.54,25.7
TPX DX350,48,0.4,4,1,19.5,51,275,285,290,290,285,42,80,950,1100,1670,2108,2044,2124,13,135,160,140,30,12,90,3.3,25.7
TPX DX350,48,0.4,4,1,19.5,51,275,285,290,290,285,42,80,960,1100,1680,2108,2044,2124,13,135,160,140,30,12,90,3.37,26.4
NEGOMBO,72,0.3,2,1,13,46,268,273,280,275,278,32,60,2851,,,2861,2861,,,,,,20,16,130,1.78,138.5
NEGOMBO,72,0.3,2,1,13,46,268,273,280,275,278,29,60,3101,,,3125,3125,3230,,,,,30,16,123,1.72,123
NEGOMBO,72,0.3,2,1,14,53,270,275,283,278,278,29,60,2875,,,2940,2940,3040,,,,,30,16,130,1.78,132
rPET,72,0.4,2,1,24,45,285,295,300,300,297,251,120,3037,,,3057,3027,3130,,,,,50,25,230,2.78,120
rPET,72,0.4,2,1,22,43,285,295,300,300,297,240,100,3037,,,3057,3027,3130,,,,,50,24,210,2.43,105
TPX DX350,48,0.4,4,1,11,65,275,285,290,290,285,32,120,1600,1800,2600,2612,2543,2650,,150,160,140,30,20,85,1.8,20
TPX DX350,48,0.4,4,1,11.2,65,275,285,290,290,285,32,120,1600,1800,2600,2612,2543,2650,,150,160,140,30,20,85,2.25,22
TPX DX350,48,0.4,4,1,12,92.6,275,285,290,290,285,32,120,1648,1826,2215,2675,2602,2700,,150,160,140,30,20,88,2.23,23.6
TPX DX350,48,0.4,4,1,9.5,87,275,285,290,290,288,17.1,120,980,1124,1095,2108,2045,2134,,160,160,150,15,18,91,3.42,27.5
TPX DX350,48,0.4,4,1,9.5,87,275,285,290,290,288,17.1,120,990,1140,1700,2108,2045,2134,,160,160,150,15,18,90,3.98,28.2
TPX DX350,48,0.4,4,1,9.4,82,275,285,290,290,285,23,120,890,1050,1650,2020,1945,2035,,160,165,150,30,16,90,3.44,28.4
TPX DX350,48,0.4,4,1,9.5,82,275,285,290,290,285,23,120,1800,1920,1970,2070,1985,2075,,160,165,150,30,16,88,1.4,25
LLDPE,72,0.6,4,1,26,70,250,260,265,265,265,70,95,323,476,601,724,709,740,,55,60,70,70,15,685,0.36,445
LLDPE,72,0.6,4,1,30,53,215,220,225,225,225,145,120,641,670,2350,2602,2274,2370,,50,50,72,85,25,240,1.72,250
LLDPE,72,0.6,4,1,30,53,215,220,225,225,225,145,120,650,670,2350,2700,2375,2475,,50,50,72,85,25,230,1.84,234
LLDPE,72,0.6,4,1,30,53,215,220,225,225,225,145,120,650,670,2710,3000,2800,2900,,50,50,72,85,25,195,2.1,156
LLDPE,72,0.6,4,1,22,53,215,220,225,225,225,140,140,650,699,2200,2500,2450,2520,,50,62,77,5,20,170,1.81,196
TPX DX350,48,0.4,4,1,15,88,275,285,290,290,285,50,120,1648,1826,2215,2675,2577,2680,,158,185,150,30,20,110,2.26,22.17
TPX DX350,48,0.4,4,1,17.4,89,275,285,290,290,285,65.3,120,1648,1826,2215,2675,2577,2680,,158,185,150,30,20,131,2.14,23.11
PLA+10pcSIL,48,0.4,2,1,11,50,210,215,220,225,225,0,40,850,900,1800,2050,2050,2109,,70,100,131,30,18,160,1.12,32.68
PLA+10pcSIL,48,0.4,2,1,13,55,210,215,220,225,225,0,40,850,900,1300,2350,2500,2573,,70,100,131,30,18,150,1.92,33.7
rPET,72,0.3,2,1,13,74,280,285,290,290,290,104.4,70,2900,,,2915,2815,3000,14,,,,30,20,130,2.45,111.22
rPET,72,0.3,2,1,13,79,280,288,292,295,295,104.2,105,2810,,,2817,2793,2920,14,,,,30,18,133,2.58,124.42
BICO PET,72,0.4,2,1,13.4,58,280,285,290,290,290,85,80,800,1000,1650,2100,2100,2160,,90,125,130,40,10,260,1.85,33.1
