Material,Nº holes / Nº filaments,Diameter (mm),L/D,Filter (um),Sand quantity (cm),Support,Vpump (rpm),Vext (rpm),TE1 (°C),TE2 (°C),TE3 (°C),TE4 (°C),TD(°C),PD(bar),PE(bar),VTO (m/min),VG1(m/min),VG2(m/min),VG3(m/min),VG4(m/min),Vwinder (m/min),Winder tension (N),Tg1(°C),Tg2(°C),Tg3(°C),Quench (%),Spin. F (rmp),Height (m),Count (dtex),Tenacity (g/den),Elongation (%),Sand size min (um),Sand size max (um)
COPET GP001-EASTMAN,36.0,0.4,4.0,60.0,0.0,4.0,10.0,23.9,280.0,285.0,285.0,290.0,295.0,95.2,69.1,968.0,1005.0,1701.0,1751,1780,1845.0,,85.0,110.0,110.0,20.0,24.0,1.4,155,0.54,44.94,0.0,0.0
COPET GP001-EASTMAN,48.0,0.4,4.0,60.0,2.0,2.0,10.7,30.2,280.0,280.0,280.0,285.0,285.0,79.1,75.0,949.0,999.0,1751.0,1810,1834,1895.0,14.0,85.0,100.0,80.0,30.0,24.0,1.5,170,1.64,64.69,850.0,500.0
COPET GP001-EASTMAN,48.0,0.4,4.0,60.0,2.0,2.0,10.7,30.7,280.0,280.0,280.0,285.0,285.0,79.1,75.0,949.0,999.0,1909.0,1961,1991,2060.0,14.0,85.0,100.0,90.0,30.0,24.0,1.5,160,1.67,73.79,850.0,500.0
COPET GP001-EASTMAN,48.0,0.4,4.0,60.0,2.0,2.0,10.7,30.7,280.0,280.0,280.0,285.0,285.0,79.1,75.0,949.0,999.0,1989.0,2132,2167,2230.0,14.0,85.0,100.0,90.0,30.0,24.0,1.5,140,1.99,44.83,850.0,500.0
PLA 6100D NATUREWORKS,36.0,0.3,2.0,60.0,0.0,,15.0,50.0,225.0,215.0,220.0,230.0,235.0,8.0,75.0,2600.0,2700.0,2820.0,2975,2960,3055.0,21.0,59.29756790957383,87.26664903662662,96.44108203974949,20.0,20.0,1.3,135,2.08,55.33,0.0,0.0
PLA 6100D NATUREWORKS,36.0,0.3,2.0,60.0,0.0,,15.0,43.0,225.0,215.0,220.0,230.0,235.0,35.0,75.0,2600.0,2700.0,2820.0,2975,2960,3050.0,21.0,55.74126243508105,80.45882357691039,94.96350970042154,20.0,20.0,1.3,135,2.3,50.3,0.0,0.0
PET + 3% Antivirico SUKANO,72.0,0.3,2.0,34.0,3.0,2.0,20.0,64.0,275.0,280.0,285.0,285.0,290.0,91.1,75.0,2695.0,2765.0,2765.0,2695,2695,2780.0,18.0,109.16217781864651,133.22916511784595,134.40569529592563,24.0,20.0,1.5,218,2.28,92.61,500.0,355.0
PET + 3% Antivirico SUKANO,72.0,0.3,2.0,34.0,3.0,2.0,18.0,58.4,275.0,280.0,285.0,285.0,290.0,87.8,75.0,2695.0,2765.0,2765.0,2695,2695,2780.0,16.0,108.37993396807293,130.38979998045426,134.20222019439342,24.0,20.0,1.5,200,2.37,97.11,500.0,355.0
PET + 3% Antivirico SUKANO,72.0,0.3,2.0,60.0,3.0,2.0,20.0,58.94,270.0,280.0,284.0,285.0,285.0,91.3,76.8,2695.0,2765.0,2765.0,2695,2695,2790.0,16.0,100.44288407913953,116.2833890205872,129.3189647233566,20.0,24.0,1.4,215,2.37,101.72,500.0,355.0
PET + 3% Antivirico SUKANO,72.0,0.3,2.0,60.0,3.0,2.0,16.0,56.0,270.0,280.0,284.0,285.0,285.0,87.8,72.0,2695.0,2765.0,2765.0,2695,2695,2790.0,16.0,103.82599064114484,121.43962890307361,129.9239234432135,20.0,24.0,1.4,170,2.47,96.89,500.0,355.0
PET + 3% Antivirico SUKANO,72.0,0.3,2.0,60.0,3.0,2.0,16.0,80.0,250.0,260.0,265.0,270.0,270.0,25.0,60.0,2695.0,2765.0,2765.0,2695,2695,2790.0,16.0,98.80944699057387,127.42612472077059,123.30019719474234,20.0,24.0,1.4,170,2.06,123.89,500.0,355.0
PET + 1% Bactiblock 101 R4.47,72.0,0.3,2.0,178.0,2.0,2.0,20.0,65.0,280.0,285.0,285.0,290.0,290.0,81.3,75.0,2499.0,2599.0,2649.0,2651,2651,2740.0,,103.42211609348556,123.54975280798736,132.7956148404551,30.0,24.0,1.35,220,1.7,120.0,500.0,355.0
PET + 1% Bactiblock 101 R4.47,72.0,0.3,2.0,178.0,2.0,2.0,20.0,80.1,270.0,276.0,278.0,280.0,280.0,40.9,51.2,2201.0,2361.0,2379.0,2289,2299,2370.0,,89.93865907648369,103.77908335892837,115.65496616512722,30.0,26.0,1.35,250,1.38,204.0,500.0,355.0
PP HS61R,12.0,0.5,4.0,,0.0,2.0,20.0,44.0,195.0,195.0,200.0,200.0,200.0,0.0,75.0,1252.0,1549.0,1900.0,1991,1971,2000.0,25.0,,,,60.0,22.0,2.25,210,2.33,226.67,0.0,0.0
PP HS61R,12.0,0.5,4.0,,0.0,2.0,27.0,44.0,195.0,195.0,200.0,200.0,200.0,0.0,75.0,1252.0,1549.0,1900.0,1991,1971,2000.0,25.0,,,,60.0,22.0,2.25,290,1.68,223.5,0.0,0.0
PP HS61R,12.0,0.5,4.0,,0.0,2.0,27.0,44.0,195.0,195.0,200.0,200.0,200.0,0.0,75.0,1252.0,1951.0,2450.0,2651,2558,2595.0,25.0,,,,60.0,22.0,2.25,220,2.22,96.17,0.0,0.0
PP HS61R,12.0,0.5,4.0,,0.0,2.0,30.0,44.0,195.0,195.0,200.0,200.0,200.0,0.0,75.0,1252.0,1951.0,2450.0,2651,2558,2595.0,25.0,,,,60.0,22.0,2.25,240,1.83,62.83,0.0,0.0
PP HS61R,12.0,0.5,4.0,,0.0,2.0,33.0,44.0,195.0,195.0,200.0,200.0,200.0,3.6,75.0,1252.0,1951.0,2450.0,2651,2558,2595.0,25.0,,,,60.0,22.0,2.25,270,2.4,89.58,0.0,0.0
PP HS61R,12.0,0.5,4.0,,0.0,2.0,33.0,58.5,195.0,195.0,200.0,200.0,200.0,3.1,75.0,1252.0,2099.0,2349.0,2651,2558,2595.0,25.0,,,,80.0,24.0,2.25,270,2.02,98.25,0.0,0.0
PP HS61R,12.0,0.5,4.0,178.0,2.0,2.0,33.0,60.0,205.0,205.0,210.0,215.0,215.0,53.0,75.0,1252.0,2099.0,2349.0,2661,2558,2595.0,,70.86900035412928,71.22776230093413,93.2480127454196,90.0,24.0,2.25,270,1.54,90.33,800.0,500.0
PP HS61R,12.0,0.5,4.0,178.0,2.0,2.0,33.0,60.0,190.0,200.0,210.0,210.0,210.0,34.0,75.0,1399.0,2489.0,2501.0,2661,2558,2595.0,,72.0666609785853,68.4613660827399,95.57381096958765,100.0,22.0,2.25,240,1.41,108.6,800.0,500.0
PP 561R,72.0,0.35,4.0,178.0,0.0,,35.0,63.0,190.0,200.0,210.0,210.0,210.0,16.0,75.0,1800.0,2489.0,2501.0,2661,2558,2595.0,,63.101528869186055,65.97496173964308,87.23688029159482,60.0,22.0,1.5,290,2.36,166.5,0.0,0.0
PP 561R,72.0,0.35,4.0,178.0,0.0,,50.0,83.0,190.0,200.0,210.0,210.0,210.0,3.0,75.0,1599.0,2501.0,2551.0,2700,2602,2640.0,,49.4459560664228,59.69814862817806,79.33866127032415,80.0,22.0,2.25,410,2.74,165.27,0.0,0.0
PP H561R,36.0,0.35,4.0,178.0,0.0,,25.0,50.0,190.0,200.0,210.0,210.0,210.0,0.0,75.0,1852.0,2099.0,2349.0,2680,2548,2580.0,,69.36497555597401,70.03458144962283,101.61771689058298,70.0,22.0,2.25,210,3.18,126.33,0.0,0.0
PP H561R,36.0,0.35,4.0,178.0,0.0,,29.0,58.0,190.0,200.0,210.0,210.0,210.0,0.0,75.0,1852.0,2099.0,2349.0,2680,2548,2580.0,,66.76770981935266,69.51130196119358,96.69037651664026,70.0,22.0,2.25,240,3.05,122.75,0.0,0.0
PP H561R,12.0,0.5,4.0,60.0,0.0,2.0,29.0,62.0,205.0,220.0,225.0,230.0,235.0,18.9,70.0,1252.0,2099.0,2349.0,2661,2558,2590.0,16.0,74.60452540556294,74.63952138618549,98.50815378311707,95.0,24.0,2.25,245,1.91,96.81,800.0,300.0
PP H561R,12.0,0.5,4.0,60.0,0.0,2.0,29.0,65.0,210.0,220.0,225.0,225.0,220.0,18.0,70.0,1252.0,2099.0,2349.0,2661,2558,2590.0,20.0,72.0092837473933,70.49958058888427,97.0387632924836,95.0,24.0,2.25,225,2.04,102.67,800.0,300.0
PP H561R,12.0,0.5,4.0,60.0,0.0,2.0,30.0,65.0,210.0,220.0,225.0,225.0,220.0,17.4,70.0,1252.0,2099.0,2349.0,2661,2558,2590.0,20.0,71.00852588967119,68.68801877794377,96.63988961806254,95.0,24.0,2.25,230,1.84,86.44,800.0,300.0
PP H561R,12.0,0.5,4.0,60.0,0.0,2.0,31.0,66.0,210.0,220.0,225.0,225.0,220.0,27.5,70.0,1252.0,2099.0,2349.0,2661,2558,2590.0,24.0,72.085152054105,70.42498361586604,94.35817622657359,95.0,24.0,2.25,240,1.99,117.28,800.0,300.0
rPET + CO2 Pure,72.0,0.3,2.0,60.0,0.0,,18.6,59.0,275.0,280.0,285.0,285.0,285.0,25.6,70.0,1500.0,1650.0,2550.0,2563,2617,2700.0,20.0,90.0,105.0,125.0,30.0,22.0,1.35,205,2.9,62.93,0.0,0.0
rPET + CO2 Pure,72.0,0.3,2.0,60.0,0.0,,20.0,60.0,275.0,280.0,285.0,285.0,285.0,29.0,70.0,1500.0,1650.0,2550.0,2563,2617,2700.0,20.0,90.0,105.0,125.0,30.0,22.0,1.35,220,2.9,62.93,0.0,0.0
rPET + CO2 Pure,72.0,0.3,2.0,60.0,0.0,,22.0,60.0,275.0,280.0,285.0,285.0,285.0,37.9,70.0,1500.0,1650.0,2700.0,2700,2725,2810.0,20.0,90.0,105.0,125.0,30.0,22.0,1.35,233,2.6,46.0,0.0,0.0
PA B33L,36.0,0.4,4.0,34.0,0.0,,23.0,38.0,255.0,265.0,275.0,275.0,280.0,105.0,75.0,2925.0,3000.0,3000.0,2990,2925,3020.0,10.0,106.82261445327944,120.93433866130664,128.23235536732844,70.0,25.0,1.4,200,2.88,80.56,0.0,0.0
PA B33L,36.0,0.4,4.0,34.0,0.0,,23.0,38.0,255.0,265.0,275.0,275.0,280.0,110.0,75.0,2802.0,2896.0,2905.0,2832,2832,2910.0,12.0,102.87448879746286,118.90908731349283,123.64341201072509,70.0,25.0,1.4,200,2.97,89.22,0.0,0.0
PA B33L,36.0,0.4,4.0,34.0,0.0,,19.0,33.0,255.0,265.0,275.0,275.0,280.0,98.0,75.0,2431.0,2516.0,2525.0,2465,2460,2530.0,12.0,100.59728705328378,118.38039410635623,120.61412783952346,70.0,23.0,1.4,180,2.88,89.89,0.0,0.0
PA6 PENTABATC,36.0,0.4,4.0,60.0,0.0,,24.0,70.0,250.0,260.0,260.0,260.0,260.0,13.5,86.5,2800.0,2960.0,3000.0,3050,3060,3160.0,11.0,111.8872127613088,131.04468054098592,129.7727364100742,35.0,25.0,1.4,190,3.97,83.11,0.0,0.0
PA6 PENTABATC,36.0,0.4,4.0,60.0,0.0,,30.0,73.7,250.0,260.0,260.0,260.0,260.0,26.5,85.0,2800.0,2960.0,3000.0,3050,3060,3170.0,30.0,104.44278195060882,126.33217991913955,126.74442539935832,35.0,25.0,1.4,230,3.67,81.67,0.0,0.0
PA6 PENTABATC,36.0,0.4,4.0,60.0,0.0,,30.0,73.8,250.0,260.0,260.0,260.0,260.0,26.1,87.8,2800.0,2960.0,3000.0,3220,3235,3345.0,30.0,95.55157465082262,127.07528206459187,120.9650449346517,50.0,30.0,1.4,230,3.67,73.06,0.0,0.0
PA6 H24,36.0,0.4,4.0,60.0,0.0,,30.0,63.9,235.0,240.0,245.0,260.0,260.0,32.5,85.0,2700.0,2959.0,2994.0,3218,3233,3315.0,27.0,86.64354509537277,114.98718528108174,116.45852375189945,50.0,30.0,1.4,230,3.47,67.44,0.0,0.0
PA6 B27,36.0,0.4,4.0,60.0,0.0,,30.0,58.0,260.0,270.0,275.0,275.0,270.0,82.0,85.0,2700.0,2959.0,2994.0,3218,3233,3315.0,27.0,97.70694602470401,123.19464316985281,122.55817455800128,50.0,30.0,1.4,230,3.3,62.33,0.0,0.0
PA6 B27,36.0,0.4,4.0,60.0,0.0,,25.0,61.48,265.0,275.0,280.0,275.0,270.0,87.7,86.9,2700.0,2959.0,2994.0,3218,3233,3315.0,27.0,104.92573892716219,131.34004266411947,125.80521791754022,50.0,30.0,1.4,200,3.64,74.4,0.0,0.0
PA6 B27,36.0,0.4,4.0,60.0,0.0,,25.0,64.0,275.0,285.0,290.0,275.0,270.0,83.0,86.9,2700.0,2959.0,2994.0,3218,3233,3315.0,27.0,109.61783558026949,135.9720876098867,127.5207766673199,50.0,30.0,1.4,200,3.39,71.3,0.0,0.0
PET + Avanza O 0.3.%,72.0,0.3,2.0,60.0,0.0,,24.0,69.6,275.0,285.0,285.0,285.0,285.0,9.5,70.0,2560.0,2660.0,2665.0,2600,2600,2670.0,20.0,90.88364728567647,116.7911008525673,126.21781597275594,20.0,24.0,1.35,257,1.9,94.5,0.0,0.0
rPET + CO2 Pure 3%,72.0,0.3,0.6666666666666666,178.0,0.0,2.0,22.0,84.0,275.0,280.0,285.0,280.0,280.0,0.3,70.0,1500.0,1650.0,2700.0,2700,2724,2810.0,18.0,90.0,105.0,125.0,30.0,22.0,1.35,235,1.2,46.22,100.0,80.0
rPET + CO2 Pure 3%,72.0,0.3,0.6666666666666666,178.0,0.0,2.0,22.0,78.25,270.0,270.0,275.0,275.0,280.0,0.0,72.6,1500.0,1650.0,2300.0,2500,2700,2795.0,18.0,90.0,105.0,125.0,30.0,22.0,1.35,240,1.14,61.9,100.0,80.0
rPET + CO2 Pure 2.5%,72.0,0.3,2.0,178.0,2.0,2.0,22.0,68.0,260.0,265.0,270.0,270.0,272.0,17.0,60.0,1500.0,1650.0,2150.0,2548,2714,2795.0,21.0,90.0,110.0,125.0,30.0,24.0,1.35,240,1.32,44.33,500.0,355.0
rPET + CO2 Pure 2.5%,72.0,0.3,2.0,178.0,2.0,2.0,22.0,68.0,260.0,265.0,270.0,270.0,275.0,2.0,60.0,1500.0,1650.0,2150.0,2548,2715,2795.0,20.0,90.0,110.0,125.0,30.0,26.0,1.3,240,1.51,55.72,850.0,500.0
PES + 1% BB101 R4.47,72.0,0.4,2.0,178.0,2.0,2.0,20.0,79.0,260.0,270.0,275.0,275.0,275.0,3.0,60.0,2240.0,2361.0,2355.0,2289,2299,2370.0,,90.79681598847186,106.81945799798129,112.79217907949443,30.0,24.0,1.3,260,1.52,165.0,500.0,355.0
PA B33L,36.0,0.3,2.0,60.0,2.0,2.0,6.0,50.0,285.0,295.0,300.0,295.0,285.0,88.0,51.0,582.0,809.0,1505.0,2196,2191,2240.0,,75.0,102.0,140.0,40.0,10.0,1.3,160,4.38,43.83,800.0,500.0
PP H561R,36.0,0.35,4.0,60.0,0.0,,29.0,64.0,220.0,230.0,235.0,235.0,230.0,54.0,75.0,1252.0,2099.0,2349.0,2680,2548,2580.0,,74.0195291108402,78.10814096913757,98.85747469858946,60.0,22.0,2.25,240,3.23,141.33,0.0,0.0
PP H561R,36.0,0.35,4.0,60.0,0.0,,29.5,64.0,220.0,220.0,225.0,225.0,220.0,60.0,75.0,1898.0,2001.0,2450.0,2602,2548,2610.0,,62.76031886067099,70.31164173542018,87.01969464050825,60.0,22.0,2.25,240,1.04,135.54,0.0,0.0
PLA LUMINY L130,36.0,0.3,2.0,60.0,3.0,2.0,15.0,42.0,225.0,215.0,220.0,230.0,235.0,13.3,75.0,2600.0,2700.0,2820.0,2980,2930,3050.0,16.0,61.573620621210736,84.27551608245794,98.66401229426725,20.0,20.0,1.3,135,2.22,47.4,500.0,355.0
PLA LUMINY L130,36.0,0.3,2.0,60.0,3.0,2.0,20.0,44.0,225.0,215.0,220.0,230.0,235.0,31.0,75.0,2600.0,2700.0,2820.0,2980,2930,3050.0,16.0,61.78714727927662,85.71455319046873,99.12320491937496,20.0,20.0,1.3,180,2.25,51.87,500.0,355.0
PLA LUMINY L130,72.0,0.3,2.0,60.0,1.0,2.0,18.0,40.0,225.0,215.0,220.0,230.0,240.0,63.0,75.0,2620.0,2750.0,2820.0,2950,2930,3010.0,22.0,57.50869708677539,84.8093123202755,92.00445204479254,15.0,20.0,1.3,180,2.09,43.7,250.0,180.0
PLA LUMINY L130,72.0,0.3,2.0,60.0,1.0,2.0,22.0,45.0,225.0,215.0,220.0,230.0,240.0,87.0,75.0,2620.0,2750.0,2820.0,2950,2930,3010.0,22.0,58.740398369205465,86.94500205009497,92.66516094008853,15.0,20.0,1.3,210,2.18,49.8,250.0,180.0
PLA LUMINY L130,72.0,0.3,2.0,60.0,1.0,2.0,24.0,48.0,225.0,215.0,220.0,230.0,245.0,125.0,75.0,2620.0,2750.0,2820.0,2950,2930,3010.0,22.0,59.72996500519301,88.05057635638948,94.22863730508041,15.0,20.0,1.3,230,2.22,50.43,250.0,180.0
PLA LUMINY L130,72.0,0.3,2.0,60.0,3.0,2.0,27.0,49.0,225.0,215.0,220.0,230.0,235.0,27.0,75.0,2620.0,2750.0,2820.0,2950,2930,3010.0,24.0,56.70425600074375,89.68480540844287,93.94269006472356,70.0,20.0,1.3,250,2.18,53.63,500.0,355.0
PLA L130,24.0,0.3,2.0,60.0,3.0,2.0,10.0,46.8,225.0,230.0,230.0,235.0,240.0,58.0,75.0,1526.0,1600.0,2685.0,2802,2861,2955.0,,70.0,90.0,110.0,20.0,20.0,1.3,100,2.84,27.04,500.0,350.0
PLA L130,24.0,0.3,2.0,60.0,3.0,2.0,8.0,49.4,225.0,230.0,230.0,235.0,240.0,49.6,75.0,1624.0,1701.0,2685.0,2802,2861,2955.0,,70.0,90.0,110.0,20.0,18.0,1.3,79,2.92,27.5,500.0,350.0
PLA L130,24.0,0.3,2.0,60.0,3.0,2.0,5.0,45.6,225.0,230.0,230.0,235.0,240.0,34.8,75.0,1825.0,1900.0,2685.0,2802,2861,2955.0,,70.0,90.0,110.0,20.0,18.0,1.3,48,2.87,24.0,500.0,350.0
SPH16,72.0,0.25,2.0,60.0,2.0,2.0,13.0,65.0,250.0,250.0,255.0,255.0,260.0,61.0,80.0,2610.0,2750.0,2740.0,2750,2695,2780.0,21.0,89.97066677247012,107.84865145829676,115.20457214369512,40.0,22.0,1.65,135,2.72,71.78,500.0,355.0
SPH16,72.0,0.25,2.0,60.0,2.0,2.0,13.0,25.6,255.0,260.0,260.0,265.0,265.0,49.7,80.0,2050.0,2125.0,2150.0,2090,2080,2780.0,15.0,61.72200165959826,104.92484016543473,99.73142975413325,30.0,22.0,1.5,165,0.86,97.68,500.0,355.0
PP HS61R,48.0,0.2,,60.0,0.0,,28.0,62.0,215.0,225.0,235.0,240.0,350.0,0.0,80.0,1149.0,1225.0,1799.0,2494,2348,2430.0,,60.0,80.0,90.0,80.0,25.0,2.4,240,3.49,82.33,0.0,0.0
PP HS61R,48.0,0.2,,60.0,0.0,,35.0,70.0,215.0,225.0,235.0,240.0,350.0,0.0,80.0,1149.0,1225.0,1799.0,2494,2348,2440.0,,60.0,80.0,90.0,80.0,25.0,2.4,300,3.27,86.67,0.0,0.0
PP HS61R,48.0,0.2,,60.0,0.0,,28.0,73.0,215.0,225.0,235.0,240.0,350.0,0.0,80.0,1149.0,1225.0,1799.0,2494,2348,2440.0,,60.0,80.0,90.0,80.0,25.0,2.4,240,3.58,90.49,0.0,0.0
PET + 15% SPH16,72.0,0.35,4.0,60.0,2.0,2.0,15.0,40.0,275.0,280.0,280.0,285.0,290.0,68.5,70.0,,2690.0,2725.0,2690,2680,2765.0,19.0,,,,25.0,22.0,1.3,165,2.11,121.85,500.0,355.0
PET + 15% SPH16,72.0,0.35,4.0,60.0,2.0,2.0,12.5,42.0,275.0,280.0,280.0,285.0,290.0,56.0,70.0,,2690.0,2725.0,2690,2680,2765.0,19.0,,,,25.0,22.0,1.3,130,2.22,116.94,500.0,355.0
PET + 15% SPH16,72.0,0.35,4.0,60.0,2.0,2.0,14.5,54.0,275.0,280.0,280.0,285.0,290.0,49.0,70.0,,1200.0,1300.0,2400,2650,2680.0,20.0,80.0,90.0,120.0,25.0,22.0,1.3,155,2.61,68.87,500.0,355.0
PET + 15% SPH16,72.0,0.35,4.0,60.0,2.0,2.0,14.5,54.0,275.0,280.0,280.0,285.0,290.0,49.0,70.0,800.0,850.0,2400.0,2675,2675,2760.0,20.0,80.0,90.0,120.0,25.0,22.0,1.3,155,3.21,36.94,500.0,355.0
PBT + 15% SPH16W,72.0,0.35,4.0,60.0,2.0,2.0,13.0,59.0,245.0,250.0,255.0,260.0,265.0,34.0,70.0,2651.0,2751.0,2751.0,2695,2695,2780.0,,111.0695171351751,124.97574516420669,128.00165055336413,25.0,22.0,1.3,135,1.8,72.28,500.0,355.0
PBT + 15% SPH16W,72.0,0.35,4.0,60.0,2.0,2.0,14.0,50.0,245.0,250.0,255.0,260.0,265.0,41.0,70.0,1100.0,1249.0,2700.0,2700,2641,2720.0,,75.0,85.0,115.0,25.0,22.0,1.3,158,3.0,22.72,500.0,355.0
PBT + 3% Octil,72.0,0.35,4.0,60.0,2.0,2.0,13.0,30.0,260.0,270.0,275.0,275.0,275.0,38.4,70.0,2680.0,2750.0,2750.0,2685,2690,2780.0,12.0,104.1491128871375,128.30309687808145,124.56720679556862,10.0,22.0,1.2,137,0.75,93.5,500.0,355.0
PBT + 3% Octil,72.0,0.35,4.0,60.0,2.0,2.0,13.0,32.0,260.0,270.0,275.0,275.0,275.0,38.4,70.0,2450.0,2525.0,2550.0,2490,2499,2580.0,12.0,100.75224404552031,125.01148439488452,120.56313982358738,10.0,20.0,1.2,142,0.8,90.5,500.0,355.0
PBT + 15% MB,72.0,0.35,4.0,60.0,4.0,2.0,14.0,28.0,265.0,270.0,275.0,275.0,275.0,48.8,70.0,800.0,950.0,2350.0,2400,2320,2390.0,10.0,65.0,80.0,115.0,20.0,20.0,1.3,164,1.98,18.72,850.0,500.0
PBT + 15% MB,72.0,0.35,4.0,60.0,4.0,2.0,13.8,29.0,265.0,270.0,275.0,275.0,275.0,46.8,70.0,900.0,1050.0,2450.0,2460,2406,2490.0,16.0,65.0,80.0,115.0,20.0,20.0,1.3,159,1.86,26.4,850.0,500.0
PBT + 15% MB,72.0,0.35,4.0,60.0,4.0,2.0,11.5,74.6,250.0,255.0,260.0,260.0,265.0,47.8,70.0,2950.0,3000.0,3000.0,2955,2950,3046.0,10.0,129.3055682966015,139.71187015178654,144.8227484841118,20.0,20.0,1.3,115,2.18,68.44,850.0,500.0
PBT + 15% MB,72.0,0.35,4.0,60.0,4.0,2.0,11.0,84.0,250.0,260.0,270.0,270.0,275.0,59.0,70.0,2850.0,2900.0,2926.0,2860,2860,2955.0,12.0,145.94956558479836,159.45129498703636,151.76683763472448,20.0,20.0,1.3,107,2.01,27.33,850.0,500.0
TPX,72.0,0.4,4.0,60.0,0.0,,18.0,70.0,265.0,270.0,275.0,280.0,290.0,47.0,50.0,2152.0,2251.0,2284.0,2230,2211,2285.0,,120.40542002730132,150.30337830919535,134.16451625308923,40.0,20.0,1.1,158,1.3,22.5,0.0,0.0
TPX,72.0,0.4,4.0,60.0,0.0,,11.0,77.0,270.0,280.0,285.0,290.0,295.0,25.0,50.0,1052.0,1091.0,1085.0,1061,1066,1125.0,,129.667957950583,143.8753264633945,146.13873193133153,40.0,18.0,1.1,200,1.33,49.11,0.0,0.0
TPX,72.0,0.4,4.0,60.0,0.0,,7.0,66.0,270.0,280.0,285.0,290.0,295.0,16.0,50.0,636.0,675.0,675.0,660,675,695.0,,112.10594620611968,135.48177939787348,138.23893498506567,40.0,16.0,1.1,235,1.27,65.39,0.0,0.0
TPX,72.0,0.4,4.0,60.0,0.0,,14.0,75.0,270.0,280.0,285.0,290.0,295.0,29.0,50.0,783.0,900.0,1499.0,2201,2171,2245.0,,120.0,160.0,145.0,40.0,16.0,1.1,130,4.26,26.28,0.0,0.0
TPX,72.0,0.4,4.0,60.0,0.0,,16.0,71.0,265.0,275.0,280.0,285.0,295.0,32.0,50.0,783.0,900.0,1499.0,2201,2171,2245.0,,120.0,160.0,145.0,40.0,16.0,1.1,150,3.92,25.28,0.0,0.0
PET + 3% Zeol Ag,72.0,0.3,2.0,178.0,2.0,178.0,25.0,87.0,255.0,260.0,265.0,270.0,270.0,103.0,50.0,1800.0,1990.0,2000.0,2000,1980,2020.0,14.0,76.17255631228134,79.96795190034658,97.97193837032104,20.0,24.0,1.0,370,0.8,215.44,500.0,355.0
LOWMELT 53001,72.0,0.3,2.0,178.0,3.0,178.0,20.0,52.8,240.0,260.0,265.0,270.0,275.0,102.8,65.0,800.0,900.0,2600.0,2950,2930,3055.0,21.0,70.0,85.0,115.0,30.0,22.0,1.3,185,2.61,34.94,500.0,355.0
PA H24,48.0,0.4,4.0,60.0,0.0,,12.0,80.0,255.0,260.0,265.0,256.0,275.0,90.0,55.0,1800.0,1751.0,2001.0,2440,2406,2500.0,,122.54541268727434,141.13568269580006,131.90776037127685,45.0,12.0,1.3,130,3.52,76.06,0.0,0.0
PA H24,48.0,0.4,4.0,60.0,0.0,,12.0,72.0,250.0,255.0,265.0,256.0,275.0,90.0,55.0,1687.0,1751.0,2251.0,2440,2406,2500.0,,117.09104232150594,135.66782158560903,128.5726341097564,45.0,14.0,1.3,125,3.41,81.72,0.0,0.0
TPX DX350,72.0,0.4,4.0,60.0,0.0,,14.0,68.0,265.0,275.0,280.0,285.0,285.0,42.0,50.0,1100.0,1249.0,1751.0,2201,2176,2245.0,,130.0,160.0,140.0,20.0,18.0,1.1,125,3.7,23.5,0.0,0.0
ADUANITE S3001,72.0,0.3,2.0,178.0,0.0,,21.0,47.0,250.0,260.0,265.0,270.0,270.0,93.0,65.0,800.0,980.0,2700.0,2950,2940,3050.0,,70.0,85.0,115.0,45.0,20.0,1.3,195,2.75,27.94,0.0,0.0
ADUANITE S3001,72.0,0.3,2.0,178.0,0.0,,21.0,47.0,250.0,260.0,265.0,270.0,270.0,100.0,65.0,800.0,980.0,2700.0,2950,2940,3050.0,,70.0,85.0,100.0,45.0,20.0,1.3,195,2.94,31.17,0.0,0.0
TPX DX350,72.0,0.4,4.0,60.0,0.0,,14.0,56.64,260.0,265.0,270.0,275.0,290.0,48.4,60.3,1100.0,1249.0,1751.0,2201,2176,2245.0,18.0,130.0,160.0,150.0,15.0,18.0,1.05,130,3.5,21.22,0.0,0.0
100%MB SP16H,72.0,0.35,4.0,60.0,2.0,2.0,13.0,60.0,260.0,265.0,275.0,275.0,275.0,58.0,70.0,2100.0,2200.0,2550.0,2489,2499,2570.0,20.0,114.91302389703776,137.0257903089812,129.0261385930072,15.0,20.0,1.2,155,1.5,96.0,500.0,355.0
100%MB SP16H,72.0,0.35,4.0,60.0,2.0,2.0,12.8,46.0,260.0,265.0,270.0,275.0,275.0,56.6,75.0,2200.0,2300.0,2450.0,2505,2500,2560.0,15.0,106.14310065071814,126.49222477615112,122.8552684717017,15.0,20.0,1.2,145,1.53,112.0,500.0,355.0
100%MB SP16H,72.0,0.35,4.0,60.0,2.0,2.0,12.6,44.7,260.0,265.0,270.0,275.0,275.0,69.1,75.0,2200.0,2300.0,2450.0,2505,2500,2560.0,15.0,105.41472713027771,125.23048616235982,122.16067303439696,15.0,20.0,1.2,143,1.48,114.22,500.0,355.0
100%MB SP16H,72.0,0.35,4.0,60.0,2.0,2.0,13.8,41.56,260.0,265.0,270.0,275.0,275.0,88.3,75.4,900.0,1100.0,2200.0,2470,2406,2490.0,15.0,60.0,77.0,115.0,15.0,20.0,1.2,158,2.67,40.87,500.0,355.0
PBT + 15% SPH16W,72.0,0.35,4.0,60.0,2.0,2.0,12.0,77.0,255.0,260.0,265.0,275.0,275.0,53.0,50.0,2825.0,2900.0,2926.0,2860,2860,2955.0,,134.61740138089135,152.38944681794027,145.96566574344573,15.0,20.0,1.2,120,2.0,65.0,500.0,355.0
PP + 10% Talco,72.0,0.35,4.0,60.0,2.0,2.0,20.6,47.24,200.0,210.0,225.0,230.0,230.0,104.4,63.9,719.0,950.0,1300.0,1750,1760,1835.0,,65.0,80.0,80.0,90.0,15.0,2.25,240,1.2,197.0,500.0,355.0
PP + Talco + Verde,72.0,0.35,4.0,60.0,2.0,2.0,20.1,53.0,200.0,210.0,225.0,230.0,230.0,103.0,65.0,750.0,900.0,1550.0,1960,1950,2010.0,22.0,70.0,80.0,80.0,90.0,17.0,2.25,220,1.16,100.78,500.0,355.0
Pruebas PP Amarilleamiento,72.0,0.6,4.0,178.0,0.0,,33.0,94.32,240.0,260.0,275.0,280.0,280.0,32.1,66.1,523.0,550.0,1600.0,1858,1820,1882.0,,70.0,135.0,125.0,60.0,12.0,2.1,330,3.72,80.3,0.0,0.0
Pruebas PP Amarilleamiento,72.0,0.6,4.0,178.0,0.0,,36.0,94.32,240.0,260.0,275.0,280.0,280.0,32.1,66.1,523.0,550.0,1600.0,1960,1910,1980.0,,70.0,135.0,125.0,60.0,12.0,2.1,340,3.17,61.0,0.0,0.0
PP + Talco + Rojo,12.0,0.5,4.0,178.0,0.0,178.0,21.5,56.0,210.0,210.0,225.0,230.0,230.0,125.0,65.0,750.0,900.0,1550.0,1960,1950,2010.0,,60.0,70.0,80.0,90.0,17.0,2.25,220,1.33,144.79,0.0,0.0
PP + Talco + Verde,12.0,0.5,4.0,178.0,0.0,178.0,21.5,54.0,200.0,210.0,230.0,230.0,230.0,170.0,65.0,750.0,1000.0,1550.0,1960,1950,2010.0,,60.0,70.0,80.0,90.0,20.0,2.25,220,1.28,162.83,0.0,0.0
PA + CNT PA Nanocyl PA (H24),48.0,0.4,2.0,60.0,0.0,90.0,23.0,60.0,235.0,245.0,253.0,250.0,250.0,65.0,65.0,2800.0,2950.0,3000.0,2920,2900,3030.0,18.0,75.44801777925208,105.44115080526375,111.4402275174331,30.0,15.0,1.25,200,3.14,87.39,0.0,0.0
PA + CNT PA Nanocyl PA (H24),48.0,0.4,2.0,60.0,0.0,90.0,23.0,59.0,235.0,245.0,253.0,250.0,250.0,77.0,65.0,3685.0,2950.0,3000.0,3750,3740,3860.0,18.0,75.45582634403837,126.13552996836697,117.79791901158389,30.0,15.0,1.25,165,3.4,68.1,0.0,0.0
rPET,75.0,0.3,2.0,90.0,0.0,,24.0,63.0,270.0,280.0,290.0,290.0,290.0,118.0,60.0,750.0,800.0,1500.0,2550,2485,2560.0,,85.0,100.0,130.0,30.0,18.0,1.3,300,2.7,27.0,0.0,0.0
rPET,75.0,0.3,2.0,90.0,0.0,,25.0,62.0,270.0,280.0,290.0,290.0,295.0,115.4,65.0,700.0,750.0,1500.0,2515,2485,2565.0,,85.0,100.0,130.0,30.0,18.0,1.3,290,2.9,27.0,0.0,0.0
rPET 2% HIPS,75.0,0.3,2.0,90.0,0.0,,25.2,63.0,275.0,285.0,285.0,285.0,295.0,115.7,60.0,700.0,750.0,1300.0,2515,2485,2565.0,,85.0,100.0,130.0,30.0,18.0,1.3,300,2.52,27.2,0.0,0.0
rPET 0.5% HIPS,75.0,0.3,2.0,90.0,0.0,,25.1,63.0,275.0,285.0,285.0,285.0,290.0,115.7,60.0,875.0,900.0,1300.0,2500,2485,2565.0,,85.0,100.0,130.0,30.0,18.0,1.3,300,2.2,43.25,0.0,0.0
rPET 0.5% HIPS,75.0,0.3,2.0,90.0,0.0,,25.0,63.0,275.0,285.0,285.0,285.0,290.0,115.7,60.0,700.0,750.0,1300.0,2500,2485,2565.0,,85.0,100.0,130.0,30.0,18.0,1.3,300,2.9,25.22,0.0,0.0
rPET 0.5% HIPS,75.0,0.3,2.0,90.0,0.0,,25.0,62.0,275.0,285.0,285.0,285.0,290.0,126.0,58.0,765.0,820.0,1375.0,2515,2485,2565.0,,85.0,100.0,130.0,40.0,18.0,1.3,300,2.43,28.67,0.0,0.0
PHB 2450 mod,48.0,0.4,4.0,90.0,4.0,2.0,6.5,53.0,165.0,170.0,175.0,185.0,185.0,0.0,50.0,850.0,915.0,960.0,955,970,1000.0,25.0,28.139516789732866,49.88746381727351,52.74187635648348,20.0,20.0,1.3,200,0.9,64.0,855.0,500.0
PHB 2450 mod,48.0,0.4,4.0,90.0,4.0,2.0,9.0,58.0,165.0,170.0,175.0,185.0,185.0,0.0,50.0,850.0,1420.0,1470.0,1435,1440,1500.0,25.0,36.423310520967405,50.61335500721769,64.70715067824597,20.0,16.0,1.3,175,0.8,54.0,855.0,500.0
PHB 2450 mod,48.0,0.4,4.0,90.0,4.0,2.0,12.0,58.0,165.0,170.0,175.0,185.0,185.0,0.0,50.0,850.0,1939.0,1980.0,1942,1932,2000.0,20.0,42.6940505742459,59.457258172711434,72.63464430902665,20.0,16.0,1.3,168,0.92,59.0,855.0,500.0
PHB 2450 mod,48.0,0.4,4.0,90.0,4.0,2.0,4.0,53.0,165.0,170.0,175.0,185.0,185.0,0.0,50.0,500.0,540.0,560.0,580,580,600.0,20.0,20.56635313423567,37.64904885158441,49.90740786220715,20.0,11.0,1.3,235,0.48,80.0,855.0,500.0
PHB 2450 mod,48.0,0.4,4.0,90.0,4.0,2.0,14.0,59.0,165.0,170.0,175.0,185.0,185.0,31.0,50.0,1350.0,1425.0,1850.0,1930,1995,2075.0,20.0,45.0,60.0,90.0,20.0,15.0,1.3,195,1.3,33.0,855.0,500.0
PHB 2450 mod,48.0,0.4,4.0,90.0,4.0,2.0,14.0,59.0,165.0,170.0,175.0,185.0,185.0,32.2,50.0,1350.0,1425.0,1850.0,1995,1976,2055.0,20.0,45.0,60.0,70.0,20.0,15.0,1.3,190,1.4,34.0,855.0,500.0
PHB 2450 mod,48.0,0.4,4.0,90.0,4.0,2.0,14.0,54.5,165.0,170.0,175.0,185.0,185.0,41.5,50.0,1350.0,1425.0,1850.0,1995,1976,2055.0,20.0,45.0,60.0,70.0,20.0,15.0,1.3,198,1.2,30.0,855.0,500.0
TPX DX350,72.0,0.4,4.0,,0.0,,15.0,70.0,270.0,275.0,280.0,285.0,290.0,45.5,50.0,1081.0,1170.0,1600.0,2100,2050,2125.0,12.0,130.0,160.0,150.0,15.0,20.0,1.1,135,3.47,25.44,0.0,0.0
TPX DX350,72.0,0.4,4.0,,0.0,,14.6,68.0,270.0,275.0,280.0,285.0,290.0,48.0,50.0,1200.0,1350.0,1650.0,2100,2050,2125.0,12.0,130.0,160.0,150.0,15.0,20.0,1.1,130,2.9,26.78,0.0,0.0
TCP - ET,12.0,0.5,4.0,178.0,0.0,,14.0,34.7,210.0,220.0,230.0,240.0,240.0,134.6,62.8,800.0,850.0,865.0,900,935,985.0,,32.969535060993834,44.848175543471235,47.91746139327347,80.0,18.0,2.3,390,0.83,360.0,0.0,0.0
TCP - ET,12.0,0.5,4.0,178.0,0.0,,10.0,30.5,210.0,220.0,230.0,240.0,240.0,120.0,60.0,800.0,850.0,865.0,900,935,985.0,,38.995956804676645,48.439379590122826,59.31471501783426,80.0,18.0,2.3,270,0.8,330.0,0.0,0.0
TCP - ET,12.0,0.5,4.0,178.0,0.0,,14.0,34.0,210.0,220.0,230.0,240.0,250.0,163.0,60.0,1950.0,850.0,865.0,1965,1981,2060.0,,71.18094141569311,68.86297292730416,92.81750358055885,80.0,18.0,2.3,180,1.16,261.0,0.0,0.0
TCP - ET,12.0,0.5,4.0,178.0,0.0,,14.0,34.0,210.0,220.0,230.0,240.0,250.0,163.0,60.0,600.0,700.0,1400.0,1650,1610,1650.0,,51.89915514255497,64.88792648849031,71.8324175495531,80.0,18.0,2.3,275,1.29,208.0,0.0,0.0
TCP - ET,12.0,0.5,4.0,178.0,0.0,,14.0,34.0,210.0,220.0,230.0,240.0,250.0,163.0,60.0,600.0,700.0,1799.0,1790,1775,1820.0,,55.96475372143104,70.50526070535628,76.64392234593055,80.0,20.0,2.3,250,1.41,176.0,0.0,0.0
TPX,72.0,0.4,4.0,60.0,0.0,,14.0,68.0,265.0,275.0,280.0,285.0,288.0,52.9,50.0,750.0,1000.0,1375.0,1750,1735,1775.0,,140.0,160.0,145.0,15.0,18.0,1.15,155,2.8,21.5,0.0,0.0
TPX,72.0,0.4,4.0,60.0,0.0,,14.0,68.0,265.0,275.0,280.0,285.0,288.0,52.9,50.0,950.0,1150.0,1390.0,1750,1735,1775.0,,140.0,160.0,145.0,15.0,18.0,1.15,130,2.26,19.11,0.0,0.0
TPX,72.0,0.4,4.0,60.0,0.0,,12.5,68.0,265.0,275.0,280.0,285.0,288.0,52.9,50.0,1160.0,1300.0,1450.0,1750,1735,1775.0,,140.0,160.0,145.0,15.0,18.0,1.15,130,2.4,23.0,0.0,0.0
TPX,72.0,0.4,4.0,60.0,0.0,,12.5,68.0,275.0,285.0,285.0,290.0,288.0,52.9,50.0,1160.0,1300.0,1450.0,1750,1735,1775.0,,140.0,160.0,145.0,15.0,18.0,1.15,130,1.7,17.0,0.0,0.0
TPX,72.0,0.4,4.0,60.0,0.0,,15.0,69.0,270.0,275.0,285.0,290.0,300.0,56.0,50.0,1150.0,1350.0,1600.0,2100,2050,2120.0,,125.0,150.0,140.0,15.0,20.0,1.1,135,3.23,21.17,0.0,0.0
TPX,72.0,0.4,4.0,60.0,0.0,,14.5,69.0,270.0,275.0,285.0,290.0,300.0,53.0,50.0,1150.0,1350.0,1600.0,2100,2050,2120.0,,125.0,150.0,140.0,15.0,20.0,1.1,130,2.7,21.83,0.0,0.0
TPX,72.0,0.4,4.0,60.0,0.0,,14.5,69.0,270.0,275.0,285.0,290.0,300.0,48.3,50.0,1150.0,1350.0,1600.0,2100,2050,2120.0,,125.0,150.0,140.0,15.0,20.0,1.1,130,2.5,23.61,0.0,0.0
TPX,72.0,0.4,4.0,60.0,0.0,,14.5,69.0,270.0,275.0,285.0,290.0,300.0,45.8,50.0,1150.0,1350.0,1600.0,2100,2050,2120.0,,125.0,150.0,140.0,15.0,20.0,1.1,130,2.31,23.72,0.0,0.0
PA H24,,0.2,,60.0,0.0,,12.0,75.0,245.0,250.0,255.0,260.0,265.0,151.0,50.0,1262.0,1906.0,2105.0,2440,2406,2500.0,,75.0,80.0,,30.0,20.0,1.3,125,3.58,59.1,0.0,0.0
TPX DX350,72.0,0.35,4.0,60.0,0.0,,15.0,65.0,260.0,270.0,280.0,290.0,290.0,49.1,50.0,1325.0,1375.0,1600.0,2080,2050,2125.0,,135.0,160.0,150.0,15.0,20.0,1.1,130,3.03,20.75,0.0,0.0
TPX DX350,72.0,0.35,4.0,60.0,0.0,,15.0,65.0,260.0,270.0,280.0,290.0,295.0,49.1,50.0,1290.0,1375.0,1600.0,2080,2050,2125.0,,135.0,160.0,150.0,15.0,20.0,1.1,130,2.75,21.67,0.0,0.0
rPET + PTT,72.0,0.3,2.0,60.0,0.0,60.0,15.0,83.0,245.0,255.0,260.0,270.0,265.0,35.0,50.0,1950.0,,,2000,1985,2050.0,,95.63115101851993,122.49099982669048,121.3718625734999,15.0,18.0,1.2,220,1.35,173.0,0.0,0.0
rPET + PTT,72.0,0.3,2.0,60.0,0.0,60.0,15.0,83.0,245.0,255.0,260.0,270.0,265.0,68.5,50.0,2190.0,,,2201,2190,2280.0,,81.57888965877186,112.38756968434113,108.57782310357426,15.0,24.0,1.0,210,1.28,171.0,0.0,0.0
PHB 2450 mod,48.0,0.4,4.0,90.0,0.0,,8.0,50.0,165.0,170.0,175.0,185.0,185.0,5.7,50.0,850.0,,,955,970,1000.0,,21.653191603950603,52.308076371545994,59.08858320670259,20.0,18.0,1.3,230,0.98,80.0,0.0,0.0
PHB 2450 mod Blanco 2%,48.0,0.4,4.0,90.0,0.0,,8.0,56.0,165.0,170.0,175.0,185.0,185.0,0.0,50.0,850.0,,,955,970,1000.0,,20.816968456137104,51.90498641974651,58.851581104164474,20.0,18.0,1.3,225,0.74,85.0,0.0,0.0
PHB 2450 mod Azul 2%,48.0,0.4,4.0,90.0,0.0,,8.0,48.0,165.0,170.0,175.0,185.0,185.0,0.0,50.0,850.0,,,955,970,1000.0,,20.844957812478285,51.88612276965039,58.34932059644499,20.0,18.0,1.3,225,0.75,74.0,0.0,0.0
PES + MNV,72.0,0.4,2.0,90.0,2.0,2.0,18.0,80.0,260.0,275.0,280.0,285.0,290.0,55.0,40.0,2250.0,2400.0,2500.0,2550,2500,2595.0,22.0,108.73091560228616,137.38072680738264,128.2758387641967,15.0,20.0,1.0,210,1.55,145.0,850.0,500.0
PES + MNV,72.0,0.4,2.0,90.0,2.0,2.0,21.0,75.0,255.0,265.0,270.0,280.0,285.0,49.0,40.0,2250.0,2400.0,2500.0,2550,2500,2595.0,22.0,98.95731000749728,127.40364536576304,123.23078719767189,15.0,20.0,1.0,250,1.66,157.0,850.0,500.0
PES + MNV,72.0,0.4,2.0,90.0,2.0,2.0,21.0,80.0,255.0,265.0,270.0,280.0,285.0,32.0,40.0,2250.0,2400.0,2500.0,2550,2500,2595.0,22.0,102.56153136350223,133.4350365377101,124.57227421798517,15.0,20.0,1.0,250,1.16,165.0,850.0,500.0
PP + FR,72.0,0.4,4.0,90.0,0.0,,16.0,41.2,200.0,215.0,220.0,230.0,230.0,36.3,60.0,750.0,900.0,2100.0,2152,2025,2085.0,30.0,65.0,80.0,110.0,50.0,18.0,1.5,150,3.36,24.55,0.0,0.0
PP + FR,72.0,0.4,4.0,90.0,0.0,,16.0,40.5,200.0,215.0,220.0,230.0,230.0,27.1,60.0,800.0,950.0,2150.0,2200,2025,2090.0,10.0,65.0,80.0,110.0,60.0,20.0,1.94,150,2.27,20.44,0.0,0.0
PP + FR,72.0,0.4,4.0,90.0,0.0,,16.0,80.0,210.0,230.0,240.0,245.0,250.0,32.7,40.0,800.0,950.0,2150.0,2200,2040,2135.0,10.0,65.0,80.0,110.0,80.0,20.0,2.2,150,2.9,87.0,0.0,0.0
rPET tejidos + rPET,72.0,0.3,2.0,60.0,0.0,60.0,15.0,56.0,250.0,255.0,260.0,265.0,265.0,73.9,50.0,2190.0,,,2200,2191,2275.0,16.0,80.5916737732242,109.20620894616975,112.256729914886,30.0,22.0,1.3,205,1.53,149.1,0.0,0.0
rPET tejidos + rPET,72.0,0.3,2.0,60.0,0.0,60.0,15.0,56.0,250.0,255.0,260.0,265.0,265.0,73.9,50.0,2150.0,,,2190,2190,2275.0,16.0,80.75901524938475,109.11926566226833,112.29732761747694,30.0,22.0,1.3,205,1.53,149.1,0.0,0.0
rPET tejidos + rPET,72.0,0.3,2.0,60.0,0.0,60.0,18.0,55.0,250.0,255.0,260.0,265.0,265.0,84.0,50.0,2890.0,,,2910,2905,3000.0,16.0,76.79619234811798,104.56226172194886,110.47291154799059,30.0,24.0,1.3,187,1.76,111.0,0.0,0.0
PA,48.0,0.4,2.0,105.0,0.0,,23.0,77.0,240.0,245.0,250.0,250.0,250.0,78.1,55.0,3683.0,,,3750,3740,3860.0,,79.59486778137486,124.4525931925327,116.41634099697393,40.0,24.0,1.25,150,4.11,64.5,0.0,0.0
PA,48.0,0.4,2.0,105.0,0.0,,23.0,64.0,240.0,245.0,250.0,250.0,250.0,70.0,55.0,3683.0,,,3750,3740,3860.0,,78.47565588549273,125.42198215420898,119.01060361782349,50.0,18.0,1.25,150,3.56,62.56,0.0,0.0
PA,48.0,0.4,2.0,105.0,0.0,,23.0,60.0,235.0,240.0,240.0,245.0,245.0,87.0,55.0,3683.0,,,3750,3740,3860.0,,71.6190368119261,116.56430367395157,113.46935320809801,40.0,18.0,1.5,160,3.51,69.0,0.0,0.0
TPC - ET LG,12.0,0.5,4.0,178.0,0.0,,10.0,30.0,215.0,220.0,230.0,240.0,250.0,81.0,60.0,700.0,800.0,2050.0,2180,2150,2210.0,,80.0,100.0,120.0,80.0,20.0,1.3,136,1.66,99.67,0.0,0.0
TPC - ET LG,12.0,0.5,4.0,178.0,0.0,,12.0,35.0,215.0,220.0,230.0,240.0,250.0,95.0,70.0,1250.0,1500.0,2650.0,2750,2450,2710.0,4.0,85.0,100.0,115.0,80.0,20.0,1.3,130,1.56,104.0,0.0,0.0
TPC - ET LG,12.0,0.5,4.0,178.0,0.0,,12.0,35.0,215.0,220.0,230.0,240.0,250.0,98.0,70.0,1300.0,1499.0,2801.0,3052,2739,3050.0,4.0,85.0,100.0,115.0,80.0,20.0,1.3,120,1.9,88.5,0.0,0.0
TPC - ET LG,12.0,0.5,4.0,178.0,0.0,,12.0,35.0,215.0,220.0,230.0,240.0,250.0,99.0,70.0,1700.0,1799.0,3000.0,3399,3199,3360.0,3.0,85.0,100.0,115.0,80.0,20.0,1.3,105,1.77,104.2,0.0,0.0
PEBAX MV 1074 SA,36.0,0.4,4.0,178.0,0.0,,12.0,29.0,200.0,210.0,215.0,220.0,225.0,92.0,70.0,1900.0,2000.0,2070.0,2100,2000,,,,,,80.0,20.0,2.3,190,1.66,195.0,0.0,0.0
A + rPET,72.0,0.3,2.0,60.0,0.0,60.0,18.0,56.0,250.0,255.0,260.0,260.0,265.0,107.0,50.0,2890.0,,,2910,2905,2990.0,,76.39278012321356,99.7893630567502,109.98049906160193,30.0,24.0,1.3,185,2.19,105.0,0.0,0.0
A + rPET,72.0,0.3,2.0,60.0,0.0,60.0,16.0,55.5,250.0,255.0,260.0,260.0,265.0,97.2,50.0,2890.0,,,2910,2905,2990.0,,78.09075690140705,103.01183621197836,110.34030729252723,30.0,24.0,1.3,165,2.09,107.0,0.0,0.0
A + rPET,36.0,0.3,2.0,90.0,0.0,,16.0,68.0,260.0,265.0,270.0,270.0,274.0,135.0,60.0,2890.0,,,2910,2905,2990.0,,97.67759369592795,123.38531245579632,117.96451273656862,30.0,24.0,1.3,155,1.8,121.2,0.0,0.0
A + rPET,36.0,0.3,2.0,90.0,0.0,,16.0,68.0,260.0,265.0,270.0,270.0,274.0,135.0,60.0,2890.0,,,2900,2900,3000.0,,97.50610795603076,123.34909005535211,117.89281260161182,30.0,24.0,1.3,155,1.8,122.0,0.0,0.0
A + rPET 50/50,72.0,0.3,2.0,90.0,0.0,,14.0,44.0,250.0,255.0,260.0,265.0,260.0,99.2,50.0,2010.0,,,2049,2070,,16.0,,,,30.0,22.0,1.3,200,1.48,146.3,0.0,0.0
A + rPET 50/50,72.0,0.3,2.0,90.0,0.0,,14.0,53.0,250.0,255.0,260.0,265.0,260.0,105.0,50.0,2308.0,,,2348,2318,,16.0,,,,30.0,24.0,1.3,175,1.63,131.8,0.0,0.0
TPX DX350,72.0,0.35,4.0,60.0,0.0,,15.0,46.0,260.0,270.0,280.0,290.0,295.0,39.2,50.0,1290.0,1375.0,1600.0,2123,2050,2120.0,,135.0,160.0,150.0,15.0,20.0,1.1,130,2.46,20.5,0.0,0.0
TPX DX350 0.5% Blanco,72.0,0.35,4.0,60.0,0.0,,15.0,46.0,260.0,270.0,280.0,290.0,295.0,39.2,50.0,1290.0,1375.0,1600.0,2123,2050,2120.0,,135.0,160.0,150.0,15.0,20.0,1.1,130,2.2,22.0,0.0,0.0
TPX DX350 0.66% Negro,72.0,0.35,4.0,60.0,0.0,,15.0,41.0,260.0,270.0,280.0,290.0,295.0,29.0,50.0,1450.0,1600.0,1784.0,2118,2050,2120.0,,135.0,160.0,150.0,15.0,20.0,1.1,130,2.2,21.0,0.0,0.0
ADUANITE S3001,72.0,0.35,4.0,178.0,0.0,,21.0,41.0,250.0,265.0,265.0,270.0,265.0,64.4,65.0,850.0,1030.0,2550.0,2950,2850,2940.0,,70.0,80.0,100.0,45.0,20.0,1.3,205,2.76,23.94,0.0,0.0
ADUANITE S3001,72.0,0.35,4.0,178.0,0.0,,21.0,40.5,240.0,250.0,260.0,260.0,265.0,79.5,65.0,850.0,1030.0,2575.0,2980,2850,2945.0,,70.0,85.0,100.0,45.0,18.0,1.3,205,3.02,26.17,0.0,0.0
ADUANITE S3001,72.0,0.35,4.0,178.0,0.0,,21.0,39.0,240.0,250.0,260.0,260.0,265.0,91.6,65.0,900.0,1100.0,2700.0,2975,2850,2945.0,,75.0,89.0,100.0,45.0,18.0,1.3,205,3.02,27.8,0.0,0.0
ADUANITE S3001,72.0,0.35,4.0,178.0,0.0,,21.0,43.0,255.0,260.0,265.0,270.0,270.0,76.5,65.0,900.0,1100.0,2700.0,2975,2850,2945.0,,75.0,89.0,100.0,45.0,18.0,1.3,200,2.74,32.2,0.0,0.0
ADUANITE S3001,72.0,0.35,4.0,178.0,0.0,,21.0,44.0,255.0,260.0,265.0,270.0,270.0,82.7,65.0,900.0,1100.0,2700.0,2975,2850,2940.0,,70.0,80.0,100.0,45.0,18.0,1.3,195,3.1,35.22,0.0,0.0
ZK6HF,48.0,0.4,4.0,178.0,0.0,,16.0,24.0,250.0,260.0,265.0,270.0,280.0,120.0,75.0,1981.0,1100.0,1499.0,1991,1991,2055.0,20.0,79.90469999248931,102.93133349563354,106.39419416647104,15.0,22.0,,200,1.05,20.56,0.0,0.0
ZK6HF,48.0,0.4,4.0,178.0,0.0,,15.0,24.0,250.0,260.0,265.0,270.0,280.0,103.0,75.0,2494.0,1100.0,1499.0,2499,2499,2585.0,20.0,93.73146480597723,123.5227497416215,117.12881200643592,15.0,22.0,,150,1.13,17.5,0.0,0.0
ZK6HF,48.0,0.4,4.0,178.0,0.0,,15.0,24.0,250.0,270.0,275.0,280.0,290.0,88.0,75.0,1448.0,1600.0,1751.0,2010,1951,2025.0,20.0,90.0,130.0,120.0,25.0,20.0,,180,0.95,12.0,0.0,0.0
ZK6HF ,72.0,0.6,4.0,178.0,0.0,,15.0,21.0,255.0,260.0,265.0,270.0,290.0,0.7,22.0,1981.0,,,1991,1991,2055.0,23.0,87.68290842082679,110.87285110734513,110.56068721507165,15.0,22.0,1.5,185,1.11,19.0,0.0,0.0
20180 rPETD/rPET,48.0,0.3,2.0,90.0,0.0,,24.0,51.0,260.0,265.0,270.0,270.0,275.0,37.2,50.0,2690.0,,,2710,2710,2800.0,,84.24198220943157,105.10948984486468,116.49112537278508,50.0,20.0,,270,1.6,133.0,0.0,0.0
20180 rPETD/rPET,48.0,0.3,2.0,90.0,0.0,,22.0,51.0,260.0,265.0,270.0,270.0,275.0,33.5,50.0,2690.0,,,2710,2710,2800.0,,86.11403675815309,107.1478121884319,117.09401370141829,30.0,20.0,,240,1.81,142.0,0.0,0.0
20180 rPETD/rPET,48.0,0.3,2.0,90.0,0.0,,20.0,51.0,260.0,265.0,270.0,270.0,275.0,49.6,50.0,2500.0,,,2520,2514,2600.0,,80.95253544229877,106.10654694888687,112.46181703617387,30.0,20.0,,240,1.62,149.0,0.0,0.0
rPET DEC + rPET,36.0,0.3,2.0,90.0,4.0,2.0,20.0,47.0,260.0,,,,280.0,131.0,60.0,2950.0,,,3000,3000,3100.0,36.0,,,,50.0,20.0,1.3,200,1.71,139.2,500.0,355.0
rPET DEC + rPET,36.0,0.3,2.0,90.0,4.0,2.0,20.0,48.0,260.0,,,,280.0,146.8,60.0,2880.0,,,2900,2900,3000.0,24.0,,,,30.0,20.0,1.3,205,1.76,146.5,500.0,355.0
rPET DEC + rPET,36.0,0.3,2.0,90.0,4.0,2.0,14.0,43.7,260.0,,,,280.0,113.4,60.0,2880.0,,,2900,2900,3000.0,18.0,,,,30.0,20.0,1.3,140,1.7,136.3,500.0,355.0
rPET DEC + rPET,36.0,0.3,2.0,90.0,4.0,2.0,13.0,42.0,260.0,,,,280.0,95.0,60.0,2880.0,,,2900,2900,3000.0,18.0,,,,30.0,10.0,1.15,130,1.76,140.8,500.0,355.0
rPET DEC + rPET,36.0,0.3,2.0,90.0,4.0,2.0,8.5,38.0,260.0,,,,280.0,64.0,60.0,2880.0,,,2900,2900,3000.0,18.0,,,,30.0,10.0,1.15,90,1.67,119.7,500.0,355.0
rPET DEC + rPET (50%/50%),36.0,0.3,2.0,90.0,4.0,2.0,12.0,30.0,250.0,260.0,265.0,265.0,260.0,96.0,60.0,2866.0,,,2900,2900,3000.0,,85.57811068603175,113.52801853837423,113.32104957995081,50.0,20.0,1.8,120,1.34,143.0,500.0,355.0
PHB DANIMER,96.0,0.3,2.0,30.0,1.0,2.0,14.0,26.0,165.0,180.0,190.0,195.0,195.0,98.0,70.0,1301.0,1424.0,1850.0,2025,1976,2040.0,25.0,44.0,75.0,72.0,30.0,16.0,1.3,180,1.7,24.0,500.0,355.0
PHB DANIMER,96.0,0.3,2.0,30.0,1.0,2.0,19.5,28.0,165.0,180.0,190.0,200.0,200.0,106.0,70.0,2100.0,2224.0,2700.0,2827,2763,2840.0,15.0,45.0,80.0,72.0,30.0,18.0,1.3,180,1.55,32.0,500.0,355.0
ZK5HF PMMA,48.0,0.4,4.0,90.0,0.0,,14.0,25.0,255.0,260.0,270.0,280.0,280.0,57.0,75.0,1976.0,,,2000,1995,2055.0,18.0,102.45513793180521,127.17492004964943,121.58760719566892,25.0,19.0,1.36,180,0.95,24.4,0.0,0.0
ZK5HF PMMA,48.0,0.4,4.0,90.0,0.0,,17.0,29.0,255.0,260.0,270.0,275.0,278.0,63.0,75.0,2485.0,,,2499,2494,2575.0,17.0,105.08736976976948,139.54692615857323,125.03660713977125,25.0,16.0,1.4,180,1.05,24.0,0.0,0.0
ZK6HF PMMA,48.0,0.4,4.0,90.0,0.0,,17.0,42.0,260.0,270.0,275.0,275.0,280.0,39.7,75.0,2485.0,,,2499,2795,2575.0,17.0,111.31353010531816,148.37997717538542,128.1139719474114,25.0,16.0,1.35,178,1.0,21.0,0.0,0.0
PP + 07%Amarillo + 2%UV 792930,72.0,0.4,4.0,60.0,0.0,,16.0,37.0,220.0,230.0,240.0,245.0,260.0,43.5,60.0,802.0,949.0,1951.0,2201,2083,2180.0,19.0,65.0,80.0,120.0,80.0,16.0,2.1,140,3.23,77.33,0.0,0.0
PP + 07%Amarillo + 2%UV 792930,72.0,0.4,4.0,60.0,0.0,,16.0,37.0,220.0,230.0,240.0,245.0,260.0,43.5,60.0,602.0,749.0,1951.0,2201,2093,2180.0,19.0,65.0,80.0,120.0,80.0,16.0,2.1,140,3.44,67.44,0.0,0.0
PP + 07%Amarillo + 2%UV 792930 + 4%FR LXR935,72.0,0.4,4.0,60.0,0.0,,16.0,40.0,220.0,230.0,240.0,245.0,260.0,40.2,60.0,602.0,749.0,1951.0,2201,2083,2165.0,19.0,65.0,80.0,120.0,80.0,16.0,2.1,140,3.52,63.89,0.0,0.0
PP + 07%Rojo + 2%UV 792930,72.0,0.4,4.0,60.0,0.0,,16.5,36.0,220.0,230.0,240.0,245.0,260.0,56.0,60.0,602.0,749.0,1951.0,2201,2083,2165.0,19.0,65.0,80.0,120.0,80.0,16.0,2.1,140,3.27,54.4,0.0,0.0
PP + 07%Rojo + 2%UV 792930 + 4% FR LXR935,72.0,0.4,4.0,60.0,0.0,,16.5,55.0,220.0,230.0,240.0,245.0,260.0,50.0,60.0,602.0,749.0,1951.0,2201,2083,2165.0,19.0,65.0,80.0,120.0,80.0,16.0,2.1,140,3.37,76.4,0.0,0.0
rPET + 2% Amarillo,72.0,0.3,2.0,178.0,2.0,2.0,22.0,62.0,275.0,285.0,285.0,295.0,295.0,145.0,60.0,699.0,749.0,1350.0,2429,2499,2580.0,,90.0,100.0,130.0,85.0,16.0,1.4,250,2.6,30.0,500.0,355.0
rPET + 2% Amarillo,72.0,0.3,2.0,178.0,2.0,2.0,22.0,62.0,275.0,285.0,285.0,295.0,295.0,140.0,60.0,699.0,749.0,1500.0,2753,2665,2760.0,,90.0,100.0,130.0,85.0,16.0,1.4,250,3.0,26.0,500.0,355.0
rPET,72.0,0.3,2.0,90.0,3.0,2.0,14.0,44.0,265.0,275.0,280.0,285.0,390.0,110.3,70.0,2690.0,,,2710,2730,2800.0,,110.64434222026924,147.82536130425342,140.65776084356483,30.0,18.0,1.3,145,2.3,104.0,500.0,355.0
rPET,72.0,0.3,2.0,90.0,3.0,2.0,13.0,49.0,265.0,275.0,280.0,285.0,390.0,100.8,70.0,2690.0,,,2710,2730,2800.0,,112.09871265509364,149.5954495052334,140.9769925580178,30.0,18.0,1.3,137,2.4,120.0,500.0,355.0
rPET,72.0,0.3,2.0,90.0,3.0,2.0,12.5,62.0,270.0,280.0,285.0,290.0,390.0,98.0,70.0,2690.0,,,2710,2730,2800.0,,120.80680765895059,164.4097557580317,146.4007547793106,30.0,18.0,1.3,135,2.35,115.0,500.0,355.0
rPET Batch 1,72.0,0.3,2.0,60.0,3.0,2.0,14.0,58.0,270.0,275.0,285.0,290.0,295.0,114.4,70.0,2700.0,,,2720,2735,2800.0,,108.72068584413437,128.4742221989983,133.463733449774,30.0,20.0,1.3,150,2.62,114.8,500.0,355.0
rPET Batch 1,72.0,0.3,2.0,60.0,3.0,2.0,12.0,58.4,270.0,275.0,285.0,290.0,295.0,99.2,70.0,2700.0,,,2720,2735,2800.0,,109.47077672692808,130.54693352668676,133.13054758344504,30.0,20.0,1.3,130,2.59,115.0,500.0,355.0
TPE + 10% Plastificante,48.0,0.4,4.0,90.0,0.0,,14.0,33.0,190.0,195.0,200.0,205.0,210.0,28.0,70.0,2401.0,,,2401,2436,2520.0,,52.9183753083227,73.36978908250083,83.20765391486597,40.0,23.0,1.3,170,0.64,130.0,0.0,0.0
TPE + 10% Plastificante,48.0,0.4,4.0,90.0,0.0,,14.0,33.0,190.0,195.0,200.0,205.0,210.0,28.0,70.0,2700.0,,,2724,2749,2850.0,,54.48962731983877,66.39891531538902,85.75009150759982,80.0,25.0,1.8,150,0.7,114.8,0.0,0.0
rPET DECATHLON,36.0,0.3,2.0,90.0,4.0,2.0,14.0,54.0,250.0,260.0,265.0,265.0,260.0,171.0,60.0,2866.0,,,2900,2900,3000.0,,99.93771377599714,126.07077269339227,123.0866742448693,40.0,20.0,1.5,135,1.6,118.8,500.0,355.0
rPET 50/50,36.0,0.3,2.0,90.0,3.0,2.0,14.0,62.0,260.0,265.0,270.0,270.0,270.0,91.8,60.0,2866.0,,,2900,2900,3000.0,,117.4098861961083,143.18634100123873,128.23182952348463,60.0,20.0,1.55,140,1.45,130.8,500.0,355.0
rPET 50/50,36.0,0.3,2.0,90.0,3.0,2.0,13.5,61.0,260.0,265.0,270.0,270.0,272.0,86.5,60.0,2866.0,,,2900,2900,3000.0,,117.80600528766895,143.7588785123264,128.3823868999535,60.0,20.0,1.55,135,1.45,133.9,500.0,355.0
rPET 50/50,36.0,0.3,2.0,90.0,3.0,2.0,13.0,67.0,260.0,265.0,270.0,270.0,272.0,80.8,60.0,2866.0,,,2900,2900,3000.0,,121.81965002877817,148.1213766581311,129.92920933648136,60.0,20.0,1.55,130,1.49,140.0,500.0,355.0
100% NEGOMBO SIN COLOR,72.0,0.3,2.0,60.0,0.0,,15.0,70.0,250.0,260.0,260.0,265.0,270.0,46.2,60.0,2866.0,,,2900,2900,3000.0,20.0,86.50866650175752,121.93586270461726,116.26221040142568,60.0,20.0,1.3,150,1.72,104.0,0.0,0.0
PEF 75:25 (0560:0491),48.0,0.4,2.0,90.0,6.0,178.0,25.0,50.0,240.0,250.0,255.0,260.0,265.0,200.0,50.0,2886.0,,,2910,2895,2990.0,21.0,84.88282558916416,112.87388600819764,116.34198193862571,40.0,15.0,1.5,270,2.2,143.4,500.0,355.0
PEF 75:25 (0560:0491),48.0,0.4,2.0,90.0,6.0,178.0,26.5,50.0,240.0,250.0,255.0,260.0,265.0,222.0,50.0,2886.0,,,2910,2895,2990.0,21.0,83.20745579642198,111.25590101552771,115.54150605233407,40.0,15.0,1.5,295,2.15,142.0,500.0,355.0
PEF 75:25 (0560:0491),48.0,0.4,2.0,90.0,6.0,178.0,30.5,52.0,240.0,250.0,255.0,265.0,270.0,217.0,50.0,3390.0,,,3414,3405,3500.0,21.0,90.90331979212046,126.88654325665797,126.37651506980181,50.0,16.0,1.6,290,2.31,131.4,500.0,355.0
PEF 75:25 (0560:0491),48.0,0.4,2.0,90.0,6.0,178.0,35.0,36.0,240.0,250.0,255.0,270.0,275.0,201.0,50.0,3890.0,,,3895,3885,4000.0,21.0,89.3442382991184,133.35527404315928,130.27249247217188,70.0,16.0,1.6,295,2.31,108.3,500.0,355.0
PEF 75:25 (0560:0491),48.0,0.4,2.0,90.0,2.0,178.0,17.0,40.8,240.0,250.0,255.0,260.0,260.0,170.0,50.0,3903.0,,,3898,3883,4000.0,12.0,101.17963443222804,134.81674984407647,137.08622667322263,50.0,16.0,1.6,135,2.87,97.0,500.0,355.0
PEF 75:25 (0560:0491),48.0,0.4,2.0,90.0,2.0,178.0,13.6,38.0,240.0,250.0,255.0,260.0,260.0,170.0,50.0,3395.0,,,3898,3399,3500.0,12.0,104.43641431819859,123.87492522155401,133.78425275963212,50.0,16.0,1.6,125,2.54,83.5,500.0,355.0
PEF 75:25 (0560:0491),48.0,0.4,2.0,90.0,2.0,178.0,13.6,35.0,240.0,250.0,255.0,260.0,260.0,153.0,50.0,3395.0,,,3898,3399,3500.0,12.0,103.19069611855917,123.31360331745428,132.500168044557,50.0,16.0,1.6,120,2.43,93.2,500.0,355.0
PET + PEF,48.0,0.4,2.0,90.0,1.0,,13.0,32.0,270.0,280.0,285.0,285.0,290.0,230.0,80.0,3230.0,650.0,1750.0,2152,2005,2070.0,17.0,120.0,130.0,140.0,40.0,10.0,1.6,200,3.03,38.4,500.0,355.0
PET + PEF,48.0,0.4,2.0,90.0,1.0,,12.0,45.0,270.0,275.0,280.0,285.0,285.0,230.0,80.0,2900.0,650.0,1750.0,2910,2895,2995.0,13.0,120.0,130.0,140.0,50.0,15.0,1.6,125,2.85,86.2,500.0,355.0
PET + PEF,48.0,0.4,2.0,90.0,1.0,,12.0,45.0,275.0,285.0,290.0,290.0,290.0,230.0,80.0,2900.0,650.0,1750.0,2910,2895,2995.0,13.0,120.0,130.0,140.0,50.0,15.0,1.6,125,3.08,94.44,500.0,355.0
PET + PEF,48.0,0.4,2.0,90.0,1.0,,13.0,35.0,275.0,285.0,290.0,290.0,290.0,230.0,80.0,2900.0,650.0,1750.0,2910,2895,2995.0,13.0,120.0,130.0,140.0,50.0,15.0,1.6,135,2.9,93.5,500.0,355.0
30/70 (Color/rPET),36.0,0.3,2.0,90.0,3.0,178.0,13.0,61.0,268.0,273.0,280.0,275.0,278.0,76.0,60.0,2876.0,,,2900,2900,3005.0,,127.90164972057069,155.3258656895551,138.0698825592423,30.0,16.0,1.5,130,1.64,141.3,500.0,355.0
PES SEMI-MAT,48.0,0.3,2.0,60.0,4.0,2.0,20.0,62.0,280.0,290.0,295.0,295.0,295.0,267.0,60.0,3000.0,,,3008,3003,3100.0,,105.12622832548603,128.47499482660666,128.32570872977686,40.0,30.0,1.1,190,2.32,132.1,500.0,355.0
PES GRAFENO 5000 ppm,48.0,0.3,2.0,60.0,4.0,2.0,20.0,55.0,280.0,290.0,295.0,295.0,295.0,344.0,60.0,3000.0,,,3008,3003,3100.0,,100.89433058457792,123.51096551530037,125.62577615012847,40.0,30.0,1.1,190,2.44,120.7,500.0,355.0
PES GRAFENO 10000 ppm,48.0,0.3,2.0,60.0,4.0,2.0,20.0,71.0,265.0,270.0,275.0,280.0,285.0,201.0,60.0,3000.0,,,3008,3003,3100.0,,98.843600662141,122.56523723482383,123.6078001001676,40.0,30.0,1.1,195,1.94,128.2,500.0,355.0
PE PURELL GA7760 + 4% Aditivo,72.0,0.4,4.0,105.0,2.0,2.0,28.0,44.0,200.0,200.0,200.0,200.0,205.0,347.0,60.0,500.0,720.0,1000.0,1100,1052,1050.0,2.0,27.88553570474341,38.24473075526909,40.312143965605884,80.0,30.0,2.1,170,0.41,292.8,850.0,500.0
PE PURELL GA7760 + 4% Aditivo,72.0,0.4,4.0,105.0,2.0,2.0,33.0,44.0,200.0,200.0,200.0,200.0,205.0,347.0,60.0,500.0,720.0,1000.0,1100,1052,1050.0,2.0,26.075275533657113,38.55975087341366,28.748853024425557,80.0,30.0,2.1,460,0.71,371.0,850.0,500.0
PE PURELL GA7760 + 4% Aditivo,72.0,0.6,4.0,105.0,2.0,2.0,42.0,57.0,200.0,200.0,200.0,200.0,205.0,336.0,60.0,550.0,800.0,1900.0,2200,2150,2180.0,2.0,60.0,50.0,50.0,100.0,30.0,2.1,415,1.47,147.0,850.0,500.0
PE PURELL GA7760 + 4% Aditivo,72.0,0.6,4.0,105.0,2.0,2.0,42.0,57.0,200.0,200.0,200.0,200.0,205.0,343.0,60.0,550.0,800.0,1900.0,2171,2150,2085.0,2.0,40.0,40.0,50.0,100.0,30.0,2.1,415,1.57,180.3,850.0,500.0
PE PURELL GA7760 + 4% Aditivo,72.0,0.6,4.0,105.0,2.0,2.0,42.0,57.0,200.0,200.0,200.0,200.0,205.0,343.0,60.0,550.0,800.0,1900.0,2171,1981,2045.0,22.0,40.0,40.0,50.0,100.0,30.0,2.1,415,1.51,170.3,850.0,500.0
PE PURELL GA7760 + 4% Aditivo,72.0,0.6,4.0,105.0,2.0,2.0,42.0,57.0,200.0,200.0,200.0,200.0,205.0,343.0,60.0,550.0,800.0,1900.0,2171,1981,2045.0,22.0,40.0,40.0,35.0,100.0,30.0,2.1,415,1.46,176.0,850.0,500.0
PE PURELL GA7760 + 4% Aditivo,72.0,0.6,4.0,105.0,2.0,2.0,42.0,57.0,200.0,200.0,200.0,200.0,205.0,343.0,60.0,550.0,800.0,1900.0,2171,1981,2045.0,22.0,40.0,40.0,70.0,100.0,30.0,2.1,415,1.28,192.3,850.0,500.0
PE PURELL GA7760 + 4% Aditivo,72.0,0.6,4.0,105.0,2.0,2.0,42.0,59.0,200.0,200.0,200.0,200.0,205.0,245.0,60.0,550.0,800.0,2350.0,2600,2350,2430.0,17.0,40.0,40.0,70.0,100.0,30.0,2.1,320,1.88,120.0,850.0,500.0
NEGOMBO WHITE 30% + rPET 70%,36.0,0.3,2.0,90.0,3.0,178.0,13.0,45.0,270.0,275.0,280.0,275.0,280.0,203.0,60.0,2876.0,,,2925,2930,3031.0,,116.76130093510685,138.86743631964842,137.79928984899038,40.0,16.0,1.5,130,2.08,115.0,850.0,500.0
NEGOMBO WHITE 30% + rPET 70%,36.0,0.3,2.0,90.0,3.0,178.0,13.0,45.0,275.0,278.0,280.0,285.0,285.0,167.0,60.0,2876.0,,,2949,2974,3045.0,,120.10034162087425,145.2518469814308,139.89278549341915,40.0,16.0,1.5,130,2.02,130.0,850.0,500.0
BATCH 2,36.0,0.3,2.0,90.0,3.0,2.0,14.0,40.0,275.0,280.0,290.0,295.0,298.0,200.0,75.0,2949.0,,,2978,2964,3065.0,20.0,122.73363539885445,144.09527726727924,142.26282626492625,40.0,16.0,1.5,140,2.15,129.0,500.0,355.0
BATCH 2,36.0,0.3,2.0,90.0,3.0,2.0,13.0,40.0,275.0,280.0,290.0,295.0,298.0,200.0,75.0,2949.0,,,2978,2964,3065.0,20.0,122.79864319020554,145.9833655846012,142.07133759566696,40.0,16.0,1.5,125,2.2,130.0,500.0,355.0
BATCH 2,36.0,0.3,2.0,90.0,3.0,2.0,13.5,40.0,275.0,280.0,290.0,290.0,295.0,207.0,75.0,2955.0,,,2978,2960,3070.0,12.0,121.05981840876728,142.87786290440368,141.06059535348865,40.0,16.0,1.5,130,2.11,130.0,500.0,355.0
BATCH 2,72.0,0.3,2.0,90.0,1.0,2.0,13.5,46.0,280.0,290.0,295.0,295.0,305.0,139.0,95.0,2954.0,,,2970,2960,3068.0,16.0,111.14036597362363,133.49777280050566,137.81123092600066,40.0,20.0,1.35,135,2.22,126.0,500.0,355.0
BATCH 2,72.0,0.3,2.0,90.0,1.0,2.0,13.2,45.0,280.0,290.0,295.0,300.0,305.0,130.0,95.0,2954.0,,,2970,2960,3068.0,16.0,111.52501562938933,135.25835727008234,138.37723785134597,40.0,20.0,1.35,130,2.15,126.0,500.0,355.0
BATCH 2,72.0,0.3,2.0,90.0,1.0,2.0,13.0,46.0,280.0,290.0,295.0,300.0,300.0,139.0,95.0,2880.0,,,2915,2900,3000.0,18.0,108.9504001663154,131.4083730382603,135.67517310468008,40.0,20.0,1.3,130,2.3,130.0,500.0,355.0
BATCH 2,72.0,0.3,2.0,90.0,1.0,2.0,13.0,46.0,280.0,290.0,295.0,300.0,300.0,139.0,95.0,2900.0,,,2930,2895,3000.0,18.0,108.71591834204226,132.17968551914242,136.15599438770164,30.0,20.0,1.3,130,2.3,133.0,500.0,355.0
TPX DX350,48.0,0.4,4.0,60.0,0.0,,10.0,51.0,275.0,285.0,290.0,290.0,285.0,47.0,80.0,1600.0,1650.0,1960.0,2350,2250,2330.0,,135.0,160.0,140.0,30.0,15.0,1.4,85,2.0,20.0,0.0,0.0
TPX DX350,48.0,0.4,4.0,60.0,0.0,,10.21,53.0,275.0,285.0,290.0,290.0,285.0,37.0,80.0,1600.0,1650.0,1960.0,2350,2250,2330.0,,135.0,160.0,140.0,30.0,15.0,1.4,88,2.05,22.0,0.0,0.0
TPX DX350,48.0,0.4,4.0,60.0,0.0,,9.5,51.0,275.0,285.0,290.0,290.0,285.0,42.0,80.0,920.0,1070.0,1638.0,2108,2044,2120.0,,135.0,160.0,140.0,30.0,12.0,1.4,88,3.54,25.7,0.0,0.0
TPX DX350,48.0,0.4,4.0,60.0,0.0,,9.5,51.0,275.0,285.0,290.0,290.0,285.0,42.0,80.0,950.0,1100.0,1670.0,2108,2044,2124.0,13.0,135.0,160.0,140.0,30.0,12.0,1.4,90,3.3,25.7,0.0,0.0
TPX DX350,48.0,0.4,4.0,60.0,0.0,,9.5,51.0,275.0,285.0,290.0,290.0,285.0,42.0,80.0,960.0,1100.0,1680.0,2108,2044,2124.0,13.0,135.0,160.0,140.0,30.0,12.0,1.4,90,3.37,26.4,0.0,0.0
NEGOMBO BLACK 30% + rPET 70%,72.0,0.3,2.0,90.0,3.0,178.0,13.0,46.0,268.0,273.0,280.0,275.0,278.0,32.0,60.0,2851.0,,,2861,2861,,,,,,20.0,16.0,1.5,130,1.78,138.5,500.0,355.0
NEGOMBO BLACK 30% + rPET 70%,72.0,0.3,2.0,90.0,3.0,178.0,13.0,46.0,268.0,273.0,280.0,275.0,278.0,29.0,60.0,3101.0,,,3125,3125,3230.0,,102.25832544872284,137.60896115472204,132.6525696038641,30.0,16.0,1.5,123,1.72,123.0,500.0,355.0
NEGOMBO BLACK 30% + rPET 70%,72.0,0.3,2.0,90.0,3.0,178.0,14.0,53.0,270.0,275.0,283.0,278.0,278.0,29.0,60.0,2875.0,,,2940,2940,3040.0,,103.45656504762957,136.36924182717274,131.49636250795385,30.0,16.0,1.5,130,1.78,132.0,500.0,355.0
rPET,72.0,0.4,2.0,90.0,3.0,2.0,24.0,45.0,285.0,295.0,300.0,300.0,297.0,251.0,120.0,3037.0,,,3057,3027,3130.0,,103.83505186940864,119.46227905956428,130.68348661609198,50.0,25.0,,230,2.78,120.0,500.0,355.0
rPET,72.0,0.4,2.0,90.0,3.0,2.0,22.0,43.0,285.0,295.0,300.0,300.0,297.0,243.0,100.0,3037.0,,,3057,3027,3130.0,,108.06846337786934,123.01615070441521,134.59957645544006,50.0,24.0,,210,2.43,105.0,500.0,355.0
TPX 350,48.0,0.4,4.0,60.0,2.0,2.0,11.0,65.0,275.0,285.0,290.0,290.0,286.0,32.0,120.0,1599.0,1799.0,2125.0,2612,2543,2650.0,,150.0,160.0,140.0,30.0,20.0,1.4,85,1.8,20.0,500.0,355.0
TPX 350,48.0,0.4,4.0,60.0,2.0,2.0,11.2,65.0,275.0,285.0,290.0,290.0,286.0,32.0,120.0,1599.0,1799.0,2125.0,2612,2543,2650.0,,150.0,160.0,140.0,30.0,20.0,1.4,85,2.25,22.0,500.0,355.0
TPX 350,48.0,0.4,4.0,60.0,2.0,2.0,12.0,92.6,275.0,285.0,290.0,290.0,286.0,32.0,120.0,1648.0,1826.0,2215.0,2675,2602,2700.0,,150.0,160.0,140.0,30.0,20.0,1.4,88,2.23,23.6,500.0,355.0
TPX 350,48.0,0.4,4.0,60.0,2.0,2.0,9.5,87.0,275.0,285.0,290.0,290.0,288.0,17.1,120.0,980.0,1124.0,1695.0,2108,2045,2134.0,,160.0,160.0,150.0,15.0,18.0,1.4,91,3.42,27.5,500.0,355.0
TPX 350,48.0,0.4,4.0,60.0,2.0,2.0,9.5,87.0,275.0,285.0,290.0,290.0,288.0,17.1,120.0,990.0,1140.0,1700.0,2108,2045,2134.0,,160.0,160.0,150.0,30.0,18.0,1.4,90,3.48,28.2,500.0,355.0
TPX 350,48.0,0.4,4.0,60.0,2.0,2.0,9.4,82.0,275.0,285.0,290.0,290.0,285.0,23.0,120.0,890.0,1050.0,1650.0,2020,1945,2035.0,,160.0,165.0,150.0,30.0,16.0,1.4,90,3.44,28.9,500.0,355.0
TPX 350,48.0,0.4,4.0,60.0,2.0,2.0,9.5,82.0,275.0,285.0,290.0,290.0,285.0,23.0,120.0,1800.0,1920.0,1970.0,2220,1985,2075.0,,160.0,165.0,150.0,30.0,16.0,1.4,88,1.4,25.0,500.0,355.0
LLDPE ASPUN (RESINEX),72.0,0.6,4.0,105.0,0.0,,30.0,53.0,215.0,220.0,225.0,225.0,225.0,145.0,120.0,641.0,670.0,2350.0,2602,2274,2370.0,,50.0,50.0,72.0,85.0,25.0,2.3,240,1.72,250.0,0.0,0.0
LLDPE ASPUN (RESINEX),72.0,0.6,4.0,105.0,0.0,,30.0,53.0,215.0,220.0,225.0,225.0,225.0,145.0,120.0,650.0,670.0,2350.0,2700,2375,2475.0,,50.0,50.0,72.0,85.0,25.0,2.3,230,1.84,234.0,0.0,0.0
LLDPE ASPUN (RESINEX),72.0,0.6,4.0,105.0,0.0,,30.0,53.0,215.0,220.0,225.0,225.0,225.0,145.0,120.0,650.0,670.0,2710.0,3000,2800,2900.0,,50.0,50.0,72.0,85.0,25.0,2.3,195,2.1,156.0,0.0,0.0
LLDPE ASPUN (RESINEX),72.0,0.6,4.0,105.0,0.0,,22.0,53.0,215.0,220.0,225.0,225.0,225.0,190.0,140.0,650.0,699.0,2200.0,2500,2450,2520.0,,50.0,62.0,77.0,5.0,20.0,2.3,170,1.81,196.0,0.0,0.0
TPX 350,48.0,0.4,4.0,60.0,2.0,178.0,15.0,88.0,275.0,285.0,290.0,290.0,285.0,50.0,120.0,1648.0,1826.0,2215.0,2675,2577,2680.0,,158.0,185.0,150.0,30.0,20.0,1.4,110,2.26,22.17,500.0,355.0
TPX 350,48.0,0.4,4.0,60.0,2.0,178.0,17.4,89.0,275.0,285.0,290.0,290.0,285.0,65.3,120.0,1648.0,1826.0,2215.0,2675,2577,2680.0,,158.0,185.0,150.0,30.0,20.0,1.4,131,2.14,23.11,500.0,355.0
PLA + 0.1 Silano,48.0,0.4,2.0,60.0,1.0,178.0,11.0,50.0,210.0,215.0,220.0,225.0,225.0,0.0,40.0,850.0,900.0,1800.0,2050,2050,2109.0,,70.0,100.0,131.0,30.0,18.0,1.35,160,1.12,32.6,500.0,355.0
PLA + 0.1 Silano,48.0,0.4,2.0,60.0,1.0,178.0,13.0,55.0,210.0,215.0,220.0,225.0,225.0,0.0,40.0,850.0,900.0,1300.0,2350,2500,2573.0,,70.0,100.0,131.0,30.0,18.0,1.35,150,1.92,37.7,500.0,355.0
rPET,72.0,0.3,2.0,90.0,1.0,178.0,13.0,79.0,280.0,285.0,290.0,290.0,290.0,104.4,70.0,2900.0,,,2915,2895,3000.0,14.0,121.00331871272361,147.6407331696115,143.1951771089839,30.0,20.0,1.3,130,2.45,111.22,500.0,355.0
rPET,72.0,0.3,2.0,90.0,1.0,178.0,13.0,79.0,280.0,288.0,292.0,295.0,295.0,104.2,105.0,2810.0,,,2817,2793,2920.0,14.0,121.99766164734592,151.84723533394458,142.81406231208933,30.0,18.0,1.3,133,2.58,124.42,500.0,355.0
PLA,72.0,0.3,2.0,90.0,2.0,2.0,28.8,48.0,98.3,80.0,225.0,230.0,240.0,245.0,240.0,2950.0,,,3100,3100,3080.0,,65.89718398381164,108.03673522986278,101.8512511998544,40.0,20.0,1.5,260,2.1,65.67,500.0,355.0
PLA,72.0,0.3,2.0,90.0,2.0,2.0,28.0,51.0,100.0,80.0,230.0,235.0,245.0,250.0,240.0,3050.0,,,3080,3062,3172.0,,68.76274573733188,116.79223163338673,107.4726648336829,40.0,18.0,1.5,240,2.32,71.17,500.0,355.0
PLA,72.0,0.3,2.0,90.0,2.0,2.0,23.0,48.5,83.1,80.0,230.0,235.0,245.0,250.0,240.0,2700.0,,,2719,2705,2800.0,,71.76278058150388,102.60967210949985,105.16579908463021,40.0,18.0,1.5,230,2.0,78.0,500.0,355.0
PLA,72.0,0.3,2.0,90.0,2.0,2.0,23.5,47.0,82.2,80.0,230.0,235.0,245.0,250.0,240.0,2600.0,,,2620,2605,2700.0,,69.74921773758939,97.68667532402552,103.6747380236275,40.0,18.0,1.5,235,2.05,84.4,500.0,355.0
PLA,72.0,0.3,2.0,90.0,2.0,2.0,24.5,48.0,83.6,80.0,230.0,235.0,245.0,250.0,240.0,2600.0,,,2620,2605,2700.0,,68.99388174799284,97.1227175149355,103.26388729499702,40.0,18.0,1.5,250,1.94,78.4,500.0,355.0
PLA,72.0,0.3,2.0,90.0,2.0,2.0,21.0,45.0,76.0,80.0,230.0,235.0,245.0,250.0,240.0,2600.0,,,2625,2615,2700.0,,71.5121382363256,98.91136118766363,104.24504430847358,40.0,18.0,1.5,210,2.11,85.3,500.0,355.0
PHB DAN 04493,48.0,0.4,4.0,90.0,4.0,178.0,12.0,20.0,90.0,50.0,165.0,170.0,175.0,180.0,185.0,1500.0,,,1800,1950,2000.0,,37.00807529801861,64.16347839887311,64.98067074013622,30.0,20.0,1.4,165,1.28,55.6,500.0,355.0
PHB DAN 04493,48.0,0.4,4.0,90.0,4.0,178.0,15.0,22.0,188.0,50.0,165.0,170.0,175.0,180.0,185.0,2100.0,,,2150,2123,2000.0,,37.460899809070355,59.246334290023626,65.06524345201098,40.0,20.0,1.55,200,0.93,58.4,500.0,355.0
PHB DAN 04493,48.0,0.4,4.0,90.0,4.0,178.0,14.0,21.0,162.0,50.0,165.0,170.0,175.0,180.0,185.0,2100.0,,,2150,2142,2000.0,,36.91459508629349,59.57669471465914,66.16778632857581,35.0,20.0,1.55,180,0.8,43.3,500.0,355.0
PHB DAN 04493,48.0,0.4,4.0,90.0,4.0,178.0,13.5,20.0,156.0,50.0,165.0,170.0,175.0,180.0,185.0,2130.0,,,2150,2132,2222.0,,39.62320208515652,61.451119323270355,68.69401402463598,20.0,16.0,1.4,165,1.0,47.5,500.0,355.0
PHB DAN 04493,48.0,0.4,4.0,90.0,4.0,178.0,13.5,20.0,156.0,50.0,165.0,170.0,175.0,180.0,185.0,2130.0,,,2150,2132,2222.0,,38.65867255583616,60.39565099752989,68.47578209815731,10.0,16.0,1.4,165,1.01,43.0,500.0,355.0
PHB DAN 04493,48.0,0.4,4.0,90.0,4.0,178.0,13.5,20.0,156.0,50.0,165.0,170.0,175.0,180.0,185.0,2130.0,,,2150,2132,2222.0,,37.58312530068786,60.19894163574761,67.75166478522036,13.0,16.0,1.4,165,0.73,36.0,500.0,355.0
PHB DAN 04493,48.0,0.4,4.0,90.0,4.0,178.0,12.0,23.0,102.0,50.0,170.0,175.0,180.0,185.0,190.0,1500.0,,,1800,1950,2000.0,,38.76877434475285,62.200873308925125,66.87041014039036,20.0,20.0,1.4,178,1.4,51.0,500.0,355.0
PHB DAN 04493,48.0,0.4,4.0,90.0,4.0,178.0,12.0,23.0,66.0,50.0,170.0,175.0,180.0,185.0,190.0,1400.0,,,1800,1950,2000.0,,38.141934899895034,60.85895393343034,67.30972331541932,20.0,20.0,1.4,170,1.38,46.0,500.0,355.0
PHB DAN 04493,48.0,0.4,4.0,90.0,4.0,178.0,11.5,23.0,40.0,50.0,170.0,175.0,180.0,185.0,190.0,1400.0,,,1800,1950,2000.0,,38.05597457255336,59.597646819470135,68.12342288921974,20.0,20.0,1.4,160,1.49,46.0,500.0,355.0
PHB DAN 04493,48.0,0.4,4.0,90.0,4.0,178.0,11.7,24.0,44.0,50.0,170.0,175.0,185.0,190.0,195.0,1350.0,1425.0,1850.0,1930,1995,2075.0,,40.0,60.0,70.0,20.0,20.0,1.4,168,1.36,38.0,500.0,355.0
PHB DAN 04493,48.0,0.4,4.0,90.0,4.0,178.0,11.7,24.0,56.0,50.0,170.0,175.0,185.0,190.0,195.0,1700.0,1850.0,2150.0,2350,2450,2540.0,,50.0,65.0,75.0,20.0,20.0,1.4,141,1.4,30.0,500.0,355.0
PHB DAN 04493,48.0,0.4,4.0,90.0,4.0,178.0,11.2,25.0,19.5,50.0,173.0,178.0,188.0,198.0,198.0,1400.0,,,1800,1950,2000.0,,38.33147356518607,59.21098184664758,67.26563873104772,20.0,20.0,1.4,168,1.16,48.0,500.0,355.0
PHB DAN 04493,48.0,0.4,4.0,90.0,4.0,178.0,11.5,26.0,19.5,50.0,173.0,178.0,188.0,198.0,198.0,1350.0,,,2000,2040,2000.0,,39.867835144218,58.929795812925626,69.7159919993625,20.0,20.0,1.4,166,1.2,40.0,500.0,355.0
PHB DAN 04493,48.0,0.4,4.0,90.0,4.0,178.0,11.5,26.0,36.0,50.0,170.0,175.0,185.0,190.0,195.0,1400.0,,,1980,2040,2060.0,,39.8302444381217,60.3482594851197,68.79827054492512,20.0,20.0,1.4,170,1.27,43.0,500.0,355.0
PHB DAN 04493,48.0,0.4,4.0,90.0,4.0,178.0,11.5,23.0,32.0,50.0,170.0,175.0,185.0,190.0,195.0,1400.0,,,1800,1950,2000.0,,37.70481371309704,58.94532937407917,67.84173517731963,20.0,20.0,1.4,165,1.3,40.0,500.0,355.0
PHB DAN 04493,48.0,0.4,4.0,90.0,4.0,178.0,11.5,23.0,54.0,50.0,170.0,175.0,180.0,185.0,195.0,1400.0,,,1800,1950,2000.0,,37.347624904573514,60.12622536936199,66.81899007469877,20.0,20.0,1.4,167,1.24,41.0,500.0,355.0
PHB DAN 04493,48.0,0.4,4.0,90.0,4.0,178.0,11.5,23.0,35.8,50.0,170.0,175.0,180.0,185.0,195.0,1400.0,,,1800,1950,2000.0,,38.146261182534005,61.10768023705183,64.32956257012285,30.0,25.0,1.4,174,1.3,42.0,500.0,355.0
rPET 30/70,72.0,0.25,2.0,60.0,3.0,2.0,18.0,85.0,42.2,70.0,262.0,270.0,275.0,275.0,280.0,2401.0,,,2421,2401,2490.0,15.0,98.73523861018013,149.98559026435754,116.57542094963469,30.0,18.0,1.5,220,1.46,205.0,500.0,355.0
rPET 30/70,72.0,0.25,2.0,60.0,3.0,2.0,18.0,85.0,42.2,70.0,262.0,270.0,275.0,275.0,275.0,2401.0,,,2421,2401,2490.0,15.0,98.75864532818427,150.02470709054515,116.59029348898827,30.0,18.0,1.5,225,1.47,201.0,500.0,355.0
rPET 30/70,72.0,0.25,2.0,60.0,3.0,2.0,19.4,85.0,52.0,70.0,262.0,270.0,275.0,275.0,275.0,2600.0,,,2621,2605,2695.0,15.0,105.46886836878853,161.10215230510119,122.85143199024816,30.0,18.0,1.5,219,1.47,183.92,500.0,355.0
rPET 30/70,72.0,0.25,2.0,60.0,3.0,2.0,20.0,85.0,55.5,70.0,262.0,270.0,275.0,275.0,275.0,2800.0,,,2821,2800,2895.0,15.0,108.06383404218775,168.417454728713,123.66124560642379,50.0,20.0,1.5,205,1.66,167.0,500.0,355.0
rPET 30/70,72.0,0.25,2.0,60.0,3.0,2.0,19.2,80.0,57.3,70.0,260.0,270.0,275.0,275.0,275.0,2600.0,,,2617,2602,2695.0,15.0,102.40623142836327,155.5086843433724,120.03873255491308,30.0,20.0,1.5,215,1.58,177.36,500.0,355.0
rPET 30/70,72.0,0.25,2.0,60.0,3.0,2.0,19.2,80.0,57.3,70.0,260.0,270.0,275.0,275.0,275.0,2600.0,,,2617,2602,2695.0,15.0,100.29840023862488,155.3340800438034,118.21639211875804,40.0,20.0,1.5,210,1.61,186.5,500.0,355.0
rPET 30/70,72.0,0.25,2.0,60.0,3.0,2.0,19.2,80.0,57.3,70.0,260.0,270.0,275.0,275.0,275.0,2600.0,,,2617,2602,2695.0,15.0,101.72652774359027,153.22365206178873,120.06973486908328,20.0,20.0,1.5,210,1.68,188.63,500.0,355.0
rPET,72.0,0.3,2.0,60.0,3.0,2.0,14.8,48.0,88.6,70.0,275.0,280.0,285.0,290.0,290.0,768.0,821.0,1374.0,2514,2485,2555.0,,89.0,97.0,115.0,40.0,18.0,1.3,175,3.45,37.61,500.0,355.0
rPET,72.0,0.3,2.0,60.0,3.0,2.0,12.6,54.0,75.4,50.0,285.0,295.0,300.0,295.0,295.0,768.0,821.0,1374.0,2514,2485,2555.0,,88.0,130.0,140.0,40.0,18.0,1.3,150,3.5,38.0,500.0,355.0
rPET,72.0,0.3,2.0,60.0,3.0,2.0,12.6,56.0,49.2,50.0,285.0,295.0,295.0,290.0,290.0,792.0,818.0,1375.0,2485,2455,2530.0,,88.0,130.0,140.0,40.0,18.0,1.3,150,3.4,24.0,500.0,355.0
rPET,72.0,0.3,2.0,60.0,3.0,2.0,12.6,53.0,70.8,50.0,285.0,300.0,300.0,295.0,290.0,792.0,818.0,1404.0,2504,2445,2520.0,,88.0,130.0,140.0,40.0,18.0,1.3,150,3.27,27.53,500.0,355.0
PLA + 0.1 Silano,48.0,0.4,2.0,60.0,1.0,178.0,13.0,80.0,0.0,45.0,225.0,225.0,225.0,230.0,230.0,851.0,975.0,1451.0,2450,2450,2520.0,14.0,80.0,110.0,95.0,35.0,18.0,1.2,152,1.27,35.78,500.0,355.0
PLA + 0.1 Silano,48.0,0.4,2.0,60.0,1.0,178.0,13.0,73.0,0.0,40.0,225.0,225.0,225.0,230.0,230.0,900.0,1026.0,1799.0,2626,2651,2730.0,15.0,78.0,95.0,96.0,15.0,18.0,1.2,147,1.62,35.87,500.0,355.0
rPET,72.0,0.3,2.0,90.0,1.0,2.0,13.0,60.0,70.0,105.0,280.0,288.0,292.0,295.0,295.0,2773.0,,,2817,2802,,,,,,25.0,18.0,1.5,135,2.43,128.0,500.0,355.0
rPET,72.0,0.3,2.0,90.0,1.0,2.0,11.9,60.0,76.0,105.0,280.0,288.0,292.0,295.0,295.0,2773.0,,,2783,2778,2885.0,15.0,111.13176541118887,170.6425823668855,141.3065859723154,35.0,15.0,1.3,128,2.47,136.75,500.0,355.0
rPET,72.0,0.2,2.0,90.0,1.0,2.0,11.9,59.0,100.6,105.0,280.0,288.0,292.0,295.0,295.0,2773.0,,,2783,2778,2885.0,15.0,111.84730134268462,170.42897721550585,144.19657462094864,35.0,15.0,1.3,128,2.42,136.32,500.0,355.0
rPET,72.0,0.3,2.0,90.0,4.0,2.0,11.9,59.0,87.5,125.0,280.0,288.0,292.0,295.0,295.0,2773.0,,,2783,2778,2885.0,15.0,110.29663270645653,166.16307733045142,141.9945873771764,30.0,15.0,1.3,129,2.4,137.0,500.0,355.0
COPET,72.0,0.25,2.0,60.0,0.0,2.0,14.0,28.0,168.7,70.0,230.0,235.0,240.0,240.0,240.0,2201.0,,,2230,2220,2300.0,21.0,59.622572330226035,88.5991804798235,96.93987802480018,35.0,15.0,1.05,190,1.32,172.0,0.0,0.0
COPET,72.0,0.25,2.0,60.0,0.0,2.0,14.0,30.0,162.0,70.0,230.0,235.0,240.0,240.0,240.0,2400.0,,,2430,2420,2500.0,21.0,61.17459843063705,92.41629469342259,101.10055356221963,35.0,15.0,1.05,170,1.43,166.42,0.0,0.0
COPET,72.0,0.25,2.0,60.0,0.0,2.0,14.0,28.0,172.0,70.0,230.0,235.0,240.0,240.0,240.0,2900.0,,,2930,2920,3010.0,10.0,56.954816253200484,98.94489776182922,97.09577975272478,35.0,18.0,1.05,145,1.85,133.58,0.0,0.0
COPET,72.0,0.25,2.0,60.0,0.0,2.0,24.0,42.0,373.0,70.0,230.0,235.0,240.0,240.0,240.0,2900.0,,,2930,2920,3010.0,18.0,52.78840736318101,104.60470615135075,99.13894739022574,35.0,18.0,1.4,230,1.91,146.08,0.0,0.0
COPET,72.0,0.25,2.0,60.0,7.0,2.0,33.0,72.0,267.0,70.0,230.0,235.0,240.0,240.0,240.0,2900.0,,,2930,2920,3010.0,18.0,63.99216489961879,124.12562942191263,100.80224577372624,35.0,18.0,1.6,328,1.69,158.0,500.0,355.0
COPET,72.0,0.3,2.0,90.0,7.0,2.0,43.0,84.0,389.0,70.0,230.0,235.0,240.0,240.0,240.0,2900.0,,,2930,2920,3010.0,18.0,56.465389065250115,109.0444459124819,93.74916936672598,35.0,18.0,1.6,429,1.65,160.0,500.0,355.0
PS 454N,48.0,0.4,4.0,90.0,0.0,,22.0,50.0,112.6,106.0,250.0,260.0,265.0,265.0,265.0,1650.0,1750.0,1950.0,2000,1970,2040.0,22.0,60.0,70.0,100.0,50.0,24.0,1.7,257,0.97,26.98,0.0,0.0
PS 454N,48.0,0.4,4.0,90.0,0.0,,22.0,50.0,109.0,103.0,250.0,260.0,265.0,265.0,265.0,1986.0,1750.0,1950.0,2000,1981,2045.0,22.0,60.0,70.0,100.0,40.0,20.0,2.0,257,0.76,34.3,0.0,0.0
ADVANITE 53001,72.0,0.35,4.0,178.0,0.0,,21.0,44.0,135.3,115.7,255.0,260.0,265.0,270.0,270.0,900.0,1100.0,2700.0,2975,2850,2940.0,,70.0,80.0,100.0,45.0,18.0,1.3,207,2.68,42.58,0.0,0.0
ADVANITE 53001,72.0,0.35,4.0,178.0,0.0,,20.0,40.0,148.0,90.0,255.0,260.0,265.0,270.0,270.0,900.0,1100.0,2700.0,2975,2850,2955.0,,76.0,80.0,100.0,30.0,18.0,1.3,190,2.84,35.42,0.0,0.0
ADVANITE 53001,72.0,0.35,4.0,178.0,0.0,,20.5,40.0,136.0,90.0,255.0,265.0,240.0,275.0,275.0,1050.0,1100.0,2780.0,3000,2850,2955.0,,76.0,80.0,100.0,45.0,18.0,1.3,200,1.7,26.0,0.0,0.0
ADVANITE 53001,72.0,0.35,4.0,178.0,0.0,,20.0,40.0,134.8,89.1,255.0,265.0,240.0,275.0,275.0,1050.0,1100.0,2780.0,3000,2850,2955.0,17.0,76.0,80.0,100.0,45.0,18.0,1.3,192,2.77,46.11,0.0,0.0
ADVANITE 53001,72.0,0.35,4.0,178.0,0.0,,20.0,40.0,134.8,89.1,255.0,265.0,240.0,275.0,275.0,900.0,950.0,2780.0,3000,2850,2953.0,18.0,76.0,80.0,100.0,45.0,18.0,1.3,192,3.11,37.02,0.0,0.0
rPET,72.0,0.3,2.0,90.0,1.0,2.0,11.9,50.0,102.0,121.0,280.0,288.0,292.0,295.0,295.0,2773.0,,,2783,2778,2885.0,,106.06465455968076,155.11665139191953,137.9456827677113,25.0,18.0,1.3,131,2.43,129.0,500.0,355.0
rPET,72.0,0.3,2.0,90.0,1.0,2.0,11.9,38.0,76.0,60.0,280.0,283.0,287.0,290.0,290.0,2250.0,,,2264,2250,2325.0,,98.54235236872123,142.61293560702512,125.98022518766153,45.0,12.0,1.4,150,2.37,148.0,500.0,355.0
rPET,72.0,0.3,2.0,90.0,1.0,2.0,11.0,35.0,70.0,60.0,280.0,283.0,287.0,290.0,290.0,2250.0,,,2264,2250,2325.0,,98.8480561727396,141.85684202653295,126.16508560929054,45.0,12.0,1.4,140,2.33,145.0,500.0,355.0
rPET,72.0,0.3,2.0,90.0,1.0,2.0,10.0,35.0,62.0,60.0,280.0,283.0,287.0,290.0,290.0,2250.0,,,2264,2250,2325.0,,100.97327964758054,144.36714062043578,127.37780784780524,45.0,12.0,1.4,130,2.27,140.0,500.0,355.0
rPET,72.0,0.3,2.0,90.0,1.0,2.0,10.0,35.0,62.0,60.0,280.0,283.0,287.0,290.0,290.0,2300.0,,,2315,2300,2375.0,,103.00609972567617,147.09165179315454,128.74822981857577,45.0,12.0,1.4,120,2.2,137.0,500.0,355.0
rPET,72.0,0.3,2.0,90.0,1.0,2.0,10.0,35.0,70.0,60.0,280.0,283.0,287.0,290.0,290.0,2250.0,,,2264,2250,2325.0,,99.7375749089058,143.1603754474044,126.62924709143745,45.0,12.0,1.4,129,2.47,144.0,500.0,355.0
TPX,48.0,0.4,4.0,60.0,2.0,178.0,17.4,88.5,116.4,120.0,280.0,285.0,290.0,290.0,285.0,1750.0,1800.0,2100.0,2655,2550,2625.0,14.0,162.0,200.0,165.0,50.0,18.0,1.45,182,2.32,29.33,500.0,355.0
TPX,48.0,0.4,4.0,60.0,2.0,178.0,9.0,52.9,70.6,87.8,280.0,285.0,290.0,290.0,285.0,1750.0,1800.0,2100.0,2655,2550,2625.0,14.0,162.0,200.0,165.0,50.0,18.0,1.45,131,2.25,28.0,500.0,355.0
TPX,48.0,0.4,4.0,60.0,2.0,178.0,11.5,75.0,90.0,100.0,280.0,285.0,290.0,290.0,285.0,1750.0,1800.0,2100.0,2655,2550,2620.0,14.0,150.0,170.0,150.0,50.0,18.0,1.45,135,2.23,27.3,500.0,355.0
TPX + Negro,48.0,0.4,4.0,60.0,2.0,2.0,9.0,58.0,101.0,108.0,280.0,285.0,290.0,290.0,286.0,1325.0,1421.0,1659.0,2098,2000,2070.0,,155.0,201.0,155.0,50.0,19.0,1.3,134,2.22,27.3,500.0,355.0
TPE Producción,48.0,0.4,4.0,90.0,0.0,,14.0,23.0,107.2,70.0,195.0,195.0,200.0,205.0,210.0,2400.0,,,2425,2450,2540.0,,49.15155635378285,66.49724919217665,71.55017784497761,35.0,25.0,1.8,165,0.78,123.82,0.0,0.0
TPE Producción,48.0,0.4,4.0,90.0,0.0,,14.0,28.0,93.0,70.0,195.0,195.0,200.0,205.0,210.0,2400.0,,,2425,2450,2560.0,,49.791112426556104,58.01006674589935,68.33615227201514,35.0,30.0,1.8,165,0.8,130.0,0.0,0.0
TPE Producción,48.0,0.4,4.0,90.0,0.0,,14.0,33.0,70.0,70.0,195.0,195.0,200.0,205.0,210.0,2400.0,,,2425,2450,2560.0,,49.250394384592646,55.9763385853433,67.02765551849149,35.0,30.0,1.8,165,0.78,140.0,0.0,0.0
TPE Producción,48.0,0.4,4.0,90.0,0.0,,14.0,30.0,88.0,70.0,200.0,200.0,205.0,210.0,215.0,2400.0,,,2425,2450,2560.0,,51.378041623290216,58.47270049556093,69.83084053335125,35.0,30.0,1.8,165,0.73,115.0,0.0,0.0
TPE Producción,48.0,0.4,4.0,90.0,0.0,,14.0,29.0,110.0,70.0,197.0,197.0,202.0,207.0,212.0,2400.0,,,2425,2450,2560.0,,50.07200113687788,59.08157643685313,69.30836376074235,35.0,30.0,1.8,165,0.75,110.0,0.0,0.0
TPE Producción,48.0,0.4,4.0,90.0,0.0,,14.0,28.0,100.0,70.0,200.0,200.0,205.0,210.0,215.0,2400.0,,,2425,2450,2560.0,,51.46066387212603,59.285170903723625,70.12765783262626,35.0,30.0,1.8,165,0.75,115.0,0.0,0.0
TPE Producción,48.0,0.4,4.0,90.0,0.0,,14.0,30.0,86.0,70.0,200.0,200.0,205.0,210.0,215.0,2400.0,,,2425,2450,2560.0,,51.5895673342449,58.31070566066326,69.77623561150162,35.0,30.0,1.8,165,0.77,120.0,0.0,0.0
ABS H380,72.0,0.6,4.0,60.0,0.0,,26.0,41.0,136.0,135.0,240.0,250.0,260.0,270.0,280.0,1285.0,1421.0,1969.0,1986,1591,1100.0,,42.69168113700893,57.97136607610947,82.33122274106526,60.0,23.0,1.25,330,1.03,10.0,0.0,0.0
PHB DAN 04493,48.0,0.4,4.0,90.0,4.0,2.0,11.5,29.0,43.0,50.0,170.0,175.0,180.0,185.0,190.0,1400.0,,,1800,1950,2000.0,,39.96926000914017,61.45959761827235,60.37137608627429,30.0,25.0,1.4,170,1.16,60.0,850.0,500.0
PHB DAN 04493,48.0,0.4,4.0,90.0,4.0,2.0,11.5,29.0,43.0,50.0,170.0,175.0,180.0,185.0,190.0,2100.0,,,2500,2650,2700.0,,49.20962114703143,60.816279618165694,68.43334870726665,30.0,25.0,1.4,130,1.05,43.0,850.0,500.0
PHB DAN 04493,48.0,0.4,4.0,90.0,4.0,2.0,13.5,29.0,61.0,50.0,170.0,175.0,180.0,185.0,190.0,2200.0,,,2600,2750,2800.0,,50.40689641753122,61.30008703569865,69.57786268515846,30.0,25.0,1.4,150,1.08,40.0,850.0,500.0
PLA,72.0,0.3,2.0,90.0,4.0,2.0,21.0,41.0,190.0,80.0,230.0,235.0,245.0,250.0,240.0,2600.0,,,2625,2615,2700.0,,73.9346487956598,109.78172484679291,104.60965096281639,40.0,18.0,1.5,220,1.95,84.0,850.0,500.0
rPET BATCH 1,72.0,0.3,2.0,90.0,1.0,2.0,12.0,54.0,66.0,60.0,283.0,291.0,295.0,298.0,298.0,2250.0,,,2264,2250,2350.0,,107.91870213666095,163.5255206653615,142.07753546397916,45.0,12.0,1.4,150,4.17,60.0,500.0,355.0
rPET BATCH 1,72.0,0.3,2.0,90.0,1.0,2.0,11.9,80.0,67.0,120.0,283.0,291.0,295.0,298.0,298.0,2778.0,,,2800,2778,2885.0,,123.13305342321988,183.04857059509646,145.74952954419507,35.0,12.0,1.4,110,2.18,165.0,500.0,355.0
rPET BATCH 1,72.0,0.3,2.0,90.0,1.0,2.0,11.9,52.0,65.0,75.0,283.0,291.0,295.0,298.0,298.0,2778.0,,,2800,2778,2885.0,,105.75702834104754,166.01109298569696,135.57009242261844,35.0,18.0,1.5,130,2.25,155.0,500.0,355.0
rPET BATCH 1,72.0,0.3,2.0,90.0,1.0,2.0,11.7,59.0,61.0,80.0,283.0,291.0,295.0,298.0,298.0,2778.0,,,2800,2778,2885.0,,110.66611486156123,173.5428269903456,137.37919292692231,35.0,18.0,1.5,130,2.0,150.0,500.0,355.0
rPET BATCH 1,72.0,0.3,2.0,90.0,1.0,2.0,10.7,63.0,54.0,80.0,283.0,291.0,295.0,298.0,298.0,2778.0,,,2800,2778,2885.0,,112.20853050305426,176.2608463231865,137.95296034893184,35.0,18.0,1.5,120,2.2,152.0,500.0,355.0
rPET BATCH 1,72.0,0.3,2.0,90.0,1.0,2.0,10.5,68.0,46.0,80.0,283.0,291.0,295.0,298.0,298.0,2778.0,,,2800,2778,2885.0,,115.46494454947714,179.60773878741892,139.00925114393505,35.0,18.0,1.5,118,2.2,153.0,500.0,355.0
rPET BATCH 1,72.0,0.3,2.0,90.0,1.0,2.0,11.9,55.0,77.0,85.0,288.0,296.0,300.0,303.0,303.0,2758.0,,,2802,2778,2885.0,,111.12126900540511,170.31097861426133,140.87844616160754,35.0,18.0,1.4,130,2.45,145.0,500.0,355.0
rPET BATCH 2,72.0,0.3,2.0,90.0,1.0,2.0,10.0,69.0,72.0,120.0,285.0,290.0,295.0,300.0,300.0,2758.0,,,2802,2778,2885.0,,119.19657386320223,180.03862323139933,145.40558239719144,35.0,15.0,1.5,115,2.47,132.0,500.0,355.0
rPET BATCH 2,72.0,0.3,2.0,90.0,1.0,2.0,10.0,60.0,72.0,60.0,285.0,290.0,295.0,300.0,300.0,2758.0,,,2802,2778,2885.0,,113.7907863048618,180.264984287471,139.6793993226757,50.0,18.0,1.5,105,2.4,130.0,500.0,355.0
rPET BATCH 2,72.0,0.3,2.0,90.0,1.0,2.0,10.5,40.0,80.0,60.0,285.0,290.0,295.0,300.0,300.0,2758.0,,,2802,2778,2885.0,,107.00745989343079,161.0694995020585,137.20086387464042,50.0,18.0,1.5,110,2.5,130.0,500.0,355.0
rPET BATCH 3,72.0,0.3,2.0,90.0,4.0,2.0,10.5,42.0,80.0,50.0,282.0,288.0,292.0,295.0,295.0,2250.0,,,2279,2260,2340.0,,98.28380308605776,139.5898695113923,121.75230924172891,50.0,18.0,1.5,145,1.95,180.0,500.0,355.0
rPET BATCH 3,72.0,0.3,2.0,90.0,4.0,2.0,10.0,47.0,87.0,75.0,282.0,288.0,292.0,295.0,295.0,2470.0,,,2485,2475,2540.0,,103.95829320887539,158.46626631183136,130.4884364408765,35.0,18.0,1.5,120,2.2,145.0,500.0,355.0
rPET BATCH 3,72.0,0.3,2.0,90.0,4.0,2.0,10.0,47.0,84.0,75.0,282.0,288.0,292.0,295.0,295.0,2490.0,,,2900,2495,2570.0,,107.99075910117976,161.54512226444305,134.82686624126413,50.0,18.0,1.5,123,2.32,153.0,500.0,355.0
rPET 30/70,72.0,0.3,2.0,60.0,3.0,2.0,20.0,80.0,90.0,58.7,260.0,265.0,270.0,270.0,270.0,2401.0,,,2421,2401,2500.0,16.0,79.50467143472092,120.96624177832125,95.78072198389758,30.0,20.0,1.3,238,1.21,327.44,500.0,355.0
rPET 30/70,72.0,0.3,2.0,60.0,3.0,2.0,20.0,85.0,110.6,68.5,260.0,265.0,270.0,270.0,270.0,1702.0,1751.0,2501.0,2778,2822,2920.0,16.0,95.0,145.0,115.0,35.0,20.0,1.3,192,1.36,208.42,500.0,355.0
rPET 30/70,72.0,0.3,2.0,60.0,3.0,2.0,20.0,85.0,112.5,65.2,260.0,265.0,270.0,270.0,270.0,1198.0,1249.0,2299.0,2822,2832,2920.0,16.0,95.0,145.0,115.0,35.0,20.0,1.3,200,1.55,110.0,500.0,355.0
PBS,36.0,0.3,2.0,90.0,0.0,,16.0,29.0,181.0,60.0,235.0,245.0,255.0,255.0,260.0,2630.0,,,2700,2700,2800.0,14.0,72.72323078612243,99.03660033775556,104.19459940335616,75.0,20.0,2.0,150,1.68,175.0,0.0,0.0
PBS,36.0,0.3,2.0,90.0,0.0,,16.5,32.0,149.0,60.0,235.0,245.0,255.0,255.0,260.0,2650.0,,,2700,2700,2800.0,14.0,72.4073577734002,97.56125756836252,104.18724182194802,65.0,20.0,1.6,154,1.68,181.2,0.0,0.0
PBS,36.0,0.3,2.0,90.0,0.0,,16.5,31.0,145.0,60.0,235.0,245.0,255.0,255.0,260.0,2768.0,,,2812,2812,2915.0,13.0,73.27548920114683,100.35106290744736,104.98097590337007,65.0,20.0,1.5,143,1.79,191.92,0.0,0.0
PBS,36.0,0.3,2.0,90.0,0.0,,16.5,32.0,142.0,60.0,235.0,245.0,255.0,255.0,260.0,2720.0,,,2768,2768,2870.0,12.0,72.87308311083217,96.27992147055329,104.52162453952363,50.0,20.0,1.4,110,1.62,175.0,0.0,0.0
PBS,36.0,0.3,2.0,90.0,0.0,,16.5,45.0,146.0,120.0,235.0,245.0,255.0,255.0,260.0,2720.0,,,2768,2768,2870.0,12.0,73.20335551977945,101.33770771280865,99.80126676480265,50.0,20.0,1.4,180,1.48,190.0,0.0,0.0
PBS,36.0,0.3,2.0,90.0,0.0,,16.5,31.0,145.0,60.0,235.0,245.0,255.0,255.0,260.0,2768.0,,,2812,2812,2915.0,12.0,72.92848531621628,100.51288332087721,104.7104143397684,65.0,20.0,1.4,150,1.65,185.0,0.0,0.0
PLA + 0.1 Silano,72.0,0.3,2.0,60.0,3.0,2.0,13.0,77.0,215.0,30.0,215.0,218.0,222.0,225.0,228.0,900.0,1200.0,1700.0,2582,2577,2665.0,,75.0,105.0,85.0,15.0,18.0,1.3,150,1.6,37.0,500.0,355.0
PLA + 0.1 Silano,72.0,0.3,2.0,60.0,3.0,2.0,13.0,100.0,0.0,0.0,210.0,212.0,214.0,216.0,220.0,900.0,1250.0,1700.0,2582,2600,2665.0,,75.0,90.0,75.0,30.0,18.0,1.3,180,1.05,35.0,500.0,355.0
PLA + 0.1 Silano,72.0,0.3,2.0,60.0,3.0,2.0,10.0,100.0,0.0,0.0,210.0,212.0,214.0,216.0,220.0,900.0,1200.0,1650.0,2500,2530,2620.0,,75.0,90.0,75.0,40.0,18.0,1.3,150,1.0,23.0,500.0,355.0
PBS,36.0,0.3,2.0,90.0,0.0,,16.0,32.5,49.0,60.0,225.0,235.0,245.0,245.0,250.0,2400.0,,,2450,2440,2515.0,14.0,69.72223309315633,78.51245002100552,102.23519155374527,65.0,20.0,1.3,127,1.83,146.0,0.0,0.0
ADVANITE 53001,72.0,0.35,4.0,60.0,2.0,2.0,20.0,39.0,80.0,60.0,255.0,260.0,265.0,270.0,270.0,900.0,1100.0,2700.0,2975,2850,2953.0,,70.0,80.0,100.0,45.0,18.0,1.4,196,3.2,36.22,500.0,355.0
Reclado químico VELOR,72.0,0.35,2.0,60.0,2.0,2.0,11.9,30.0,185.8,60.0,285.0,290.0,295.0,300.0,305.0,2700.0,,,2725,2715,2800.0,20.0,97.35326599348839,146.8684372646484,130.19696826118042,10.0,18.0,1.25,120,2.73,123.67,500.0,355.0
Reclado químico VELOR,72.0,0.35,2.0,60.0,2.0,2.0,12.5,30.0,185.8,60.0,285.0,290.0,295.0,300.0,305.0,2700.0,,,2725,2715,2800.0,20.0,96.87594200856029,146.90803865660337,129.78314600861668,10.0,18.0,1.25,135,2.67,128.67,500.0,355.0
Reclado químico VELOR,72.0,0.35,2.0,60.0,2.0,2.0,12.4,30.0,185.8,60.0,285.0,290.0,295.0,300.0,305.0,2700.0,,,2725,2715,2800.0,20.0,95.72419354798706,145.0222784072027,128.65444194983883,10.0,18.0,1.25,134,2.86,133.0,500.0,355.0
Reclado químico VELOR,72.0,0.35,2.0,60.0,2.0,2.0,11.9,61.0,128.7,60.0,300.0,305.0,310.0,315.0,320.0,2700.0,,,2725,2715,2800.0,20.0,121.90259716382536,190.38930846211773,149.45307194881644,10.0,18.0,1.25,136,2.33,141.0,500.0,355.0
Reclado químico VELOR,72.0,0.35,2.0,60.0,2.0,2.0,11.7,65.0,127.0,60.0,300.0,305.0,310.0,315.0,320.0,2700.0,,,2725,2715,2800.0,20.0,122.1528433156781,190.69065479858935,148.79909464993565,10.0,18.0,1.25,137,2.43,153.0,500.0,355.0
Reclado químico VELOR,72.0,0.35,2.0,60.0,2.0,2.0,11.5,65.0,127.0,60.0,300.0,305.0,310.0,315.0,320.0,2700.0,,,2725,2715,2800.0,20.0,122.19111998596189,190.813014524723,148.57453238653665,10.0,18.0,1.25,135,2.37,155.67,500.0,355.0
PE ASPUN,72.0,0.6,4.0,105.0,0.0,,22.0,46.4,22.7,90.0,235.0,240.0,245.0,245.0,250.0,900.0,1000.0,2300.0,2800,2750,2830.0,,50.0,62.0,77.0,30.0,20.0,2.1,182,1.86,176.67,0.0,0.0
PE ASPUN,72.0,0.6,4.0,105.0,0.0,,21.5,46.4,21.2,90.0,235.0,240.0,245.0,245.0,250.0,900.0,1050.0,2350.0,2850,2835,2910.0,,50.0,62.0,77.0,25.0,20.0,2.1,135,2.07,162.0,0.0,0.0
PE ASPUN,72.0,0.6,4.0,105.0,0.0,,21.5,46.4,21.2,90.0,235.0,240.0,245.0,245.0,250.0,600.0,1050.0,2500.0,2900,2886,2920.0,,50.0,62.0,77.0,35.0,20.0,2.1,141,2.18,153.33,0.0,0.0
PE ASPUN,72.0,0.6,4.0,105.0,0.0,,20.5,46.4,21.2,90.0,235.0,240.0,245.0,245.0,250.0,600.0,1050.0,2500.0,2900,2886,2920.0,,50.0,62.0,77.0,35.0,20.0,2.1,145,2.17,151.78,0.0,0.0
PE ASPUN,72.0,0.6,4.0,105.0,0.0,,25.0,48.18,27.6,90.0,235.0,240.0,245.0,245.0,250.0,800.0,900.0,2700.0,3052,2915,3005.0,,50.0,62.0,77.0,45.0,20.0,2.1,157,2.1,143.0,0.0,0.0
PE ASPUN,72.0,0.6,4.0,105.0,0.0,,25.0,45.0,27.0,75.0,235.0,240.0,245.0,245.0,250.0,600.0,1000.0,2550.0,2876,2750,2855.0,14.0,70.0,60.0,50.0,35.0,24.0,1.8,170,1.65,161.7,0.0,0.0
PE ASPUN,72.0,0.6,4.0,105.0,0.0,,25.0,45.0,32.3,75.0,235.0,240.0,245.0,245.0,250.0,800.0,900.0,2700.0,3052,2915,3005.0,13.0,35.0,45.0,55.0,35.0,22.0,2.1,155,2.15,162.3,0.0,0.0
PE ASPUN,72.0,0.6,4.0,105.0,0.0,,25.0,45.0,32.3,75.0,235.0,240.0,245.0,245.0,250.0,1350.0,1400.0,2900.0,3100,2915,3005.0,13.0,50.0,60.0,70.0,35.0,22.0,2.1,165,1.91,190.0,0.0,0.0
PE ASPUN,72.0,0.6,4.0,105.0,0.0,,22.0,45.0,29.0,75.0,235.0,240.0,245.0,245.0,250.0,650.0,750.0,2900.0,3100,2930,3020.0,12.0,50.0,60.0,70.0,35.0,22.0,2.1,142,2.32,83.56,0.0,0.0
PE ASPUN,72.0,0.6,4.0,105.0,0.0,,22.5,45.0,31.0,75.0,235.0,240.0,245.0,245.0,250.0,650.0,750.0,2900.0,3100,2930,3020.0,12.0,50.0,60.0,70.0,35.0,22.0,2.1,150,2.22,101.89,0.0,0.0
SABIC M200024,72.0,0.6,4.0,105.0,2.0,2.0,22.5,47.0,16.3,87.4,217.0,220.0,218.0,215.0,220.0,500.0,700.0,1950.0,2150,2040,2135.0,10.0,50.0,60.0,70.0,42.0,22.0,1.9,200,1.3,110.67,850.0,500.0
SABIC M200056,72.0,0.6,4.0,105.0,2.0,2.0,22.5,35.0,28.7,36.6,217.0,220.0,218.0,215.0,220.0,650.0,850.0,2250.0,2925,2875,2940.0,10.0,55.0,65.0,75.0,10.0,20.0,1.9,166,2.1,124.33,850.0,500.0
SABIC M200056,72.0,0.6,4.0,105.0,2.0,2.0,20.0,35.0,20.7,65.0,217.0,220.0,218.0,215.0,220.0,650.0,730.0,2000.0,2775,2750,2835.0,10.0,65.0,75.0,85.0,20.0,20.0,1.9,135,2.49,65.67,850.0,500.0
SABIC M200056,72.0,0.6,4.0,105.0,2.0,2.0,22.5,40.0,51.9,85.0,217.0,220.0,218.0,215.0,220.0,650.0,730.0,2000.0,2740,2700,2835.0,10.0,65.0,75.0,85.0,45.0,20.0,1.9,170,2.0,110.0,850.0,500.0
SABIC M200056,72.0,0.6,4.0,105.0,2.0,2.0,22.5,40.0,56.0,64.2,217.0,220.0,218.0,215.0,220.0,650.0,730.0,2000.0,2600,2520,2610.0,10.0,65.0,75.0,85.0,45.0,20.0,1.9,190,1.85,103.93,850.0,500.0
SABIC M200056,72.0,0.6,4.0,105.0,2.0,2.0,30.0,45.0,74.9,56.1,217.0,220.0,218.0,215.0,220.0,650.0,730.0,2250.0,2900,2800,2610.0,8.0,65.0,75.0,85.0,55.0,20.0,1.9,200,2.2,123.68,850.0,500.0
SABIC M200056,72.0,0.6,4.0,105.0,2.0,2.0,30.0,45.0,74.9,56.1,217.0,220.0,218.0,215.0,220.0,650.0,730.0,2350.0,3000,2900,3000.0,8.0,65.0,75.0,85.0,55.0,20.0,1.9,196,2.27,112.67,850.0,500.0
PLA + CaCO3,72.0,0.3,2.0,90.0,2.0,2.0,20.0,44.0,58.0,70.0,225.0,230.0,235.0,240.0,240.0,2500.0,,,2520,2520,2600.0,,66.0406832921268,87.72058762290433,96.62539807462635,40.0,20.0,1.65,235,2.1,85.0,500.0,355.0
PLA + CaCO3,72.0,0.3,2.0,90.0,2.0,2.0,19.0,42.0,52.0,70.0,225.0,230.0,235.0,240.0,240.0,2500.0,,,2520,2520,2600.0,,66.1741658966771,87.42219868982366,96.65002610047225,40.0,20.0,1.65,230,2.05,85.0,500.0,355.0
PLA + CaCO3,72.0,0.3,2.0,90.0,2.0,2.0,18.0,40.0,46.0,70.0,225.0,230.0,235.0,240.0,240.0,2500.0,,,2520,2520,2600.0,,66.71454084102186,87.31259475108496,97.087120714037,40.0,20.0,1.65,215,2.1,85.0,500.0,355.0
PLA + CaCO3,72.0,0.3,2.0,90.0,2.0,2.0,18.0,42.0,52.0,70.0,225.0,230.0,235.0,240.0,240.0,2500.0,,,2520,2520,2600.0,,66.78266575037435,87.68709658109732,96.57836234173755,40.0,20.0,1.65,220,1.9,80.0,500.0,355.0
rPET,72.0,0.2,2.0,60.0,2.0,2.0,14.0,,150.0,70.0,275.0,,,,290.0,2809.0,,,2830,2810,2970.0,,,,,,,,145,1.71,236.0,500.0,355.0
rPET,72.0,0.2,2.0,60.0,2.0,2.0,13.0,,150.0,70.0,275.0,,,,295.0,2866.0,,,2880,2860,2970.0,,,,,,,,131,2.15,143.71,500.0,355.0
rPET,72.0,0.3,2.0,30.0,3.0,2.0,14.0,58.7,109.3,100.0,275.0,280.0,285.0,290.0,295.0,2810.0,,,2822,2812,2960.0,,104.33768528433033,161.54814705327044,135.83822202726728,20.0,18.0,1.3,140,2.8,140.0,500.0,355.0
PLA + CaCO3,72.0,0.3,2.0,90.0,2.0,2.0,18.0,40.0,50.0,70.0,225.0,230.0,235.0,240.0,240.0,2500.0,,,2520,2520,2600.0,,66.61555930025182,87.33165684019627,96.3283048640647,40.0,20.0,1.65,200,1.9,90.0,500.0,355.0
PLA + CaCO3,72.0,0.3,2.0,90.0,2.0,2.0,19.5,43.0,50.0,70.0,225.0,230.0,235.0,240.0,240.0,2530.0,,,2550,2550,2630.0,,67.06175811759128,88.45487632284178,95.97585561103242,40.0,20.0,1.65,220,1.7,95.0,500.0,355.0
PLA + CaCO3,72.0,0.3,2.0,90.0,2.0,2.0,19.5,41.0,50.0,70.0,225.0,230.0,235.0,240.0,240.0,2550.0,,,2570,2570,2650.0,,67.32176619390103,88.86070775384138,96.28322587852367,40.0,20.0,1.65,220,1.7,100.0,500.0,355.0
MP1924 + 0.3 TiO2,72.0,0.3,2.0,90.0,2.0,2.0,13.0,70.0,69.3,90.7,280.0,290.0,290.0,295.0,295.0,2800.0,,,2851,2837,2923.0,13.0,,,,,18.0,1.5,133,2.16,128.0,500.0,355.0
MP1925 + 0.3 TiO2,72.0,0.3,2.0,90.0,2.0,2.0,14.0,45.0,154.8,111.2,295.0,300.0,305.0,305.0,305.0,2780.0,,,2842,2837,2923.0,22.0,110.18827965133826,157.48014878834536,146.30709571999319,10.0,16.0,1.6,136,2.62,130.67,500.0,355.0
MP1925 + 0.3 TiO2,72.0,0.3,2.0,90.0,2.0,2.0,14.5,45.0,169.2,115.4,295.0,300.0,305.0,305.0,305.0,2740.0,,,2778,2758,2840.0,16.0,106.93013471164073,151.8630743606757,141.53142164345803,10.0,16.0,1.5,148,2.9,147.0,500.0,355.0
